text,label
I am still waiting on my card?,Cards
What can I do if my card still hasn't arrived after 2 weeks?,Cards
I have been waiting over a week. Is the card still coming?,Cards
Can I track my card while it is in the process of delivery?,Cards
"How do I know if I will get my card, or if it is lost?",Cards
When did you send me my new card?,Cards
Do you have info about the card on delivery?,Cards
What do I do if I still have not received my new card?,Cards
Does the package with my card have tracking?,Cards
I ordered my card but it still isn't here,Cards
Why has my new card still not come?,Cards
"I still haven't received my card after two weeks, is it lost?",Cards
Can you track my card for me?,Cards
Is there a way to track the delivery of my card?,Cards
It's been a week since I ordered my card and it's not here. Please help?,Cards
Will I be able to track the card that was sent to me?,Cards
I don't have my card in 1 week.  Should I be worried?,Cards
How do I know when my new card is going to arrive?,Cards
My new card has not been delivered to my home yet. What is going on?,Cards
It's been a week since you issued me a card and I still didn't get it. Should I keep waiting?,Cards
"On the card that is coming, what's the tracking info?",Cards
What is the status of my card's delivery?,Cards
Have you sent out my card yet?,Cards
My card isn't here yet.,Cards
where is my new card?,Cards
It's been a week since you sent my card and I still don't have it.,Cards
How do I track the card you sent me?,Cards
When will I recieve my new card?,Cards
When will I get my new card?,Cards
What is the expected delivery date for my card?,Cards
Is there a tracking number for the card you sent me?,Cards
I would like to track the card you sent to me.,Cards
Has my card been lost in delivery?,Cards
My new card hasn't came in.,Cards
Where is the card I ordered 2 weeks ago?,Cards
Can I get an update on my replacement card?,Cards
How long does it take for a new card to ship?,Cards
What's the tracking on the card you sent?,Cards
I haven't received my card and am worried it is lost.,Cards
My card still hasn't been delivered,Cards
I need to find out where the card is that I ordered.,Cards
Where is my credit card that was to be mailed?,Cards
I ordered my card but it hasn't been delivered yet,Cards
Am I able to track the card that was just sent to me?,Cards
Can you tell me why I haven't received my new card?,Cards
I'm still waiting for my new card.,Cards
Is my card lost? I am still waiting for it to be delivered.,Cards
Should I keep waiting for my card to be delivered?,Cards
Can I track when my card will be delivered?,Cards
How can I check on the status of my new card?,Cards
"A card has been sent to me, how do I track it?",Cards
Is there a way I can get my card expedited?,Cards
What can I do to track the card you sent me?,Cards
why hasnt my card come in yet?,Cards
How can I periodically check the delivery of the card you sent?,Cards
What's the reason my new card hasn't come?,Cards
How long does it take for me to get my new card?,Cards
I don't have my card after 1 week. What are my next steps?,Cards
I know I'm getting a new card but would like know when I can expect to receive it.,Cards
I want to find out what happened to my new card?,Cards
Was there a way for me to get tracking for that?,Cards
I am still waiting for my card.,Cards
My card hasn't arrived.,Cards
Can I track the card you sent to me?,Cards
I haven't gotten my new card.,Cards
How long should it take for my new card to arrive in them mail? What should I do if I never receive it?,Cards
Will I have to wait much longer for my new card to arrive?,Cards
how to track the card you sent,Cards
2 weeks ago I ordered my new card.  It isn't here.  What should I do?,Cards
How can I check on the delivery status of my card?,Cards
"My card has not been delivered yet and its been a week since I ordered it, please help",Cards
What's the expected wait time to recieve my new card?,Cards
How can I see the progress of delivery of the card that was sent?,Cards
"My card was supposed to arrive, but hasn't?",Cards
I ordered a card and would like to know how to track the delivery progress of it.,Cards
How long will it take for me to get my card?,Cards
My card hasn't shown up yet.,Cards
Does the card you sent have a tracking number?,Cards
My card hasn't arrived in the mail yet. I ordered it two weeks ago. What can I do?,Cards
maximum how many days get the courier?,Cards
Is there a reason my new card hasn't arrived yet?,Cards
"I've been waiting a while for my card, is there a way to know when it will arrive?",Cards
How can I track my card's delivery?,Cards
Can I track the card that was just sent to me?,Cards
"If I ordered my new card last week, how much longer should I wait to receive it?",Cards
"What's go on, where is my new card?",Cards
Where is my new card if I haven't received it yet?,Cards
Where is my card?,Cards
Can you tell me why I haven't received my new card yet?,Cards
Is there a way to track my card?,Cards
Is there a way to track the new card you sent me?,Cards
I'm still waiting for my card.,Cards
What do I need to do to get my new card which I have requested 2 weeks ago?,Cards
WHAT IS THE SOLUTION OF THIS PROBLEM,Cards
Could I get tracking on the card?,Cards
Can you help me track my card?,Cards
Shouldn't my new card be here by now?,Cards
Is there a reason my new card hasn't arrived?,Cards
"I would like to track a card sent to me, how do I do that?",Cards
Is there a tracking number for the card?,Cards
can you share card tracking number?,Cards
"I have not received my card and it's been a week, what do I do?",Cards
Is there a way I can check on the card on route to me?,Cards
When will my new card arrive?,Cards
Why haven't I received my new card yet?,Cards
What is the expected delivery date of my card?,Cards
My card hasn't came in the mail yet?,Cards
I haven't received my card.,Cards
Is it possible for me to track the card is was mailed to me?,Cards
When will my new card be delivered?,Cards
I was issued a card about a week ago. why hasn't it come in yet?,Cards
Can you please tell me where my card is? I ordered it 2 weeks ago!,Cards
I still haven't received my card in the mail,Cards
I'm still waiting for my card that was issued a week ago. What should I do?,Cards
I still haven't gotten my new card.  When will it get here?,Cards
Do you have a tracking number for the card I was sent?,Cards
How do I track the card you sent to me?,Cards
Is my new bank card on the way and is there a way to track it?,Cards
Could you send me and up date on the arrival of my card?,Cards
How long does it take to recieve my new card?,Cards
My card has not come in the mail yet.,Cards
What's the card you sent me's tracking number?,Cards
i havent got my card,Cards
Why hasn't my card arrived yet?,Cards
I thought I would have received my new card at this point.,Cards
How long until my new card gets here?,Cards
How much longer until I get my new card?,Cards
Am I able to track a card that has already been sent?,Cards
Is it possible to track the card you sent me?,Cards
How long will it be to get this new card?,Cards
how can i track card you sent,Cards
Can the card was sen to me be tracked?,Cards
why have i not got my new card?,Cards
I need to track the card sent to me.,Cards
"It's been two weeks and I haven't gotten my card, what do I do?",Cards
I was expecting my new card by now.,Cards
Where is the tracking number for the card?,Cards
I was issued a new card a week ago but still haven't received it. How long will it be until I receive it?,Cards
Can I track the card that you sent me in the mail?,Cards
Can you tell me if I can track the card you sent me?,Cards
Why have I not gotten my new card?,Cards
I'm still waiting on my new card to be delivered!,Cards
My new card isn't here and it was issued a week ago.,Cards
"I was supposed to receive my new card by now, but it hasn't came in.",Cards
Is a tracking number available for the card that was just sent?,Cards
Why haven't I gotten my new card?,Cards
Was there a number to track that I could get?,Cards
How much longer is it going to take to get my new card?,Cards
I haven't gotten my credit card in the mail.,Cards
My card hasn't arrived yet. What do I do?,Cards
"My card still hasn't arrived after two weeks, now what?",Cards
My card appears to have never arrived?,Cards
My card never arrived.,Cards
My card has been found. Is there any way for me to put it back into the app?,Cards
I was able to find my card. How to I go about putting it into my app?,Cards
how do I get my card to show in the app?,Cards
I just got my card.  It's not linked yet--how do I do that?,Cards
"lost card found, want to put it back in app",Cards
"I just got a card, how can I add it to the app?",Cards
Is there any way to see my card in the app?,Cards
If I find a card I lost do I need to dispose of it? Or can I re-active the card and continue to use it?,Cards
I found my card. How can I put it into my app?,Cards
How do I make my card show up in the app?,Cards
Can you show me where to link the new card?,Cards
I found my old card. Can I link it back into the app?,Cards
"Show me how to link the new card,",Cards
How do I add an existing card to the app?,Cards
I finally got my card.  Now I want to link it.  Is that something you have to do or can I do that?,Cards
How do I link one of your card that I already have?,Cards
If I have a physical card can I link it?,Cards
I found my lost card in my jacket pocket this morning so I'd like to reactivate it please.,Cards
Can I add a card that I just found (again) to the app?,Cards
How can I make my card show up in the app?,Cards
"I would like to re-activate my card, it was previously reported  lost but I found it this morning.",Cards
"Okay, I found my card, can I put it back in the app?",Cards
Can I reactivate a card?,Cards
I would like to reactivate a card and wondered if that could be done?,Cards
"I got my card now, how do I make it show up in the app?",Cards
How do I link an existing card?,Cards
How do I link a new card in the app?,Cards
"The card I thought was lost was just in my jacket, so can I reactivate it since I found it this morning?",Cards
I already have a card and want to link it,Cards
Can you please reactivate my card?,Cards
Where do I go to add a new card?,Cards
I want my card I just received to show up in the app. How do I do that?,Cards
"I received my card, how do I get it to show in the app?",Cards
If I have a credit card with you how I get set up to link to it?,Cards
How do I add my new card?,Cards
"I want to reactivate my card, I thought I had lost it but found it again this morning.",Cards
"I need a card reactivation, I had reported my card lost but I ran across it in my jacket.",Cards
My card is no longer lost. How do I enter it back into the app?,Cards
"I want to reactivate my card, I thought I had lost it but found it again in my jacket.",Cards
"May I reactivate my card? I previously reported it lost, but have now found it safe and sound.",Cards
How do I reactivate a card I thought I lost?,Cards
Help me figure out how to link the new card.,Cards
I found my lost card. Am I still able to use it?,Cards
Will I need a new card or can I put my old card back into the app?,Cards
Is there a way to link the card i just got?,Cards
How do I add a new card?,Cards
"I want to reactivate my card, I found it after thinking it was lost.",Cards
Can I put my old card back in the app?,Cards
"I got a new card, how do I link it?",Cards
I found the card I thought I lost this morning. Can I reactivate this card?,Cards
How do i go about linking a new card?,Cards
how do i get the card linked,Cards
"I have one of your cards, but I don't know how to link it.",Cards
how do I link an old card?,Cards
I received my card. How do I link it to the app?,Cards
"Now that I have my card, how do I connect it to the app?",Cards
How do I add the card I just received to show up in the app?,Cards
"I want to reactivate my card, I thought I had lost it but I found it.",Cards
What do I need to do to link my new card for my account?,Cards
Can I add a card to back into the app?,Cards
I want to link my new card. Can you help?,Cards
What is the process to link the new card?,Cards
"I found my card, am I able to put it back into the app?",Cards
"I have found my lost or stolen card, would I still have to activate the new card that was sent to me through the mail in order to access my account?",Cards
Where can I link a new card?,Cards
How do I add a card on to the app?,Cards
"I found my card in my jacket this morning, so can I reactivate it?",Cards
"I've obtained the card, how do I enable it on the app?",Cards
I need to find the card I received in the app.,Cards
How do I get my card on the app?,Cards
"In the app, how can I make it show the new card that arrived?",Cards
How do I link my new card?,Cards
Can I activate a card in the app?,Cards
"I want to link to my card card with you, how?",Cards
I would like to link my card to my account.,Cards
"I thought I lost my card so I cancelled it, but recently I found it in my jacket and I would like to re-establish the card.",Cards
How can I link the new card?,Cards
I got a new card and can't find where to link it.,Cards
"Hey, I have my card, how do I get it to show in the app?",Cards
Where in the app do I go to make my new card show up?,Cards
Where do I scan my card?,Cards
Can I reactivate my card? I reported it lost and found it this morning in my jacket.,Cards
Can I link my card I previously received?,Cards
"I want to reactivate my card, I thought I had lost it but found it again in my jacket this morning.",Cards
"I'd lke my card reactivated, I was thinking it was misplaced but I discovered when I woke up that I had left it in my coat.",Cards
You sent me a card and now I want to link it.,Cards
How do I add my new card to the app?,Cards
Can I add a card back to the app?,Cards
What if I want to add a card I already have to the app?,Cards
"I recently reported my card as missing/lost, and I just found it. Can I still use it?",Cards
"Could I reactivate my card please, I couldn't find it but it turns out it was in my jacket pocket.",Cards
Is there a way to link cards if I have one of yours?,Cards
If my card was lost or stolen can I re-link it?,Cards
How do I link a new card to an existing one?,Cards
How do I link a new payment card?,Cards
I would like to reactivate my card that I previously reported lost. I located the card this morning.,Cards
"Card has been received, how will it show up on the app?",Cards
Can I re-link a lost card with the app?,Cards
What do I do to link my new card?,Cards
Is it possible to link a new card?,Cards
I deactivated my card but would like to reactivate it.,Cards
"I found my card that I thought I had lost, I need to reactive it, please help.",Cards
can I link a card of yours I already have?,Cards
Can I put my found card back into the app on my phone?,Cards
"My card arrived but I need to make it work in the app, how do I do that?",Cards
"I found the card that I thought I lost, and I would like to reactivate it.",Cards
I found my card again. Can I put it back into the app?,Cards
I need some help linking my new card.,Cards
help me link my card,Cards
How do I link my card in the app.,Cards
How do I get my card into the app?,Cards
I found my card! Can I link it back into the app?,Cards
How do I reactivate my card?,Cards
Where do I go to get my new card linked?,Cards
"I thought I lost my card but I found it today, so I would like to reactivate it.",Cards
How do I link the new card that I just got from you guys?,Cards
How can I add a new card?,Cards
Can you tell me how to get my card on the app?,Cards
Is it possible to reactivate the card I thought I lost but found this morning in my jacket?,Cards
How do I make my card appear on the app?,Cards
How do I link the new card?,Cards
Where in the app do I link a new card?,Cards
How do I add my card to the app once I get it?,Cards
Can I link your physical card,Cards
How do I activate and link my new card?,Cards
"I got a card, how do I get it in the app?",Cards
I received my new card.  Where is it in the app?,Cards
"I found my card, how can I use it again?",Cards
"I just received a new card, where do I go to link it to my account?",Cards
"found card, how to put it back in app",Cards
How do I see my card in the app?,Cards
"The card I thought I lost was in my jacket pocket this morning, so can I reactivate that?",Cards
I don't see my card anywhere in the app.,Cards
"I received my card, how do I get it to work in the app?",Cards
What do I do if I already had a card with you guys?,Cards
if i found a lost card can i put it back in app,Cards
I have a card that was deactivated can I reactivate it?,Cards
"My new card isn't in my app, how do I get it in there?",Cards
Help me access the card I already got so I can information from it.,Cards
What is my money worth in other countries?,Payments
Will my money be of equal value when I travel abroad?,Payments
Do you know the rate of exchange?,Payments
What foreign exchange rate will I get on weekdays and on the weekends?,Payments
What is the exchange looking like?,Payments
How is the exchange rate doing?,Payments
I would like to know how exchange rates are calculated when transferring funds.,Payments
I would like to know what exchange rates you use?,Payments
"If I need to cash foreign transfers, how does that work?",Payments
Do you know what your exchange rates are?,Payments
How do I know what exchange rate I will get?,Payments
What are you exchange rates?,Payments
Do you have the best exchange rate?,Payments
Where can I find your exchange rates?,Payments
Your exchange rates come from where?,Payments
I need to know what your exchange rates are.,Payments
What's the process for exchanges?,Payments
What do you think of the exchange rate?,Payments
How are exchange rates calculated at this bank?,Payments
What do you use to figure out the exchange rate for the card?,Payments
What's the foreign exchange rate I will receive?,Payments
I need to know what foreign exchange rate I can get.,Payments
What are the current exchange rates?,Payments
What exchange rate will I receive?,Payments
What is the basis of your exchange rates?,Payments
How's the exchange rate?,Payments
How do you determine your exchange rates?,Payments
How do the foreign exchange rates work?,Payments
Where are you getting your exchange rates from?,Payments
How is the exchange rate calculated?,Payments
I'm interested in what your exchange rates are based on.,Payments
How do you decide what the exchange rates are?,Payments
What is the current exchange rate?,Payments
What is the formula for your exchange rate?,Payments
What method do you use for the exchange rate?,Payments
What are Interbanks current exchange rates?,Payments
from where are coming your exchange rates?,Payments
How do you calculate exchange rates?,Payments
Why is your exchange rate different on different days?,Payments
Where can I find the exchange rate for my transfer?,Payments
Where can I get your exchange rates from?,Payments
How do you find the exchange rate?,Payments
How are exchange rates determined?,Payments
What value can I get for my currency?,Payments
Please explain your exchange rate policy.,Payments
What are your exchange rates calculated from?,Payments
What is an exchange rate?,Payments
What is your opinion on the exchange rate?,Payments
What are the exchange rates you assign?,Payments
How do you determine exchange rates?,Payments
How are your exchange rates calculated?,Payments
How is an exchange rate calculated?,Payments
"When exchanging, how much are the rates?",Payments
What is the exchange rate for EUR?,Payments
How can I find your exchange rates?,Payments
Could you please tell me your exchange rates?,Payments
Is there an exchange rate?,Payments
How does the exchange rate work?,Payments
What is the present state of the exchange rate?,Payments
How are foreign exchange rates determined?,Payments
How's the exchange rate looking right now?,Payments
Please explain the exchange rates.,Payments
What is the foreign exchange rate you will apply?,Payments
explain the interbank exchange rate,Payments
What will my exchange rate be?,Payments
how do you get exchange rates,Payments
What exchange rates do you use?,Payments
How will I know what the exchange rate is?,Payments
What factors effect the exchange rate?,Payments
Where does the exchange rate stand right now?,Payments
I'd like to know what the foreign exchange rate will be.,Payments
Does the exchange rate change?,Payments
How do your exchange rates factor in?,Payments
Will I know which exchange rate I will get?,Payments
How do I know what the exchange rate will be when I make an exchange.,Payments
Is the exchange rate the same on weekends as the weekdays?,Payments
How do you do exchanges?,Payments
On what do you base your exchange rates?,Payments
How do you come up with your exchange rate,Payments
What factors determine your exchange rate?,Payments
How are the exchange rates determined?,Payments
I would like to know what your exchange rates are.,Payments
Is the exchange rate current?,Payments
What are the exchange rates?,Payments
How much are the rates of exchange?,Payments
How do you decide what your exchange rates are?,Payments
Your exchange rates are coming from where?,Payments
Is there a specific source that the exchange rate for the transfer I'm planning on making is pulled from?,Payments
How are the exchange rates for transfers calculated?,Payments
How do I know how much money I will have when I travel abroad?,Payments
How do you do currency exchanges?,Payments
Can you explain your exchange rates basis?,Payments
How did you guys get your exchange rate?,Payments
Can you tell me your exchange rates?,Payments
Could you tell me what your exchange rates are?,Payments
Does this app have the same exchange rate as third parties?,Payments
what are your exchange rates at?,Payments
How is the current exchange rate?,Payments
What is the system for determining the exchange rate?,Payments
I am travelling and I was wondering what your exchange rates are,Payments
How can I tell what foreign exchange rate I will get?,Payments
Tell me your opinion on the exchange rate.,Payments
I'd like to know what you guys look at to decide an exchange rate,Payments
How does the exchange rate work on this app?,Payments
where do you find your exchange rates?,Payments
I want to know your exchange rates.,Payments
What exchange rate is it?,Payments
What is the source of your exchange rates?,Payments
i need to know about exchange rates,Payments
Where do you get those exchange rates?,Payments
How do you determine the exchange rate?,Payments
What foreign exchange rate will I get?,Payments
"Last Saturday, I was charged extra for the exchange rate on my payment. Is something wrong?",Disputes
"Hi, I am disappointed to see such a bad exchange rate and hope you can assist me. Would you be able to confirm the official interbank exchange rate for me?",Disputes
I think the currency exchange that's been applied is wrong.,Disputes
The exchange rate I was charged for a purchase was not right.,Disputes
Can you please explain why the exchange rate for the item I bought is wrong?,Disputes
I think something went wrong with my exchange between Russian Ruble and UK pounds. I was overcharged during the swap.,Disputes
My payment has an incorrect exchange rate.,Disputes
my exchange rate looks wrong for my last payment,Disputes
The exchange rate you are using is bad.This can't be the official interbank exchange rate.,Disputes
I was charged the wing amount for an item.,Disputes
the exchange rate on my payment was wrong,Disputes
Why is the exchange rate terrible?  That can't be close to the actual interbank rate.,Disputes
An incorrect exchange rate was applied to an item I bought.,Disputes
The exchange rate was incorrect for an item I bought.,Disputes
The exchange rate on my payment doesn't look right,Disputes
"I just saw the exchange rate you use, but it's so bad that I can't believe that it's the official interbank exchange rate! Is this truly the official interbank exchange rate?",Disputes
This exchange rate you use is awful! Please tell me this is a mistake and not the official interbank exchange rate!,Disputes
After purchasing an item I noticed the exchange rate was incorrect.,Disputes
The amount of exchange was not correct for the item i bought.,Disputes
The exchange rate from my card payment isn't right.,Disputes
My exchange rate isn't correct.,Disputes
Why was the exchange rate so wrong when I bought something!,Disputes
My exchange rate was wrong for an Item I bought!,Disputes
I was using a foreign currecy to make a payment and the applied the wrong rate.,Disputes
The exchange rate was incorrect for this item I bought.,Disputes
I purchased something overseas and the incorrect exchange rate was applied.,Disputes
The exchange rate is incorrect for my payment.,Disputes
The item i bought exchanged rate was incorrect.,Disputes
I'm on holiday and I noticed a different amount for exchange rate.  Can you explain?,Disputes
I bought something in another country but the exchange rate is wrong,Disputes
I bought an item and the exchange rate was wrong.,Disputes
Exchange rate for my card payment is wrong,Disputes
the exchange rate at which my card payment is at is wrong,Disputes
There was a problem with the exchange rate on a purchase.,Disputes
"I recently purchased something, and the exchange rate was wrong.",Disputes
What if there is an error on the exchange rate?,Disputes
Why is my exchange rate wrong?,Disputes
Please check my payment from last Saturday as I feel I have been overcharged on the exchange rate.  Thank you.,Disputes
I used foreign currency to buy something and I think the rate applied is incorrect.,Disputes
This exchange rate on my purchase is wrong.,Disputes
Why is your exchange rate so bad?,Disputes
The exchange rate looks wrong on a holiday purchase,Disputes
"I purchased something abroad, and the exchange rate that was applied was wrong.",Disputes
I bought something and I take issue with the exchange rate applied.,Disputes
I think there has been a mistake on my exchange rate for this purchase.,Disputes
You did not give me the correct exchange rate for an item that I bought.,Disputes
I checked on google and the exchange rate you are using is really bad. Can you update it?,Disputes
"I seem to have been charged to much for my holiday purchases, the exchange rate is wrong.",Disputes
"In regards to my card payment, the exchange rate is incorrect.",Disputes
I bough an item and the exchange rate was incorrect.,Disputes
Why did you charge me more for my purchase? It was a foreign currency and you didn't offer market rate,Disputes
I question today's exchange rate for rubles into pounds. I was hoping for a better return.,Disputes
I feel as though I have been over charged for the exchange rate on my payment on last Saturday.,Disputes
My currency rate is inaccurate.,Disputes
The currency exchange rate was wrong for a purchase I made.,Disputes
I purchased something abroad and the incorrect exchange rate was applied.,Disputes
Your exchange rate was off.  I was charged extra on my payment that I made last Saturday.,Disputes
I was charged the wrong exchange rate on a purchase,Disputes
Can you change the rate for the item I bought in a different currency as it is wrong?,Disputes
The currency exchange for my purchase in foreign currency is incorrect.,Disputes
I noticed the currency exchange rate was incorrect after paying for something in a foreign country.,Disputes
My foreign currency exchange has been applied incorrectly.,Disputes
Why isn't my purchase exchange rate correct?,Disputes
I noticed that the exchange rate applied to a recent purchase I made abroad was incorrect.,Disputes
"I purchased something while traveling, and the exchange rate applied was wrong.",Disputes
Why is the exchange rate different on my recent purchase?,Disputes
The fee charged when I changed rubles into British pounds was too much.,Disputes
I wasn't charged the correct exchange rate for an item I purchased.,Disputes
Does the fee for exchange change?,Disputes
The rate applied to my purchase in a foreign currency was wrong.,Disputes
"I bought something while traveling, and the exchange rate was wrong.",Disputes
something is wrong with my exchange rate charge,Disputes
Seems like the exchange rate for my payment last Saturday was wrong. I was charged extra.,Disputes
It seems that something went wrong with my exchange. I changed Russian Ruble into UK pounds but have been charged entirely too much!,Disputes
I bought an item then noticed the exchange rate was wrong.,Disputes
The exchange rate applied is wrong for my international purchase.,Disputes
My card payment had the wrong exchange rate,Disputes
They used the wrong rate when I made a purchase with foreign currency.,Disputes
Does the exchange rate change each day for purchases? There is a different rate on my purchase.,Disputes
It seems that the rate I got is incorrect.,Disputes
I exchanged Russian rubles for British pounds today and got less than I expected. Was exchange rate correct?,Disputes
Was I charged more than I should of been for a currency exchange?,Disputes
What do i do if the exchange rate was wrong for the item i bought overseas?,Disputes
My client was converting their Russian ruble into UK pound currency when they noticed their bill was much too high for the exchange. What happened?,Disputes
I have been overcharged. I just changed over Russian Ruble to UK pounds and it was too much. It seems something was wrong with my exchange.,Disputes
What is your exchange rate between UK pounds and Russian rubles for my last transaction,Disputes
I think there was an error in your exchange rate.,Disputes
The exchange rate was not correct for the item I bought.,Disputes
I noticed an extra charge on the purchase that I made last Saturday on my account. Can you see if I received the correct exchange rate?,Disputes
My exchange seems to have something wrong with it. I changed over Russian Ruble to UK pounds and it appears I was charged way more than I was supposed to be.,Disputes
The correct exchange rate wasn't given to me for an item I purchased.,Disputes
"I bought something in another currency, but the exchange rate was incorrect.",Disputes
the exchange rate is wrong from something I got in another country,Disputes
"The exchange rate given to me after a purchase, was incorrect",Disputes
My card payment has the wrong exchange rate,Disputes
I have been charged way to much so something is apparently wrong with my exchange. I changed Russian Ruble into UK pounds.,Disputes
Why is the exchange rate different from what I expected?,Disputes
The exchange rate you are using is really bad.This can't be the official interbank exchange rate.,Disputes
Please check the exchange rate for my payment last Saturday. I believe I have been overcharged.,Disputes
Why was I charged extra on my last UK pound to Russian ruble exchange?,Disputes
The wrong exchange rate was used when I purchased an item.,Disputes
Why was the wrong rate applied when I bought something in a different currency?,Disputes
I bought something abroad and the exchange rate applied is wrong,Disputes
An item I bought had the wrong exchange rate applied.,Disputes
I think the rate that was applied to my purchase using foreign currency is wrong. Help!,Disputes
Why was my exchange rate a different amount than usual?,Disputes
I want to change the wrong exchange rate.,Disputes
I recently bought something abroad but the exchange rate is incorrect. Why?,Disputes
"The exchange rate you're using is terrible - this can't be the official interbank exchange rate, can it?",Disputes
I did not receive the correct amount for the exchange rate.,Disputes
"I guess exchange rate for my payment was not correct, as i charged extra on the last saturday.",Disputes
The exchange rate for my payment last Saturday must be wrong because I was charged extra.,Disputes
Are you sure this is the interbank exchange rate? This rate is really bad.,Disputes
The exchange rate you are using is really bad. This can't possibly be the official interbank exchange rate.,Disputes
I believe you charged me too much to exchange my money,Disputes
"I changed the currency, but why is it costing more?",Disputes
Why was the exchange wrong for the item I purchased?,Disputes
"I made an international purchase, but the exchange rate was wrong",Disputes
My purchase used the wrong exchange rate,Disputes
"I have been charged to much for the object I bought when abroad, the exchange rate seems to be wrong.",Disputes
I made a purchase and was charged at the wrong foreign exchange rate.,Disputes
I think that the exchange rate was wrong for the payment made last Saturday - I was charged extra.,Disputes
Why is the exchange rate for my payment incorrect?,Disputes
Your foreign exchange rate is wrong.,Disputes
It looks like the exchange rates on my card payment are wrong,Disputes
There's an error with the rate that is charged.,Disputes
I bought an item at the wrong exchange rate.,Disputes
I think the exchange rate on my card payment is incorrect.,Disputes
I bought an item that I was charged a different exchange rate for.,Disputes
I am not receiving the correct exchange rate on my card.,Disputes
When I purchased a product in another country the currency exchange was incorrect.,Disputes
The exchange rate used on your app is really bad. I'm considering closing my account because of it.,Disputes
I think I was charged extra on my payment on last Saturday.  Maybe the exchange rate was wrong?  I'd like a refund.,Disputes
I received the wrong exchange rate for an item i bought.,Disputes
Are you ripping people off with the exchange rate?  It can't be that atrocious between banks.,Disputes
I don't think the charges made when I had currency exchanged are right.,Disputes
Why am I being charged the wrong currency exchange when I purchased something abroad?,Disputes
The exchange rate for my card payment doesn't seem right.,Disputes
"When I bought something abroad, the exchange rate was wrong.",Disputes
I didn't receive the correct exchange rate for an item that I bought.,Disputes
Why is the exchange rate on my card wrong?,Disputes
I am being charged the wrong amount on my card.,Disputes
The exchange rate is incorrect on an item I recently purchased in a foreign country.,Disputes
The exchange rate is incorrect for something I bought,Disputes
My payment had a wrong exchange rate.,Disputes
The exchange rate for my electronic payment is incorrect.,Disputes
Why was I charged a higher exchange rate when I bought something abroad?,Disputes
Why didn't I receive the correct exchange rate for an item that I purchased?,Disputes
Why is the exchange rate on my card payment different than I expected?,Disputes
My rate of exchange was wrong.,Disputes
I recently bought something in foreign currency and I am unsure of the exchange rate. Is this rate applied correctly?,Disputes
I purchased something abroad but the exchange rate is incorrect.,Disputes
A foreign purchase I made has the incorrect rate applied to it.,Disputes
"When I was traveling abroad, the exchange rate was applied wrong.",Disputes
There's an error in regards to the exchange rate for an item I bought.,Disputes
"Last Saturday, I made a payment and the exchange rate was wrong.  I was charged too much.",Disputes
The exchange rate is bad. Are you sure this is the exchange rate?,Disputes
I purchased an item and the exchange rate was wrong,Disputes
Exchange rate on a purchase was incorrect,Disputes
"I'm going on a trip soon and I needed to convert my Russian ruble to UK pounds, but when I did, your company charged me above the exchange rate. Did you mess up my transaction?",Disputes
I was charged extra. Was the exchange rate for my payment last Saturday wrong?,Disputes
The exchange rate that was applied for an international purchase was wrong.,Disputes
"Hello, I believe there has been a mistake made on the exchange rate for my card. Could you please check the official interbank exchange rate for me?",Disputes
Why am I being charged more on exchange with things I bought abroad?,Disputes
"I  have been charged more than I should for the presents I bought  when abroad, the problem seems to be the exchange rate.",Disputes
I made a purchase but the exchange rate is wrong?,Disputes
Why on earth is the exchange rate so bad?   Can I get a rate closer to the actual interbank rate?,Disputes
Why is there an extra fee on my statement?,Disputes
Why did they charge me an extra $1?,Disputes
Why is there a 1 euro fee on my statement?,Disputes
Why do I see an extra £1 charge on my statement?,Disputes
I am inquiring about a $1 charge on my statement.,Disputes
What is the $1 transaction on my account?,Disputes
What is this extra pound charge for?,Disputes
I was charged $1 in a transaction.,Disputes
What is the reason for the extra fee on my statement?,Disputes
There is a pending 1£ charge on my statement.  I haven't purchased anything for 1£.  Why is it on my statement?,Disputes
Have have a small charge on my account from someone I purchased with but I'm not sure what it relates to.,Disputes
"I have a strange transaction for £1 on my statement, what is that?",Disputes
I have no idea why there is a dollar that has been charged to my account.,Disputes
I have been charged a pound for something that appears on my statement,Disputes
Why is there a $1 charge on my statement?,Disputes
Where did this extra €1 fee on my statement come from?,Disputes
Is there a reason why there is an extra £1 charge on my account?,Disputes
Can you tell me what this fee is on my statement?,Disputes
Why has another fee been placed on my statement?,Disputes
There has been a charge pending on my account statement that I can't figue out it's for a dollar.,Disputes
€1 was in my statement as an extra fee.,Disputes
Why is there an extra charge on my statement.,Disputes
"Hey, I got charged extra for some reason when I purchased an app. Is this a hidden fee or something? I don't think it's very cool.",Disputes
I see a $1 charge in a transaction.,Disputes
I had to pay a pound more than I anticipated!,Disputes
There is a €1 extra fee in my statement,Disputes
My statement contained a one pound extra fee,Disputes
I checked my account today and saw that I was charged an extra pound that I did not spend.,Disputes
What is the extra €1 on my statement for?,Disputes
I see I was charged $1 for a transaction.,Disputes
$1 charge in transaction.,Disputes
"I just looked at my app and it seems I was charged extra, why is that?",Disputes
Why is there an extra pound charge that is pending?,Disputes
I was wrongfully charged one pound.,Disputes
Why is there an extra fee charged?,Disputes
"I just checked my statement and saw a $1 charge, why is it there?",Disputes
There is an odd 1£ charge that appears as pending on my statement. What's the reason for that? I haven't purchased anything for a pound.,Disputes
Why have I been charged an extra pound?,Disputes
I think I may have been charged $1 extra on my app.  Could you provide some insight as to why this may have happened?,Disputes
Why do I see an extra €1 charge on my statement?,Disputes
Is the 1 pound charge I can see an error or an incorrect entry?,Disputes
Why did I get a $1 extra fee on the statement?,Disputes
Why was I charged $1 in a transaction?,Disputes
why is there a service fee on my statement?,Disputes
"My statement shows a 1£ purchase pending. I do not remember making this purchase, please let me know what this is about.",Disputes
I am seeing and extra 1$ charged to my account and wanted to know about it.,Disputes
Why did you charge me extra?,Disputes
An extra pound was charged!,Disputes
I got billed an extra pound!,Disputes
Why do I see an extra fee on my statement?,Disputes
"There must have been a mistake, why was I charged an extra pound?",Disputes
"When I look at my statement there is an extra fee, that is for what?",Disputes
There is an extra small charge on my card! What do I do?,Disputes
"I looked at my statement, and there is a charge for 1£ that I don't recognize.  Why is it on there?",Disputes
I got a €1 extra fee in my statement,Disputes
What is the extra fee on my statement?,Disputes
Why have I been charged an extra £1?,Disputes
"In my statement, I got a €1 extra fee.",Disputes
Why is there a charge for $1 on my account?,Disputes
"On my statement, there is a strange 1£ charge that appears as pending. What's causing that? I haven't purchased anything that's just a pound.",Disputes
what was the $1 fee i got,Disputes
I see a charge of 1L I do not recognize on my statement,Disputes
I was overcharged one extra pound!,Disputes
I noticed an extra pound charge?,Disputes
I have been charged an extra pound!,Disputes
Why does my statement show a $1 charge on my account?,Disputes
Why has my card been charged an extra pound?,Disputes
Why does my statement have an extra fee?,Disputes
There is a  €1 fee on my account I didn't authorize,Disputes
I was made to pay an additional pound!,Disputes
I was charged an extra pound for no reason. Why is that?,Disputes
It appears I have a fee in my statement.,Disputes
When did I get a $1 extra fee on my statement?,Disputes
What is this fee debit on my account?,Disputes
I was charged an extra dollar on my account and would like to know the reason.,Disputes
What is this extra €1 fee about?,Disputes
I was overcharged a pound.,Disputes
Why do i have an extra fee on my statement?,Disputes
What was the $1 charge for on my statement?,Disputes
I had a dollar charged to my account that's still pending and wanted to know what the charge is for?,Disputes
I was charged extra or a hidden fee when I purchased something from you. What's the deal? I didn't authorize that charge.,Disputes
What am I being charged an extra pound when I haven't bought something worth that much?,Disputes
why was i charged a small amount,Disputes
Do you also have this extra fee on your statement?,Disputes
Why did I get charged one pound seemingly randomly?,Disputes
Why was I charged an extra pound?,Disputes
I am being charged a pound out of nowhere. What is this?,Disputes
A pending charge of 1L appears on my statement.  Please explain as I have not made a purchase for that amount,Disputes
Why did you guys charge me an extra €1?,Disputes
Why was I charged more than I should have been?,Disputes
What is the fee on my statement for?,Disputes
"Hello, there seems to be a billing mistake associated with my account.  My app was charged $1 more than it should have.  Could you please explain why this may have happened?",Disputes
Why is there a pending hold on one pound on my statement?,Disputes
I need some help figuring out what this strange payment is on my account. It's stays pending and won't go away.,Disputes
What is this $1 charge on my account?,Disputes
There is a 1£ charge that appears as pending on my statement. What is that? I haven't purchased anything for a pound there.,Disputes
Why did a transaction I made charge me $1?,Disputes
"There seems to be an additional charge of £1 on my statement, what is the reason for this?",Disputes
I still have not received an answer as to why I was charged $1.00 in a transaction?,Disputes
Why does my statement show an extra fee?,Disputes
"There's an extra fee on my statement, why is that?",Disputes
There is some odd 1£ charge that appears as pending on my statement. What's that about? Pretty sure I haven't purchased anything for a pound there.,Disputes
There is a pending payment on my account that is very strange. I don't remember making this and it won't go away. Can you help me figure this out?,Disputes
Can you tell me about why the account I have was charged an extra 1$,Disputes
why does my statement contain an extra fee?,Disputes
Can you tell me why I was charged $1 for a transaction?,Disputes
Why is there an extra €1 fee in my statement?,Disputes
"There is an extra charge on my account I didn't authorise, it's just £1, what is it?",Disputes
What is the dollar that I have pending on my statement there?,Disputes
"I see an extra $1  charge on my statement, why is this?",Disputes
Can you please explain to me why there is an extra €1 fee in my statement?,Disputes
"There is an unexplained $1 charge on my statement, can you please explain this to me?",Disputes
How can I find out about an extra fee on my statement?,Disputes
"Hello, I see that I have been charged an extra $1 on my app.  Could you please provide me with a reason for this charge?",Disputes
"In my statement, there was an extra €1 fee",Disputes
Is there a reason there's an extra fee on my statement?,Disputes
What is this extra fee on my statement.,Disputes
What does the €1 fee mean?,Disputes
"There's a €1 fee on my statement, why?",Disputes
Why was I charged an additional $1?,Disputes
I checked my statement and am being charged one pound. Where did this charge come from?,Disputes
I do not know why I was charged for the $1 transaction.,Disputes
I wanted to know about a pending dollar that is on my statement.,Disputes
"I'm pretty frustrated about a pound charge that keeps  showing up in my account statement. It's listed in the app as ""pending"", it never changes, and now I'm thinking someone's hacked my account!",Disputes
How come there is a $1 extra charge on my statement?,Disputes
I was charged an extra pound.,Disputes
There is a charge for an additional pound.,Disputes
There is a strange 1£ charge that appears as pending on my statement. What's the cause for that? I haven't purchased anything for a pound.,Disputes
I need to know what these extra charges are on my statement?,Disputes
How come there is an extra fee on my statement?,Disputes
Why is there an extra charge of 1 dollar on my statement?,Disputes
"I checked my statement and saw a charge of one pound, where is this charge coming from?",Disputes
I don't understand why there is an extra €1 fee in my statement.,Disputes
Why was I charged extra on my app?,Disputes
Why was my account assessed a fee?,Disputes
There is an extra 1£ charge on my app. Why did you charge me extra?,Disputes
Why i'm I being charged an extra pound,Disputes
The $1.00 has still not been reverted as indicated in the previous email.,Disputes
My statement shows and extra 1$ that was charged to it and I would like to know why.,Disputes
"There is an extra $1 charge on my statement, why is that?",Disputes
Is the 1 pound charge going to be reimbursed on my card?,Disputes
I  see an extra 1£ charge on my app. Why did It charge me extra?,Disputes
Why is there a fee added to my statement?,Disputes
Why would there be an extra charge on my app?,Disputes
There is a charge for 1£ on my statement.  I do not think that I bought anything that costed 1£.  What is going on?,Disputes
Why does my transaction have an added fee?,Disputes
There is  an extra 1£ charge on my app. Why did it charge me extra?,Disputes
Why is there an additional fee showing on the statement I received?,Disputes
How come I was charged a transaction of $1?,Disputes
Please explain the charge of 1L in error.  I have purchased nothing in this amount.,Disputes
Where did the  €1 fee in my statement come from,Disputes
What is this random charge of one pound doing on my account?,Disputes
I had to pay one pound more than the set price!,Disputes
My statement is showing an extra £1 charge and I am unsure why. Is there an explanation for this?,Disputes
Do I have a $1 extra fee on the statement?,Disputes
Why is it showing that my account has been charged a dollar that is showing as pending?,Disputes
"I do not understand why there is a pending 1£ charge on my statement, I do not recall making this transaction. Can you please tell me what this is about?",Disputes
My statement shows an extra fee - what is it?,Disputes
What is this €1 charge?,Disputes
How long will the $1 charge show as pending?,Disputes
I've been charged an extra £1 and I don't know what it's for,Disputes
I was overcharged an additional pound.,Disputes
I've been charged an extra £1 and I don't know why,Disputes
My statement is showing I was Charged a dollar and I am not sure why.,Disputes
Why is there a €1 charge on my statement?,Disputes
An extra fee of €1 was in my statement,Disputes
I would like to know why a withdraw I made for some cash shows up as pending.,Payments
Why is my cash withdrawal still showing as pending?,Payments
"I have the cash already, my account still shows up as pending.  How can my account be still pending?",Payments
I tried to get cash out of the ATM but it is taking too long,Payments
Why is the cash withdrawal under pending?,Payments
What does it mean if my cash withdrawal does not show up properly?,Payments
"Hello, I have a pending transaction in my account due to an ATM machine that wasn't working. In any case if the transaction goes through, after how long can I get my money back?",Payments
Why is my ATM withdrawal still pending?,Payments
Is the cash withdrawal going to show?,Payments
"Cash withdrawal has been pending, why is it so?",Payments
My account shows up as pending after I received cash from the ATM earlier.  How can this be still pending? I've got the cash already.,Payments
How long does it take to verify a cash withdraw?,Payments
"The transaction for the cash I pulled out of the ATM earlier is pending in the app, but how if I already have the cash?",Payments
Why has my withdrawal not posted?,Payments
"When I used one of the ATMs in the city centre today, I tried to take out some money, but for whatever reason, the machine declined my card. Just checked it out in my account and that amount is still showing as pending! Is there any way that you can cancel this transaction, because I did not receive any money whatsoever from the ATM",Payments
Why is the cash withdraw I made shown as pending?,Payments
"Hello. I looked at my account and see that a transaction I tried to do is pending, but I did not complete that transaction. When I was at the ATM, the machine declined my card. Can you make sure that transaction does not go through because I definitely did not receive the money.",Payments
Should my cash withdrawal still be pending?,Payments
"Hey, I tried to withdraw some cash earlier and it's saying it's pending? Will I be charged for this?",Payments
There should be a cash withdrawal that I haven't seen yet.,Payments
Why is the app showing a still pending message on a withdraw that has already been done?,Payments
Why is my cash withdrawal still pending?,Payments
"If my cash withdrawal is still not showing, is something wrong?",Payments
I noticed on my online statement that an ATM withdrawal I made early is still pending.  Is this accurate?,Payments
I made a cash withdrawal at an ATM but it still says pending in my account.,Payments
I tried to get cash at some ATM in the city centre earlier but the machine declined my card. I've seen it still shows up as pending in my account. Please cancel it immediately as I definitely have not received that money!,Payments
Why hasn't my withdrawal shown on my statement?,Payments
I have withdrawn cash from the ATM but it is showing in my account as a pending transation. Why is this?,Payments
I made a cash withdrawal earlier and it's showing as pending.  What does that mean?,Payments
I tried to withdraw cash at an ATM in the city center but my card was declined. The transaction is still showing up as pending - please cancel it!,Payments
How long does it take for a cash withdrawal to show?,Payments
"I tried to access money earlier but the machine seems not to be working. After looking, the transaction actually shows to still being process. Can you find out what is going on here? I don't want to be charged for some money I never got.",Payments
Why is my cash withdrawal pending?,Payments
I withdrew cash but it still shows as pending?,Payments
"Hi there, earlier today I tried to take money out of an ATM machine, and something wasn't working.  I didn't actually receive the money, but I just checked and it says that the transaction is still pending.  Can you tell me what's going on here? Am I still being charged for the withdrawal even though I didn't end up getting any money?",Payments
I got some cash in the ATM but its still pending,Payments
"So much time has gone by, the pending status shouldn't still be there shouldn't it?",Payments
Do you know when the withdrawal will show?,Payments
How long will my cash withdrawal take,Payments
Why do I still have a pending cash withdrawal?,Payments
I have a withdrawal waiting to go through.,Payments
How long does it take for a pending cash withdrawal?,Payments
I took out some cash from the ATM but it is still showing the transaction is pending.,Payments
How are cash withdrawals pending?,Payments
"I went to an ATM to get cash, but the app says the withdrawal is still pending. How is that possible when I already have the cash with me?",Payments
My cash withdrawal isnt showing on my account,Payments
What does pending mean on a cash withdrawal?,Payments
I'm expecting to see a cash withdrawal but I'm still waiting.,Payments
"So earlier I went to an ATM and got cash. But when I checked the app, it states that the withdrawal is pending. How can that be when I have the cash on me?",Payments
How long does it take for cash withdrawals to hit my account?,Payments
Can you explain to me why a cash withdrawal shows up as pending?,Payments
The machine didn't work earlier when I went to get money out and now my account says transaction in progress.Why?,Payments
"I got cash from an ATM earlier but it shows up as pending in the app. How can this still be pending, I already received the cash?",Payments
I made a deposit in the ATM and it has not cleared,Payments
withdrawal pending meaning?,Payments
What does it mean to have a pending cash withdrawal?,Payments
I tried to get some money but the machine was not working .The transaction still seems in progress! Can you please check what's going on.I don't want to be charged for money that I did not received.,Payments
"My account says there are pending funds right now from withdrawing from an ATM, but my card was declined and I never took out any money. When will that money be deposited back into my account?",Payments
How long before I can see that my cash withdrawal has taken place?,Payments
"My cash withdrawal shows pending, why?",Payments
My account says I have money but I withdrew it in cash.,Payments
How do I get my cash withdrawal to show?,Payments
I didn't receive my money earlier and it says the transaction is still in progress. Can you fix it?,Payments
"Hello. I have a transaction in my account listed as pending. I tried to use an ATM at the city centre, but the machine declined my card, and I did not receive the money. Why is the transaction still pending if I did not receive the money.",Payments
How long does it typically take for a pending ATM withdrawal to clear?,Payments
My cash withdrawal shows as pending still.,Payments
i withdrew cash and dont see it reflected on the balance,Payments
When will my cash withdrawal show/,Payments
"Hello, I'm having trouble with my card, I don't understand what's happening, I tried using the ATM machine earlier but it wasn't working but seems like the transactions is still in progress, can you cancel it for me?",Payments
Looking at my account I've noticed a charge that appears to still be in progress. I had attempted to get money out of the machine earlier but the machine seemed to have been broken. I never received my money so will you please look into this for me? I don't want to be charged for money I never actually received.,Payments
What is a pending cash withdrawal?,Payments
When will a cash withdrawal show up?,Payments
"Hi, I tried to withdraw some money from an ATM and the machine was broken.  It says that the transaction is still in progress.  Can you double check to see what's happening? I don't want to be charged since I was not able to withdraw the money.",Payments
My ATM withdrawal is taking forever,Payments
What does it mean when a cash withdrawal is pending?,Payments
how long will my cash withdrawal be pending for?,Payments
Why is my withdrawl to cash still pending?,Payments
Why is the pending status on my cash withdrawal taking so long?,Payments
There is a pending transaction on my account for when I tried to get money from the ATM earlier and it did not work. Can you fix this?,Payments
The cash I got at the ATM is still in my account.,Payments
How long will it take for my cash withdrawal to stop pending,Payments
I'm concerned because my cash withdrawal is pending.,Payments
What is the reason my cash withdrawal is still pending?,Payments
How long will it take for my cash withdrawal to no longer show as pending?,Payments
How long until I see a cash withdrawal?,Payments
my cash out is still pending,Payments
Why does it still charge me even though I was unable to withdraw money from the ATM?,Payments
What does it mean if my cash withdrawal is pending?,Payments
Why is a transaction still pending?,Payments
I am not seeing recent cash withdrawal on my account.,Payments
What does a pending cash withdrawal mean?,Payments
"I tried to get some with-drawls but the machine didn't work. The transaction still seems in progress.Seems like  something is wrong,I don't want to be charged for Transaction i did not make.",Payments
How long will a cash withdrawal be pending?,Payments
"If I have already completed a cash withdrawal at an ATM, is it normal for it to show as a pending transaction on the app?",Payments
Why does a cash withdrawal show as pending?,Payments
Why would a cash withdrawal still be pending?,Payments
Explain pending transactions.,Payments
How is my ATM deposit not available yet?,Payments
"My cash withdrawal is showing as pending, why?",Payments
"I withdrew some cash, when is it going to show?",Payments
Can you let me know why my cash withdrawal is still pending?,Payments
I made a cash withdrawal and it is still listed as a pending transaction.,Payments
"my cash withdrawal is pending, why?",Payments
"Hae there, I have a transaction that is in progress despite the fact that the ATM was not working, what do I do to avoid being charged?",Payments
"I've been waiting for 3 days, why is my withdrawal still pending?",Payments
"I removed cash from an ATM earlier but it shows up as pending in the app. How can this still be pending, I already received the cash?",Payments
How long will my ATM withdrawal be pending?,Payments
Is there any reason my cash withdrawal still shows as pending?,Payments
Its been several days and my cash withdrawal is still pending. Why?,Payments
My account says a withdrawal is pending - why can't I take cash out of the ATM?,Payments
"I tried to take out some money from an ATM earlier today and it was declined. Looking on my screen now, I still see that it's pending for that amount. I didn't actually get that money, so I don't want it processed on my account.",Payments
"My cash withdrawal says pending, why?",Payments
Why is my cash still pending that I put in ATM?,Payments
In my account I noticed my ATM withdrawal is still pending,Payments
Please cancel the latest ATM charge on my card as my card was declined earlier today and I did not receive that cash.,Payments
"My withdrawal is pending, why?",Payments
Why does my account show as pending a cash withdrawal from the ATM that I have already made?,Payments
"I have a cash withdrawal that says it's pending, why?",Payments
I took out money from the ATM and it's still showing as pending?,Payments
Why would a cash withdrawal be pending?,Payments
Why is the cash transaction still showing as not completed?,Payments
Why is my withdrawal from the ATM still showing as pending?,Payments
The cash I deposited using the ATM is still pending,Payments
"I tried to withdraw money, but was unable to. Still says that the transaction is pending? Will this money disappear??",Payments
There is a withdrawal waiting.,Payments
Can you please tell me why my cash withdrawal is still pending?,Payments
My atm withdraw is stillpending,Payments
"I Withdrew cash from an ATM earlier but it shows up as pending in the app. How can this still be pending, I received the cash already?",Payments
"Hello, I tried to take some cash out of the ATM but I looked at my statement and it still shows that it's pending. Is the machine broken? Will I receive my money back or will I be charged for this?",Payments
I made a cash withdraw and it shows up as pending why is that?,Payments
My last ATM request did not go through due to a declined card. Please cancel the request on my account.,Payments
What should I do if I see a withdrawal is pending?,Payments
My balance is not what I thought it was following an ATM withdrawal,Payments
"I tempted to get some money out of the machine earlier and it did not work.Looking now, the transaction actually shows to still be in progress. I would certainly appreciate someone look into this and let me know what's going on. I definitely do not want to be charged for money I never received.",Payments
"Hello, I tried to take out some money out of the ATM, but it's still showing that it's pending? I really don't want to be charged for this.",Payments
how long until a cash withdrawal will show on my account,Payments
When will the cash that I put in the ATM be cleared from pending status?,Payments
"My card was declined and I did not receive money from the ATM earlier, yet it show on my account that it is pending.",Payments
I pulled cash from the ATM earlier. Why is it still pending if I already have the cash?,Payments
my cash withdrawal has not come out of my account yet.,Payments
"I needed cash today, so I used another provider's ATM, and when I attempted to withdraw, it declined. I just checked it out and I'm still showing my account with that amount pending! I didn't take any money out, it was declined, so I don't want that to be processed as a withdrawal.",Payments
Why has my deposit in the ATM not cleared yet?,Payments
why isnt my cash withdrawal showing,Payments
How many different currencies can I hold money in?,Payments
Do you allow currency exchanges?,Payments
How many currencies can I have money in in my account?,Payments
Is the EUR accepted for exchanges?,Payments
Is it okay to hold money in multiple currencies?,Payments
Can I have money in more than one currency in my account?,Payments
What currencies can I have?,Payments
What currencies can my account be in?,Payments
How many currencies can I have?,Payments
Are EUR exchanges allowed?,Payments
I want to have multiple currencies in my account if possible.,Payments
Do you convert to Euro?,Payments
What fiat currencies can I use for holding and exchanging?,Payments
Can exchanged be made to EUR?,Payments
I need to know what flat currencies you support for holding and exchange.,Payments
Do you support other currencies?,Payments
Can you convert to EUR?,Payments
What are the fiat currencies used?,Payments
"What currencies can I not hold many in, if so what are they?",Payments
How many different currencies can I have my money in?,Payments
Which fiat currencies are supported by you?,Payments
What currencies do you offer?,Payments
Are there any fiat currencies that you will not work with?,Payments
I wondered if multiple currencies is okay?,Payments
Are all fiat currencies supported?,Payments
Can you tell me the names of the fiat currencies that I can use at your institution?,Payments
Can I change or hold different currency?,Payments
Which flat currencies are supported for holding and exchange?,Payments
What other fiat currencies can I use?,Payments
What fiat currencies do you allow exchange with?,Payments
Are all European currencies available for holding and exchange?,Payments
Can you tell me how many currencies I can hold?,Payments
What types of foreign money can be used with this service.?,Payments
Am I allowed to hold money in multiple currencies?,Payments
What fiat currencies do you support?,Payments
"I need to hold money, what currencies can I use?",Payments
Can you do exchanges of EUR?,Payments
What are all the fiat currencies that are supported for both exchange and holding?,Payments
What currencies can I hold?,Payments
what currencies do you accept?,Payments
Are there limitations to what currency I can hold?,Payments
What types of fiduciary currencies are supported for tenure and exchange?,Payments
Can I hold more than one currency?,Payments
What fiat currencies are used with holdings and exchanges?,Payments
Is it possible to hold money in multiple currencies?,Payments
Can I have multiple currencies in my account?,Payments
I need to know which fiat currencies I can use with you.,Payments
How can I solve my issue with holding multiple currencies?,Payments
What currencies do you support?,Payments
Do you support fiat currencies?,Payments
Can my account have different types of currency in it.,Payments
What kind of money can I hold?,Payments
Will you be able to exchange to EUR?,Payments
Is my country's currency supported by your system?,Payments
What flat currencies do you support for holding and exchange?,Payments
What kind of fiat currencies are supported for holding and exchange?,Payments
Can you make exchanges with the EUR?,Payments
Is EUR one of the currencies you deal with?,Payments
Are EUR exchanges acceptable?,Payments
What currencies can I exchange?,Payments
What fiduciary currencies are supported for tenure and exchange?,Payments
Will you be adding more currencies in the future?,Payments
How can I hold and exchange fiat currencies?,Payments
What currencies are available for my use in holding and exchange?,Payments
I would like for someone to tell me which fiat currencies that your company supports.,Payments
Which currencies are allowed?,Payments
"I'm interested in using fiat currencies, which do you support?",Payments
How do I go forth on holding money in multiple currencies?,Payments
Which currencies will you exchange?,Payments
I need a list of currencies you accept for exchange.,Payments
What type of fiat currencies do you support?,Payments
What currencies are supported?,Payments
Please tell me which fiat currencies you support.,Payments
Do you offer services that hold money in different types of currency?,Payments
What currency is supported for exchanges and holding?,Payments
What fiat money can I used in the exchange and holding?,Payments
What fiat currencies are used for exchange?,Payments
Do you provide currency exchange to Euros?,Payments
What country's money can I hold currency in?,Payments
What other currencies can I hang onto?,Payments
"I'm interested in holding and exchange for flat currencies, what do you support?",Payments
Do you have a problem with EUR exchanges?,Payments
Can I exchange currency to Europe?,Payments
What are eligible holding and exchange currencies?,Payments
"In the exchange and holding, what fiat is allowed?",Payments
How can I exchange to EUR?,Payments
Do you allow exchanges of EUR?,Payments
Are you able to make exchanges to EUR?,Payments
Does my account have the option to hold multiple currencies?,Payments
Which fiat currencies can I use through this app?,Payments
"Do you hold money and if so, what currencies do you accept?",Payments
Please tell me the types of currency I can hold.,Payments
can I have multiple currencies?,Payments
Will you work with any fiat currencies?,Payments
Which flat currencies can I use from you?,Payments
What fiat currencies are used for holdings?,Payments
Which fiat currencies do you currently support? Will this change in this future?,Payments
Can you make exchanges using the EUR?,Payments
Is it possible to hold money in different currencies?,Payments
Tell me the currencies that you support.,Payments
are multiple currencies acceptable?,Payments
Do you deal with EUR?,Payments
"I heard that you support more than one type of fiat currency, would you tell me which ones please?",Payments
Which fiat currencies are supported for holding and exchanging?,Payments
What fiat currencies are supported?,Payments
What are my options for holding money in multiple currencies?,Payments
What flat currencies do you use for holding and exchanges.,Payments
"I want to hold and exchange fiat currencies, what can I use to do so?",Payments
Do you have EUR currency available for me?,Payments
"If I was travelling abroad, would I be able to hold currencies in euros?",Payments
Which fiat currencies are compatible for exchange and holding?,Payments
Is my fiat currency supported for both hold and exchange?,Payments
I need to know which flat currencies are supported by you.,Payments
Please list what fiat currencies are supported for both holding and exchanging.,Payments
Do you have support for flat currencies?,Payments
I would like to know which fiat currencies are recognized by your organization.,Payments
Can you change my currency to EUR?,Payments
Are you okay with exchanges to EUR?,Payments
Can I exchange my money for EUR?,Payments
Can I have money of different country of origin.,Payments
What are the currency types that I can keep money in.,Payments
I need assistance with understanding which fiat currencies that you support.,Payments
Could you tell me the fiat currencies that you work with?,Payments
Which fiat currencies are supported?,Payments
Which flat currencies do you support for holding and exchange?,Payments
Can you tell me if I can hold money in several currencies?,Payments
Can it specifically be delivered on a certain date?,Cards
I need to get my card quickly,Cards
When can I expect my card? I live in the US.,Cards
Help! When will the card arrive at my home?,Cards
Can I get my card fast tracked?,Cards
How long is the wait for my card?,Cards
i need to expedite my card,Cards
When should I expect to receive my card?,Cards
How long until my card will get here?,Cards
How long is the delivery time to the US?,Cards
Can I have it delivered on a specific date?,Cards
"i am express delivering my card to the us, how long will that take",Cards
I need my card soon.,Cards
Can I choose when my card is delivered?,Cards
When will my card be here?,Cards
How long will delivery to the US take?,Cards
When can I expect delivery?,Cards
Can I specify a day for my card to be delivered?,Cards
I'm worried my card might be lost in the mail? How long does it usually take to arrive?,Cards
When will my card be delivered?,Cards
can the delivery be specific to my needs?,Cards
how long does delivery take?,Cards
"To deliver to the US, how long will it take?",Cards
How quickly can you get me my card?,Cards
can I choose delivery times to suite me?,Cards
Can I choose the day it's delivered?,Cards
How long will this take to get to me?,Cards
When shipped to the US how long is delivery time?,Cards
"Give me my card, I need it now!",Cards
I'd like to have it delivered on Saturday.  Is that possible?,Cards
How long will I have to wait for my new card?,Cards
How long is a delivery to the US?,Cards
What is the delivery time to the US?,Cards
How long does it take for deliver to the US?,Cards
If I order a card when does it arrive?,Cards
When can I expect my card?,Cards
How long is delivery to the US?,Cards
What is your shipping policies for cards?,Cards
I ordered my card and it isn't here yet. I need it ASAP. When can I expect to get it?,Cards
how long should I expect to wait for my card to arrive?,Cards
When will my card come? I need it as soon as possible!,Cards
How long should I wait for the card to arrive?,Cards
What is the wait time for delivery to the US?,Cards
Can you tell me when my card will arrive?,Cards
When can I expect my card to arrive?,Cards
Can I have it delivered on the date I need it delivered?,Cards
What is the length of time for one of these items to come to the U.S?,Cards
How long will it take to have my card mailed to me?,Cards
Can cards be dispatched on a specific date?,Cards
Can I have it by a certain date?,Cards
I need my card as quick as possible,Cards
How long will it take my card to get here?,Cards
Is there a specific date it can be delivered by?,Cards
I need my card to be delivered fast,Cards
Is there a specific date i can have it delivered?,Cards
How long will it take to deliver to the US?,Cards
I need my card ASAP!,Cards
How long will it take to get to the US?,Cards
How soon will I get my card?,Cards
What is the estimated date for delivery to US?,Cards
How long does it take for the card to come?,Cards
When will I receive the card?,Cards
When should I expect my card to arrive?,Cards
Can I pay more to get it deliver quicker?,Cards
How long is the delivery to the US?,Cards
Send me my card now! ASAP,Cards
"I haven't received my card yet, how long does it normally take?",Cards
How long is US delivery?,Cards
can you express my card to me?,Cards
When will it get delivered?,Cards
how soon will my card arrive?,Cards
I ordered my card a couple weeks ago and haven't received it yet. When can I expect it?,Cards
How long does it take for cards to be delivered after ordering them?,Cards
"If I need delivery on a certain day, is that something that could be accommodated?",Cards
how much to get my card in 2 days?,Cards
When are cards shipped?,Cards
My card is needed soon,Cards
What is the delivery time for US?,Cards
I placed my order a week ago. Is it ok that my card isn't here yet?,Cards
How soon do cards arrive after I order them?,Cards
How will I get my card?,Cards
How long does it take to receive my card?,Cards
How long until the card arrives?,Cards
Can I have my card delivered on Tuesday?,Cards
Can you tell me how long it takes for a new card to come?,Cards
i need to add express delivery if that's an option,Cards
I need my card right away.,Cards
Can i choose a specific delivery date?,Cards
When will I get my card shipped to me?,Cards
Do I have a say when it's delivered?,Cards
I need my card delivered as soon as possible.,Cards
I would like to make sure it is delivered on a certain date.,Cards
When will I receive my card?,Cards
Could I chose the date to have it delivered?,Cards
How long does it take for a card to arrive?,Cards
Will my card be here soon?,Cards
Please send my card as quickly as possible.,Cards
how long does it take to get my card i am in a rush,Cards
When can I expect to receive my card?,Cards
Are the delivery days flexible?  My schedule only allows me to be a available on specific dates.,Cards
How many days to deliver to a US customer?,Cards
When can I expect my new card to get here?,Cards
How long are deliveries to the US?,Cards
Can it be delivered on a certain date?,Cards
What is delivery speed to the United States?,Cards
How long does it take for something to be delivered to the U.S?,Cards
How long does it take for my physical card to be delivered.,Cards
what is the leadtime for a new card to show up in the mail?,Cards
What's the earliest time to receive my card?,Cards
are you sending me my card?,Cards
I need my card immediately.,Cards
When will it be delivered to the US?,Cards
Can I add money automatically to my account while traveling?,Topups
i need help finding the auto top up option.,Topups
What are the maximum amount you can do for auto top-up?,Topups
I can't find the auto-top up option.,Topups
Does the auto top-up have any limits?,Topups
When do i activate auto top-up?,Topups
Can I have money transferred into my account at different intervals along my trip?,Topups
"I going to be traveling, can I set up auto top-up if I run low on money?",Topups
Is there an automatic top up feature?,Topups
Can I have my account add money automatically in certain intervals?,Topups
Is there a daily auto top-up limit?,Topups
How do I access the option to top up?,Topups
I will be traveling.  Can I add money automatically?,Topups
How low does the balance have to be before the system updates?,Topups
Is there a auto top-up option?,Topups
How do i set up auto top-up?,Topups
"If there isn't much money left over, will it top-up automatically?",Topups
Do I need to set a limit on auto top-up?,Topups
can you top up your account automatically,Topups
Can I add money to my card automatically during a trip?,Topups
Is an auto top-up option available?,Topups
Can I auto top if I'm low on funds?,Topups
Tell me where I can find the auto top up feature and a little bit about it please.,Topups
How do I start auto top up?,Topups
I am inquiring about your auto top up feature.,Topups
Can i set up an auto top-up?,Topups
Are there any limit on the auto top-up?,Topups
Is it possible to do auto top up?,Topups
is there a way to do automatic top up,Topups
I would like to top up my account automatically. How do I do that?,Topups
I want to set up an auto top-up,Topups
If I don't have much money in the account can I auto top-up?,Topups
Can I schedule future top ups?,Topups
Can I set automatic top ups?,Topups
I need to know the if there is a limit on the amount for auto top-up.,Topups
Can I set up to my account to automatically top up?,Topups
Does the app top up automatically?,Topups
"If there isn't a lot of money left, will it automatically top-up money?",Topups
In what increments can I top-up my card?,Topups
Does auto top-up have a limit?,Topups
If I am running low on credit can I auto top up?,Topups
Is there an auto top up feature?,Topups
Is there such thing as an auto top-up option?,Topups
How can I Use thereto-top option?,Topups
when i travel can it top up automatically,Topups
Is there an auto top up option?,Topups
Where do I find the auto top- up?,Topups
How can I add money automatically?,Topups
Where can I located the auto-top up option?,Topups
"I'm going to travel, can I have it add money automatically in certain intervals?",Topups
I will be traveling and want money to be added automatically in certain intervals. Is this possible?,Topups
Do I have to manually top up once I'm too low?,Topups
How will I know when I can use the auto top-up feature?,Topups
What are the auto-top up policies?,Topups
Can I auto-top up?  How do I do it?,Topups
How do I get refills to my card when I'm traveling?,Topups
What is the limit on Auto top?,Topups
How do I auto top-up?,Topups
Can it add money automatically while travelling,Topups
Is auto top up a provided service?,Topups
When the time is right will this automatically replenish my balance?,Topups
Will money be added automatically when necessary?,Topups
Can I automatically top-up when traveling?,Topups
What is the maximum for auto top-up?,Topups
Is there a way to top-up when it reaches a certain balance?,Topups
Can I set the account to auto top-up?,Topups
Are there any hidden limit on the auto top-up?,Topups
"I am traveling, what can I do to set up auto top-up?",Topups
"What are my options for topping up, automatic and/or manual?",Topups
"When I travel, can it automatically add money in certain intervals?",Topups
Is auto top up available?,Topups
I want to auto top-up.,Topups
When I'm traveling is it possible to add money automatically at certain time points?,Topups
Do you offer auto top ups?,Topups
Is there a limit on auto top-up?,Topups
I'm trying to activate the auto-top up function. Where is it?,Topups
What's the limit for auto top-up?,Topups
How do I top-up automatically?,Topups
How do i access the auto top-up option?,Topups
Where can I find the auto-top up feature?,Topups
"If my funds are running low, will the app top up automatically?",Topups
Can I set it up to add money every few days automatically while I am traveling?,Topups
I want to add money automatically when I travel.,Topups
Is there a function where I can top-up automatically?,Topups
Can I use an auto top-up option?,Topups
Can topping up be automatic?,Topups
Can I auto top up multiple times?,Topups
I want to use auto top-up. Is there a limit?,Topups
Do you have an option for auto top up?,Topups
How do I activate auto top-up when traveling?,Topups
Where can I find the auto-top option?,Topups
What is the maximum times I can auto top-up?,Topups
How many times can I auto top-up?,Topups
What are the auto top-up policies?,Topups
"What, if any, is the limit  for auto top-up?",Topups
"If my account is low in funds, can I set an auto top-up?",Topups
Will the system automatically top up itself?,Topups
Can I get an auto Top-up?,Topups
Where do I find the auto top up option?,Topups
What are the restrictions on auto top-up?,Topups
How can I setup automatic top-up?,Topups
Can it automatically top up my account?,Topups
Can I top-up automatically?,Topups
"I heard you have an auto-top up option, where do I find that?",Topups
Where do I access the auto top-up function?,Topups
What about a auto top-up?,Topups
how can i get it to add money automatically while travelling,Topups
"What about an auto top-up, is that a option?",Topups
Can I setup top ups in advance?,Topups
where can i located the auto top up function?,Topups
Is there a way to set up an auto top-up?,Topups
I have a trip coming up and want to add money automatically.,Topups
where can I find the auto-top up option?,Topups
Can it add money every so often automatically while I travel?,Topups
Will the system automatically update once there is no more money left?,Topups
"When traveling, is it possible for it to add money at specific time intervals?",Topups
How do I top-up while traveling?,Topups
auto-top up option can be found where?,Topups
Do I have to manually top-up my account each time or will it do it on its own?,Topups
Can I auto top-up as much as I want?,Topups
Can I add money in intervals to my account?  I will be traveling.,Topups
Is there a limit to auto top?,Topups
"My funds are low, can I auto top up?",Topups
I know there's an auto-top option but I can not locate it when I look?,Topups
Is it possible to top-up automatically?,Topups
What is the auto top-up limit?,Topups
Do you have an auto-top function and how do I use it if so?,Topups
I can't use my card because it is not working.,Cards
I can't seem to be able to use my card,Cards
"My card isn't working at all, I need assistance. It's really frustrating.",Cards
Can you tell me what the problem with my card is? It was declined at a restaurant today.,Cards
How do I fix a broken card?,Cards
My card was working but now it doesn't.,Cards
I cannot seem to use my card.,Cards
I think my card is broke it's not working anymore,Cards
I have not been able to use this card.,Cards
What do I do if i accidentally broke my card?,Cards
How come my card doesn't work anymore?,Cards
"For a week now, I have tried to use my card and it is still not working.",Cards
My actual card isn't functioning.,Cards
I can't get the card itself to work.,Cards
What should I do if my card doesn't work?,Cards
Why won't my card work.,Cards
My card will not work,Cards
My card is not working.,Cards
HOW LONG THE CARD VALIDITY,Cards
My card seems to not be working at all.,Cards
My card gets rejected when I try to use it,Cards
I am unable to use my card for some reason.,Cards
Why can't I use my card?,Cards
I think my card is broke?,Cards
What do I do?  My card is broken.,Cards
"My Netflix subscription says that there is an issue with my card information, but I thought everything was fine. Why would it be declined?",Cards
My card was declined at a restaurant today and I don't know what the problem is.,Cards
WHAT IS THE REASON FOR THAT,Cards
My card is not working when I try to use it.,Cards
How do I check security settings on my card?,Cards
My card isn't working at all. What happened?,Cards
Today I was out eating and my card was declined. Why's that?,Cards
What are ways to test why my card might not be working?,Cards
Currently my card is broken.,Cards
My card won't work at all for anything.,Cards
How do I fix my card if it is broken?,Cards
Why doesn't my card work for any transactions?,Cards
"I tried using my card, but it doesn't work.",Cards
My card hasn't been working for even small transactions today.,Cards
What do I do if the machine rejects my card?,Cards
Something's wrong my card won't work.,Cards
I tried to use my card today in the restaurant but it didn't work and just got declined. What's wrong?,Cards
"Suddenly, my card won't work.",Cards
My card hasn't been working when I try to use it.,Cards
My physical card is not working,Cards
Why is my physical card not working?,Cards
Help.  My card is broken.,Cards
I am unable to use my card.,Cards
"No transactions are being accepted, what's wrong with my card?",Cards
Is my card frozen?,Cards
My card was declined at a restaurant today and I am not sure why.,Cards
What do I do now that I can't use this card?,Cards
My card doesn't seem to work anymore,Cards
"Out of the blue, my card stopped working.",Cards
I can't seem to use my card. Can you help?,Cards
How do I re-order a damaged card?,Cards
Why is my card not working anymore?,Cards
I can't use my card for anything,Cards
What's wrong with my card? The clerk at the grocery store said it was declined.,Cards
What should I do if I can't use my card?,Cards
Can I use app to reset PIN attempts?,Cards
Please help.  The card won't work.,Cards
I wasn't able to use my card today when I went out for lunch. Wondering why that is?,Cards
My card doesn't seem to work.,Cards
Currently I can't get my card to work.,Cards
WHAT IS THE MAIN REASON OF THIS PROBLEM,Cards
How do I get my card to work?,Cards
What can I do to make my physical card work?,Cards
Can you tell me why I can't make any transactions?,Cards
There is something wrong with my card. Tried to use it a few times today in different places and it just didn't work. The transactions I tried to make were really small so not sure what's going on,Cards
Can you tell me whats going on with my card it seems to be not working?,Cards
How do I check security settings using the app?,Cards
I tried using my card at multiple vendors and now it's not working.,Cards
"Can you help me with my card, I think it's broke.",Cards
The card is non-functional.,Cards
I haven't been able to complete any transactions on my card today. Do you know what's wrong?,Cards
Today I used my card at a restaurant and it was declined. Why?,Cards
Did you deactivate my card it's not working anymore,Cards
Need help to get my card to work.,Cards
Why isn't my card working anymore?,Cards
Why won't my card work anymore?,Cards
Why won't the machine accept my card anymore?,Cards
When I was in a restaurant today my card was declined and payment wouldn't go through and I need help. Can you fix this?,Cards
What to do if my physical card is not working?,Cards
My card stopped working after multiple transactions. Why?,Cards
Why won't my card accept any transactions?,Cards
"I think my card is broken or something. I tried using it and it wouldn't go through, please help.",Cards
My card is broken,Cards
I tried to purchase airline tickets online this morning and my card information isn't working. Is there something going on with my account?,Cards
My card no longer works.,Cards
I seem to be unable to make any transactions.,Cards
I can't get my actual card to work,Cards
My card doesn't work when I use it.,Cards
What do I do if my card gets broken?,Cards
I am having problems with my physical card.,Cards
How can I get my card to work?,Cards
I need help with understanding why my card is not working.,Cards
Please help me!  My physical card isn't working right.,Cards
My card stopped working. How do I check if there is a freeze on it?,Cards
"I don't know what's wrong with my card, but it has not worked at multiple places today.",Cards
I need clarity on why my card is not working.,Cards
My card won't physically work.,Cards
What's going on? My card wont accept any transactions.,Cards
My card don't work.,Cards
My card won't work right now.,Cards
How can it be that my Card is not functioning anymore?,Cards
What's going on with my card? I've tried multiple times and it never goes through.,Cards
HOW LONG TO TAKE THE TIME TO SOLVE,Cards
What do I do if my card is not working?,Cards
What should I do if my physical card isn't working?,Cards
The card that I have isn't working. This is the physical card.,Cards
Can I change from AUD to GBP?,Payments
"I need to exchange between different currencies, like GBP and USD. Can I do that with your app?",Payments
How can I change to another currency?,Payments
Does the app allowing exchanges between USD and GBP,Payments
What if I need to use GBP instead of USD?,Payments
I am from X but am traveling to Y - how do I get currency for Y?,Payments
Is it possible to change from AUD to GBP?,Payments
Can money be exchanged from one currency to another?,Payments
How can I change USD to GBP?,Payments
What currencies can be exchanged in the app?,Payments
Can i add a new currency to my account?,Payments
How can I exchange AUD for GBP?,Payments
Can I possibly change my currency to another?,Payments
I would like to exchange currencies on the app. How do I do this?,Payments
What do I do to exchange currency?,Payments
Is it possible to exchange currencies?,Payments
Can turn my money into another currency?,Payments
I would like to change to a different currency.,Payments
How can I change currency type?,Payments
"I do not need GBP, I need AUD, how do I convert it?",Payments
"Instead of GBP, how do I exchange for AUD?",Payments
Is currency exchange possible?,Payments
"Using your app, would I be able to exchange between USD and GBP?",Payments
Can I use this app for both USD and GBP?,Payments
I am trying to find out how to exchange currency X with currency Y.,Payments
Does your app allow currency exchanges between USD and GBP?,Payments
"With this app, will I be able to exchange currency?",Payments
How do I change my currency to another?,Payments
How do I exchange currencies using the app?,Payments
Does this app allow currencies to be exchanged?,Payments
Can I exchange USD for GBP in your app?,Payments
Is it possible to exchange currencies using the app?,Payments
How do I exchange currencies using this app?,Payments
I want to exchange USD and GBP with the app,Payments
How do I change my AUD into GBP?,Payments
How can I convert currencies?,Payments
Can I use your app to exchange between USD and GBP,Payments
I need to get some Euros for my holiday. Am I able to exchange some of my money?,Payments
Can currencies be exchanged on this app?,Payments
How do I change to a different currency?,Payments
Is exchanging currencies a feature of the app?,Payments
Where can I get my currencies exchanged?,Payments
Is exchanging currencies one of your app services?,Payments
Can I convert currency with the app?,Payments
"I might need to exchange between USD and GBP, is this possible with your app?",Payments
"I need to exchange my GBP to AUD, how would I do this?",Payments
Do you support changing the currency I use?,Payments
Can I convert money into different currencies?,Payments
Where can i exchange between GBP and USD,Payments
How to exchange my currency,Payments
How do I use the app to exchange currencies?,Payments
"I no longer need AUD, I need GBP instead, how can I make this happen?",Payments
"I am trying to exchange AUD for GBP, how do I do that?",Payments
How do I exchange USD to GBP?,Payments
Is there a way to make my money usable in another country?,Payments
How do I exchange AUD for GBP?,Payments
Can I use this app to exchange currencies?,Payments
How can I exchange currencies using your app?,Payments
How do I go about exchanging currencies with this app?,Payments
Can I exchange from USD to GBP?,Payments
Does your app allow currency exchange from USD to GBP?,Payments
What currences are available for exchange?,Payments
Is this app capable of exchanging currencies?,Payments
Is it possible to change from USD to GBP with your App?,Payments
"If I need to make an exchange from USD to GBP, how can I do so in the app?",Payments
Can I use this app to exchange between dollars and pounds?,Payments
Will this app allow me to exchange currencies?,Payments
Is it possible to exchange USD and GBP on the app?,Payments
"I may need to exchange my USD for GBP, can your app do that?",Payments
How do I exchange currencies with this,Payments
I need Australian dollars instead of UK currency.,Payments
I'm having difficulties changing AUD for GBP. How do I do this?,Payments
Can I exchange currencies with the app?,Payments
Will you tell me how to exchange USD for GBP in the app?,Payments
How do you exchange currencies,Payments
How can I exchange currencies with this app?,Payments
How can I exchange GBP for AUD?,Payments
Can I exchange currency for different types?,Payments
Does this app exchange currencies?,Payments
Is it possible to exchange currencies on the app?,Payments
What's the process of changing from GBP to AUD?,Payments
How do I switch to a different currency?,Payments
What's the procedure with currency exchange?,Payments
How to I switch my money for the money used in another country?,Payments
Will it be possible to change from USD to GBP with this App?,Payments
I would like to change currency,Payments
How do I make a currency exchange?,Payments
"I can't figure out how to change GBP to AUD, what do I do?",Payments
"I accidentally chose to exchange GBP, but I need to pick AUD. How can I change it?",Payments
How can I exchange USD and GBP in the app?,Payments
How can I exchange currencies in the app?,Payments
I need to exchange a currency - can I do that here?,Payments
How can I change the currency I'm exchanging from AUD to GBP?,Payments
What do I need to do to exchange my money?,Payments
"I would like to exchange currencies, how do I go upon it?",Payments
What different currencies can I get?,Payments
I would like to exchange currency  What types are there?,Payments
how to exchange currencies,Payments
Can I use your app to exchange USD for GBP?,Payments
Can this convert money?,Payments
Can you  tell me how to get AUD not GBP?,Payments
How can I trade currencies with this app?,Payments
Can I exchange currencies usign this app?,Payments
Can this app be used to exchange currencies?,Payments
need to exchange currencies,Payments
How do I change to AUD from GBP?,Payments
How do I start an exchange between GBP and AUD?,Payments
Whats types of currency can I exchange?,Payments
how can i exchange currencies,Payments
Can I exchange USD and GBP from the app?,Payments
What steps do I need to take to exchange currencies?,Payments
What other currencies are available to change to?,Payments
what currencies can i exchange between on your app?,Payments
Can this app exchange American and English currency?,Payments
My plans may change so I may need to change from GBP to AUD.,Payments
Does the app allow for exchanges between currencies?,Payments
"I may no longer need GBP, but instead I will need AUD, how can I go about making this change?",Payments
Can I use this app to change money?,Payments
Has there been any activity on my card today?,Account
I lost my wallet and all my cards were in it.,Account
I'm panicking!  I lost my card!  Help!,Account
I need to report a stolen card,Account
How do I replace a stolen card?,Account
Can you provide information for freezing my card immediately?,Account
What's the phone number to freeze a card?,Account
I can't find my card! Can you help?,Account
"Hi, I am on vacation in Spain and someone stole my bag with my phone and wallet with cards and everything. Can you block it ASAP and then I want to order a new one also ASAP.",Account
Help! I lost my card!,Account
My card is missing.  Please help.,Account
I think that my card has been stolen!,Account
My card was stolen,Account
A fee shouldn't apply to me if my card was stolen.,Account
"My card has been stolen. I reported it with the police, but I need to report it with you as well.",Account
Can you tell me the status of my new card?,Account
My card has been stolen what do I do?,Account
"I can't find my card, it is lost.",Account
My card is lost!  Please help me!,Account
I believe that my card has been stolen!,Account
What should I do if I think my card was stolen?,Account
Can you send me a new card and block my current one. I'm in Spain and my wallet was stolen.,Account
"I thought I left my card at a restaurant, but they claim not to have it and now I don't have any idea where it is. I'm so worried that someone might be using it fraudulently. Is there any way to look into this?",Account
My bag got stolen with all my cards. Can you please cancel my card and send a new one?,Account
I think my card is stolen!,Account
"Help!  I fear that my card was stolen,",Account
Someone stole my card!,Account
Are you able to guide me to my card's location?,Account
How can I report that my card was stolen? I made a police report first.,Account
My card is missing!  Help!,Account
"My wallet was stolen, along with my cards. How do I put a freeze on my cards and order a new one?",Account
Could you please freeze my card immediately?,Account
"i need help, i lost my card",Account
What can I do if I lost my card?,Account
I think that the card is stolen.  What are my next steps?,Account
What do I do if my card is stolen?,Account
My card is stolen.  Help!,Account
I lost track of my card,Account
Report stolen card,Account
Help!  My card is stolen.,Account
"My card was lost on vacation, I don't know where it is. Can you help me take care of this immediately?",Account
I have lost my card! What is my next step?,Account
My card has been lost! help!,Account
What do I do if my card has been lost or stolen?,Account
Help Me!  I lost my card.  What should I do?,Account
Someone stole my wallet with my card in it while vacationing in Spain. I really need my card blocked and a new one ordered.,Account
Who can I speak with regarding a lost card?,Account
My card has gone missing.,Account
oh my god I lost my card! what should I do?,Account
I can't find my card!  What should I do?,Account
What is the first step that I should take after my card has been stolen?,Account
I seem to have lost my card.,Account
My card was stolen. What do I need to do?,Account
Someone took my card without permission,Account
I lost my card n need a new one.,Account
My card has been lost / stolen,Account
I misplaced my card and I dont know where the last place is where I used the card last. Can you look at my account and tell me the last place I used the card?,Account
Please help me.  My card is missing.,Account
"I lost my card, what do I do now?",Account
I need to order a new card as my other one was stolen.,Account
I think someone stole my card because I can't find it.,Account
What are the steps I need to do if I have a stolen card?,Account
I cant find my card.,Account
I think my card is lost.  What do I do?,Account
What should I do if my card is stolen?,Account
How do I deactivate a stolen card?,Account
"I want to block my card or deactivate it or something, it's been stolen and I don't want it misused. I want this handled right away.",Account
Someone took my card without my permission.,Account
Need help with a stolen card.,Account
"help, lost my card",Account
What do I do if my card was stolen.,Account
I think my wallet fell out on the Tube today! I realized as soon as I got to my desk. How do I cut off the card?,Account
My card is missing.,Account
How do I report my card as lost or stolen?,Account
Is there any way for you to find my card?,Account
I've lost my card. What can I do about that?,Account
I left my card at a restaurant and now its missing.,Account
Can you help me retrieve my card?,Account
I lost my card. Can you help me?,Account
What should I do?  My card has been stolen!,Account
My card was stolen last night.,Account
Could you assist me in finding my lost card?,Account
I want to open an account for my children,Account
How old do you need to be to use the banks services?,Account
Whats the minimum age to have an account,Account
Can my children open an account?,Account
How old do I need to be?,Account
What are age requirements for opening an account?,Account
Is there any age limit?,Account
We want to start a college fund for my daughter.,Account
Hold old do my kids have to be to use the service?,Account
Can I start an account for my kids?,Account
How old does my daughter have to be to open an account?,Account
What is minimum age for an account?,Account
What is needed for my daughter to open an account?,Account
What about my children?,Account
What is the process for setting up and account for my child?,Account
Is there an age limit to open an account,Account
How old do my kids have to be use this?,Account
Can I make an account for my kids?,Account
I'd like to open an account for my kids can I do that?,Account
Would it be possible to open up an account for children?,Account
Do you have any age limit?,Account
If I want my son to have his own account is that possible?,Account
Could I open an account for children?,Account
What does my daughter need to open an account?,Account
Can my children get an account?,Account
What is the age limit for an account?,Account
What age do you have to be?,Account
What is the appropriate age for my child to be able to open an account?,Account
How do I open an account for my children?,Account
What are the requirements to open an account for a minor?,Account
are there age requirements,Account
Is there an age limit for opening an account?,Account
Can my 8 year old grandson open an account at the bank?,Account
What is the minimum age required to open an account with your service?,Account
"If I want to get an account for my daughter, can I do that?",Account
How old do you have to be to open an account?,Account
I have young kids. Can they use this service?,Account
Do you have an age limit?,Account
How old do you have to be?,Account
Could my daughter open an account?,Account
Can I open an account for my children?,Account
What would the age limit be?,Account
What are the age requirements for service?,Account
I am 16 and just started working at McDonalds can I deposit my checks at your bank?,Account
Is there a possibility to open an account for my sons and daughters?,Account
Is there an age limit to get an account?,Account
what is the age limit for opening a new account,Account
Is my daughter eligible to open an account?,Account
How do I set up an account for my children?,Account
May I get an account for my daughter?,Account
What is the minimum age limit?,Account
How old must I be to open an account?,Account
What is the age limit?,Account
Can my children have an account?,Account
Is there any way I could open an account for my daughter?,Account
Can I get an account for my daughter?,Account
How old do you need to be to open an account?,Account
Do you offer account services for children and teens?,Account
From which age can my kids use your service?,Account
What is the youngest age for an account?,Account
I have kids and I'm curious at what age could they start to use your service.,Account
At what age can I open an account?,Account
I'd like to open an account for my children. How can I do that?,Account
Can I open up an account for my child?,Account
Is there a limit for age?,Account
How can I open an account for my children?,Account
Do you have a children account available?,Account
At what age can my children use your service?,Account
I want to open an account for my child.,Account
At what age can a person open an account?,Account
How old do kids have to be to open an account?,Account
What is your age limit?,Account
How old do my kids need to be to use your service?,Account
I would like to get an account for my child.,Account
Would I be able to open an account for my daughter?,Account
Can my teenager have an account?,Account
What age do you have to be to open an account?,Account
How old do my kids need to be to open an account?,Account
As my kids get older are they able to get set up with their own accounts?,Account
Is there an age limit to when my child can use these services?,Account
How many years old do I have to be?,Account
Do you have a limit for someone's age?,Account
Do you have any accounts for children ?,Account
Can my daughter make an account?,Account
"I need to set up an account for my daughter, how would I do that?",Account
How old can one use your service?,Account
Do you have to be 18 to make an account?,Account
Would I be able to get an account for my child?,Account
Can I get an account for my son?,Account
DO I have to be 18 to open an account?,Account
Am I allowed to get an account for my daughter?,Account
My daughter needs to open account.,Account
Can I open an account for my offspring?,Account
Do you offer account's for minors?,Account
What are the age limits for your service?,Account
How old do you need to be to have an account?,Account
How old does my daughter need to be to have her own account?,Account
"My son has just turned 13, is he old enough for an account?",Account
Do you guys have any age restrictions?,Account
Is there a minimum age for having an account?,Account
How old does one need to be?,Account
My daughter needs an acount.,Account
What is the age requirement?,Account
Is there a certain age I need to be?,Account
Is my child too young to sign up?,Account
Am I able to open an account for my children?,Account
Can I make an account for my daughter?,Account
What's the youngest I can be to open an account?,Account
Do you have an age requirement when opening an account with your service?,Account
Is it possible for me to set up separate accounts for my kids?,Account
I have exceeded the number of PIN attempts,Account
I mistook my pin and now I am locked.  Can you unlock me?,Account
Please help me unblock my pin which I put the wrong one too many times.,Account
Help me unblock my account.  I entered the PIN wrong too many times.,Account
"I locked myself out of my account, how do I unblock my PIN?",Account
My PIN tries have run out. Now what?,Account
Can I reset my PIN if it is blocked?,Account
"After inputting the wrong pin too many times, can you now help me unblock my pin?",Account
Where do I find PIN for my card?,Account
Can someone help me unblock my pin?,Account
I attempted to enter my pin to many times.,Account
I forgot my PIN and now it is blocked.,Account
Can someone assist me with explaining how I can unblock my pin?,Account
"My pin needs unblocking, unblock it please?",Account
What do I have to do to get my PIN unblocked?,Account
I tried my PIN too many times and now my card won't work!,Account
I entered a wrong PIN too many times. How can I fix this?,Account
How can I unblock my PIN?,Account
When I was drunk I got my card stuck in your machine because i mis-typed my PIN. What do I need to do to get it restored?,Account
I cannot try my PIN anymore.,Account
What's the web address to unblock my pin?,Account
How do I make my PIN work again?,Account
What steps do I take to unblock my PIN?,Account
My PIN was entered wrong and now I am blocked.  Please unblock.,Account
Can I use app to unblock my card?,Account
I tried the wrong PIN too many times.,Account
Help me unblock my PIN.,Account
Can I unblock my PIN in the app?,Account
How can I get my PIN unblocked?,Account
I forgot my PIN number.,Account
I tried entering my pin several times incorrectly. Why isn't my pin working?,Account
I need my PIN unlocked.,Account
I can't input my pin again.,Account
How do I take a block off my card?,Account
Will you help me unblock my pin after putting in the wrong pin too many times?,Account
What do I do if I forgot my PIN?,Account
What is the process for unlocking the pin?,Account
How do I go about unlocking a pin?,Account
"I enetered the wrong information, I need my account unblocked How do I do that?",Account
"My PIN is locked, how do I unlock it?",Account
I entered in the wrong PIN.  Please help me unlock my account.,Account
"If my PIN number is rejected, how do I solve it?",Account
Why was my PIN blocked?,Account
"
I put the wrong pin too many times and now it is blocked. Can you help me unblock it?",Account
Where can I go to get my PIN unblocked?,Account
What is the procedure of unblocking my PIN?,Account
I accidentally exceeded my PIN tries.  Please advise.,Account
"I logged in wrong and am blocked, how do I log in?",Account
"While I was drunk, I goofed my PIN number and your machine ate my card. How can I get it back?",Account
Can you unblock my blocked pin?,Account
How can I reset my darned PIN number?,Account
"My PIN is unlocked, what do I do?",Account
My account is locked because I used the wrong pin too many times.  Please help.p,Account
"My PIN can't access my card, can you help?.",Account
"After putting in the wrong PIN too many times, I was blocked. Can you assist me in changing it?",Account
"
How do I unblock my PIN?",Account
What happens if I forget my PIN?,Account
I managed to drunken block my card :(( Help!,Account
Why is my PIN blocked?,Account
I used my pin too many times.,Account
My PIN has been blocked.,Account
"My card got blocked, how do I reset?",Account
"My PIN number was incorrect, and I can't access it.",Account
Is there a way to reset my PIN?,Account
What do I do if I have exceeded all my PIN tries?,Account
How do I get unblocked?,Account
"I blocked my card by mistake, how do I unblock it?",Account
What should I do if I exceed my PIN tries?,Account
How come I got blocked for entering wrong pins?,Account
What should I do if I have used all of my PIN tries?,Account
My PIN isn't working.,Account
I forgot what my pin number is and now am blocked can you help me get in?,Account
Where am I able to get my PIN unblocked?,Account
I forgot my pin and am blocked now. Can I reset it somewhere?,Account
I must have entered my PIN wrong.,Account
I am locked out from entering my pin.,Account
What do I do to unblock my PIN?,Account
I entered my pin wrong  too many times.,Account
"I have used all my PIN tries, what now?",Account
Where do I go to unblock my PIN?,Account
What if I type in the wrong PIN too many times?,Account
What do I do if my PIN was blocked?,Account
Can I unblock my pin using the app?,Account
How many times can I enter a wrong PIN before it is blocked?,Account
My PIN was blocked.,Account
I accidentally put in the wrong pin too many times and now I need to unblock it. Can you assist with this?,Account
I have exceeded all my PIN tries,Account
How to unblock my PIN?,Account
How many incorrect attempts cause card to be blocked?,Account
Guide me on how to unblock my PIN,Account
"Would you please unblock my pin? I don't know why, but it's blocked.",Account
I have used all of my PIN tries. What should I do now?,Account
Is there a number to call to get my pin unblocked?,Account
"My PIN seems to be blocked, help me access it?",Account
How do I unblock my card?,Account
I may have entered the PIN wrong and the account is blocked.  What do I have to do to get it unblocked.,Account
I cannot use my PIN.,Account
"My PIN got blocked, help.",Account
Where do I unblock my PIN?,Account
"I am blocked now because I entered the wrong pin, need help.",Account
"My PIN has been blocked, what should I do?",Account
Too many times I entered the incorrect PIN.  How can I get my account unblocked?,Account
My account is blocked because I entered the wrong pin too many times.  Help me unblock.,Account
I entered the wrong pin too many times and now I think it's blocked. What do I do?,Account
"I was blocked by using the wrong pin too many times, can you help me?",Account
"My PIN is not working, can you help?",Account
How do I unlock my account after typing in the wrong PIN too many times?,Account
I entered the pin incorrectly too many times and now it is blocked. Can you help?,Account
Can you unblock my pin because I put the wrong one too many times.,Account
I need a new PIN number.,Account
Can you unblock my account?  I entered the PIN wrong.,Account
I tried my PIN too many times,Account
I punched in the wrong pin too many times and I'm locked out.,Account
I can't figure out how to unblock my pin number. Can you help me?,Account
Should i uninstall the app before i try it again?,Cards
How come when I tried to pay contactless at the bus it didnt work?,Cards
Why is my contactless not working?,Cards
My contactless payments don't work.,Cards
how many days processing new card?,Cards
I'm confused. My contactless is suddenly not working anywhere that I try to use it. How do I fix it?,Cards
Would reinstalling the app solve the problem?,Cards
I've tried using my contactless in several locations today and it's not working anywhere. It seemed fine before. How do I get it to work again?,Cards
What do I have to do to get the contactless to work?,Cards
The terminal I paid at wouldn't take my card. Is something wrong?,Cards
Why wasn't my contactless accepted at the metro?,Cards
Can I make a contactless payments?,Cards
I can't get a contactless payment to work.,Cards
Contactless payments need to be enabled for my card.,Cards
Help me to set up contactless payments.,Cards
My contactless stopped working today for no good reason. It's not working no matter where I try to use it. Can you please help me fix it?,Cards
I'm confused ass to why my contactless is not working.,Cards
I need help fixing my contactless. It's not working anywhere I go today.,Cards
The contactless payments are not working.,Cards
how to get new card?,Cards
How do I troubleshoot my contactless?,Cards
How can I fix my contactless?,Cards
Any charges applicable for new card?,Cards
I have a contactless that's broken.,Cards
My contactless is non-functional.,Cards
How can i get new card?,Cards
My contactless stopped working today no matter where I try to use it. How do I get it to start working again?,Cards
How do I troubleshoot when contactless doesn't work?,Cards
How can I fix my card if the contactless function didn't work this morning?,Cards
"I was trying to use contactless earlier, but it didn't work.",Cards
Why wouldn't my contactless work for the metro?,Cards
Are my contactless settings correct? I tried to use it today but it wasn't working.,Cards
I am having problems with my contactless.,Cards
"I am having issues using contactless payments, could my card be damaged?",Cards
"What is the reason when I tried to pay contactless at the bus, it didnt work?",Cards
Is there a top up fee for transfer?,Topups
Will there be a charge for topping up by account with a SEPA transfer?,Topups
What are the charges for receiving a SEPA transfer?,Topups
Is there a charge for SEPA transfers?,Topups
Will I be charged a fee for a SEPA transfer?,Topups
What is the fee to top-up my account,Topups
Will you guys charge me for topping up by transfer?,Topups
Can you tell me the cost of a transfer?,Topups
Do you receive SWIFT transfers?,Topups
What is the charge for receiving a SEPA transfer?,Topups
Will I receive all the money sent to my account by SEPA transfer?,Topups
Am I going to see a charge for a SEPA transfer?,Topups
Can I do a SWIFT transfer?,Topups
What would I be charged in receiving a SEPA transfer?,Topups
How much is it to receive money?,Topups
Is there a charge for using transfers for top ups?,Topups
"If someone sends me money, will I be charged?",Topups
Do you accept SWIFT transfers?,Topups
Am I charged for receiving money?,Topups
Will I be charged for topping up by transfer?,Topups
Will I be charged any fee for receiving money?,Topups
Are there fees for receiving a SEPA transfer?,Topups
Is there a fee to top up by bank transfers?,Topups
Do you offer SWIFT transfers?,Topups
Will I be charged for a top off transfer?,Topups
Will I be charged for receiving money?,Topups
To receive money are there charges?,Topups
Will there be a charge when money is added to my account?,Topups
What are the fees associated with top up via transfer?,Topups
Can I use SWIFT transfers?,Topups
How much does a transfer cost?,Topups
Is there a fee for a SEPA transfer,Topups
why do you charge for transfers?,Topups
Is there a fee to make a transfer?,Topups
What is the charge to make a transfer,Topups
"If I were to transfer, what would the cost be?",Topups
Does it cost anything to transfer money for a top-up?,Topups
Will I be fined for topping up by transfer?,Topups
what is the price of a transfer?,Topups
If I top-up by using a trasfer are there charges that applied?,Topups
Do I get charged if I get money?,Topups
Would I be able to use SWIFT transfers?,Topups
Are there any charges for receiving money?,Topups
how much will I be charged for making a transfer?,Topups
For topping-up is there a charge?,Topups
Can I transfer money using the SWIFT service?,Topups
Is there a charge for transfers?,Topups
is there a fee for swift transfer,Topups
How much does it cost to top up by transfer?,Topups
What are the fees for using transfer to top off my account?,Topups
Do you charge anything for topping up?,Topups
Are SWIFT Transfers available at this bank?,Topups
"If I were to do a transfer, what is the rate for that?",Topups
How much do I need to pay for a transfer?,Topups
Is there a charge for getting my money?,Topups
Does this program take SWIFT transfers?,Topups
What does it cost to receive a SEPA transfer?,Topups
How much will it be in order to pay with a bank transfer using SEPA?,Topups
Will there be a fee if I receive a SEPA transfer,Topups
Am I charged if I make a top-up?,Topups
do you have a fee for receiving a SEPA transfer?,Topups
What does a transfer cost?,Topups
Am I able to do a SWIFT transfer with you?,Topups
Is a SWIFT transfer acceptable?,Topups
Will I be charged for adding money by transfer?,Topups
How much will it cost me for a SEPA transfer?,Topups
How much would it cost me if I transfer?,Topups
What should I expect to be charged on a SEPA transfer?,Topups
What is the cost of a transfer?,Topups
"I want to top up my account by a bank transfer, but will I be charged?",Topups
Am I able to do a SWIFT transfer?,Topups
Are you aware of any charges for receiving money?,Topups
Are SWIFT transfers supported?,Topups
Is there a charge for receiving money?,Topups
Can I transfer using SWIFT?,Topups
Am I going to be charged for receiving  money?,Topups
What are the additional charges for a SWIFT transfer?,Topups
Does it cost me anything to top up my account via bank transfer?,Topups
How much does it cost to make transfers?,Topups
How much would it cost me for a bank transfer to top up my account?,Topups
Do you take SWIFT transfers?,Topups
Is there a fee for topping off by transfer?,Topups
Will I be charged for receiving the money?,Topups
"For SEPA transfers, what kind of charge will be applied?",Topups
Are there topping up fees if I have to transfer?,Topups
Am I going to be charged for topping up by transfer?,Topups
What is the handling fee for transfer?,Topups
Does it cost me to add cash?,Topups
Do I get charged if I am receiving money?,Topups
Are you going to charge me to collect the money?,Topups
Can I Transfer from SWIFT?,Topups
what is the fee for a transfer into my account,Topups
Do I pay a fee for SEPA transfers?,Topups
Is there a cost to receive money?,Topups
"I'd like to make a SEPA transfer to my account, but will I be charged?",Topups
Can third party fees affect a transfer?,Topups
Do you charge for transfers?,Topups
Will I be charged for topping up my account using a bank transfer?,Topups
How much would I be charged for a transfer?,Topups
Is there a top up fee?,Topups
are SWIFT transfers an option?,Topups
How much does it cost to do a transfer?,Topups
"If I top up by transfer, am I going to be charged?",Topups
What are the charges for recieving SEPA transfers?,Topups
Are there any fees associated with receiving money?,Topups
How much does each transfer cost?,Topups
Is there any fees associated with receiving money with this account?,Topups
Will I be charged to top off my account?,Topups
What kind of fee is there to top-up my account?,Topups
Do you process SWIFT transfers?,Topups
I want to do a swift transfer,Topups
How long does a top-up take to go through?,Topups
I am under the impression that my top up is still pending,Topups
How long will it take for my money to be deposited?,Topups
i put money on my card and i dont see it on the balance,Topups
I have a top-up that's still pending and wanted to know about it.,Topups
"It is still pending, I am still waiting. Your system just shows my top-up as pending. What is happening?",Topups
Why is my top up not completing?,Topups
What if my top up doesn't go through?,Topups
"Sort your top up out please! It's been pending since an hour already, can you please make this go through asap I really need the money",Topups
Says that my top-up is incomplete?,Topups
It appears my top-up is still pending.,Topups
My top up did not go through yet.,Topups
Seems like my top-up has not gone through,Topups
How long will my top-up stay pending?,Topups
I think my top up is still pending?,Topups
"Something is wrong with the top up! I'm a regular customer and use your service all the time, usually this works but now it just shows up as pending",Topups
why isn't my top-up going through?,Topups
I topped up but it isn't in my account,Topups
When will my top-up happen?,Topups
"My top up has been pending for an hour already, and I really need this to go through as soon as possible.  Can you help?",Topups
What is the reason my top-up is still pending?,Topups
how long does it take to reflect in my balance a top up,Topups
My top-up is taking a while to process!,Topups
My top up is incomplete.,Topups
My top-up funds aren't available yet.,Topups
Why hasn't my top-up finished pending yet?,Topups
Where are my funds? I topped off my car but it didn't seem to complete.,Topups
"I tried to top up, but the funds show up as pending. I thought it was instant?",Topups
"I tried to top up, but it didn't finish.",Topups
Should my top-up be completed by now?,Topups
My top up did not complete.,Topups
Why hasnt my top up gone through yet?? I thought it was suppose to be instant? Am I wrong? Why is it still pending?,Topups
"I topped up and went to buy something, but it says that my funds are pending. Is there a way to quicken this process?",Topups
When will my top up be approved?,Topups
My top-up didn't go through; it still says pending. What's up with that?,Topups
I can't find the money I just added to my account.,Topups
What does it mean if my top-up has not gone through?,Topups
"My top up hasn't gone through yet, why?",Topups
I've been waiting for a top up to come through for over an hour and I need the funds now.,Topups
"Hello, I am a new customer, and just tried topping up for the first time. According to your information, the transaction should be instant - why does it still show as pending?",Topups
I attempted to top up my account but it's been frozen in a pending state for well over an hour now! Is this normal? I'm a new customer and this is my first time doing this. I assumed it would be done quicker than this.,Topups
My account is  new  why can I  not top up,Topups
"Help, I don't see my money i just added.",Topups
What happened to my Top-Up? It's not reflected.,Topups
"I'm waiting on a top-up, its still pending",Topups
I'm a new customer and tried topping up today for the first time. It's still pending and doesn't seem to be working. I need to get this fixed.,Topups
"Needed gas, been delayed for half an hour.Please fix it!",Topups
Yesterday I topped up my card. Why didn't it complete as it still pending?,Topups
Tell my why my top-up is pending.,Topups
How long should I wait for top up go go through ?,Topups
Top-up is loaded into the card and no update.,Topups
My top-up seems to be pending for a long time?,Topups
"I already paid to top-up but the funds aren't available yet, where are they?",Topups
What do I do if my top-up has not gone through?,Topups
My top-up hasn't gone through,Topups
Is my top up not working?,Topups
My top up is pending still,Topups
Why has my top up not gone through yet?,Topups
"Hi, I tried topping up for the first time today (I'm a new customer), and the transaction has shown as pending for the last half an hour. Can you fix it?",Topups
My top up says it is still pending,Topups
I topped up about half an hour ago and the charge is still pending. I'm a new customer and today is my first time doing this. Can you fix it? It doesn't seem to be working.,Topups
How long does it take for my top up to clear?,Topups
how long should i expect to wait when i add money,Topups
I'm still waiting for the top-up!,Topups
Is there a problem with the top up system? My transaction hasn't gone through properly,Topups
How long will my top-up be pending?,Topups
I believe my top up is still pending,Topups
Why hasn't my top up gone through?,Topups
Why is  my  top  up for  my  new account  not  instant,Topups
My money hasn't been deposited yet. When will it be?,Topups
I'm still waiting for my top-up to go through,Topups
How long after a failed topup will funds refurn to account,Topups
My top is still pending.,Topups
My top-up hasn't happened yet.,Topups
Has my top up gone through?,Topups
How long does it take for a top-up?,Topups
I used my card to top up but it's saying it is still pending. What does this mean?,Topups
When will my top-up go through?,Topups
How long does it take for a top up to go through,Topups
i have a pending top-up,Topups
Why is the top-up I made still pending.,Topups
My top-up is still pending,Topups
My top up is still pending,Topups
My top-up is taking a very long time to complete.,Topups
I do not think the pop up went through yet.,Topups
how long are my top ups pending,Topups
Did I do something incorrectly? Where is my top-up?,Topups
Why hasn't my top-up gone through?,Topups
Should my top up still be pending?,Topups
top up is still pending,Topups
I have been waiting for my top-up to complete and it still hasn't gone through.,Topups
Im trying to top up my card but it's still pending and it's been an hour. Is there any way to make it go through faster? Do I not have enough?,Topups
Please explain why my top-up hasn't been processed yet?,Topups
Why can't I see my funds after I topped up?,Topups
My top up hasn't gone through,Topups
I'm pretty sure my top up is still pending.,Topups
When will my top-up be completed?,Topups
"My top up keeps showing pending?  How long will things be like this?  Days, weeks, months?  I need the money quite urgently for an important coffee purchase, can you please let me know when top up will work?",Topups
"I think something is wrong with your top up.  I've been waiting a little over an hour for this to go through, can you send it through for me?",Topups
How long do top-ups take to go through,Topups
I tried topping up for the first time today since I am a new customer. It doesn't appear that it's working. It has been pending for at least half an hour. Please take care of this.,Topups
"How long is a top up supposed to be pending, because an hour is too long! Can you fix this to go through?",Topups
There is a top up that has been pending for an hour and I don't know why.  I was expecting it immediately and need it now!,Topups
Can you tell me what is wrong ? I top-up with you all the time but this time it just shows my top-up as pending. What is happening?,Topups
My top-up appears to be pending.,Topups
Is there a reason that my top-up is still pending?,Topups
why is top up pending,Topups
"I topped-up my account, but I don't think it went through.",Topups
The top-up is broken.,Topups
"Is there something wrong with my top up I did an hour ago? it's still pending. I need that money, i cant afford to wait or have it come back to me.",Topups
Why is my top-up pending?,Topups
"How come my top-up didn't go through instantly, like it usually does?",Topups
It's been some time since refilled the top-up.,Topups
I added money to the card but the transaction didn't go through,Topups
How long do I need to wait til my top up isn't pending?,Topups
top up not completed,Topups
It appears my top-up has not gone through.,Topups
"Even though I added money ey to the card, I couldn't use it",Topups
How long does it take for a top up to be approved?,Topups
How do I make my top up complete?,Topups
What is taking so long with my top up?,Topups
When will my top up be applied?,Topups
Can you look into why my most recent top-up is showing as pending? I thought it was supposed to be instantaneous.,Topups
I just made a top-up but it shows as pending! I use your service all the time and have never had a problem before. Why does it keep showing up as pending?,Topups
How long does my top up pending last?,Topups
"I topped up last night but don't have any funds, why not?",Topups
How long should it take for my top-up to finish? I've been waiting a while.,Topups
Is there a reason my top-up has not gone through?,Topups
Problem with my top up going through,Topups
How do I know if my top-up went through?,Topups
Can you please sort out your top up? I need this to go through asap because I really need the money. It's already been pending for an hour.,Topups
Can you tell me why my pop-up is still pending?,Topups
"new customer and filling gas for the first time today, not working,",Topups
What's taking my top-up so long?,Topups
What is wrong with my top-up?,Topups
When will my top up process?,Topups
Can you explain to me why a top-up would still be pending?,Topups
How long will it take for my top up to work? It's still pending,Topups
Isn't my top-up supposed to mean its complete?,Topups
What is the reason that my top-up is still pending?,Topups
When will my top up go through?,Topups
Please sort your top up! My top up has been pending for an hour already. Can you please make it go through as soon as possible. I really need the money.,Topups
My top-up has not posted.,Topups
I made a top up yesterday but it's still pending.,Topups
"Hello, I'm a brand new customer and tried topping up for the first time today. It has been pending for half an hour and doesn't seem to be working. Please resolve this.",Topups
I have a new card and I can't add money to it.  I tried about 30 minutes ago and it is still pending.  What do I do?,Topups
I'm not certain my top-up went through yet.,Topups
I've been waiting for over an hour for a top up to go through.  How long is this supposed to take?  I really need this money.,Topups
Where to check top ups pending?,Topups
Cancel a transaction,Transfers
Am I able to cancel a transfer I just made,Transfers
"I needed to make a payment on my account, but I typed in the incorrect number.  The app won't allow me to cancel this transaction.  I need it cancelled ASAP!!",Transfers
I made a mistake this morning when I did a transfer. How do I reverse it?,Transfers
Can I cancel a transaction?,Transfers
"Hi, I sent a payment to the wrong account number - can you cancel it as soon as possible?",Transfers
How do I revert a transaction?,Transfers
I just realized I made the wrong transaction yesterday. Would  you please make it correct?I need it by tomorrow Please.,Transfers
How do i cancel a charge?,Transfers
"I didn't want to make a transaction, I want to revert it",Transfers
Is there a way to undo a transaction?,Transfers
"I accidentally made a payment from the wrong account yesterday. It's my rent payment, and it's very large, so the account I paid from won't be able to cover the amount. It's really important that the payment be made from the right account?",Transfers
I would like help to revert a transaction I did this morning,Transfers
Please help revert my transaction from this morning.,Transfers
Is there any way to cancel my transfer,Transfers
I messed up a transfer and need to reverse it.,Transfers
"Please cancel my most recent transfer, it was a mistake. This is an emergency. It needs to be canceled before it goes through.",Transfers
I made a mistake and performed a transaction on the wrong account!,Transfers
I want to revert a transaction I did this morning,Transfers
I need to change a transfer.,Transfers
How do I cancel a transaction?,Transfers
I need to cancel a transaction please!,Transfers
I want to revert a transaction I did,Transfers
"Could I please cancel my transfer, I paid it into the wrong account. I need to pay it into the right account by tomorrow.",Transfers
I need a transfer cancelled.,Transfers
I did a transaction this morning and now I want to cancel it.,Transfers
A transfer has to be cancelled.,Transfers
Is it possible to cancel a transaction?,Transfers
I messed up and made a transaction using the wrong account.,Transfers
One of my transactions needs to be canceled.,Transfers
I need to stop a transaction that I made.,Transfers
I need to cancel a transfer I made.,Transfers
"My transfer was wrong, are you able to stop it before it goes through please?",Transfers
I used the wrong account.,Transfers
I've made a horrible mistake!  I transferred money to the wrong account by accident!  I entered one of the digits wrong.  I need this cancelled immediately please.,Transfers
What are the steps I need to take to cancel a transaction?,Transfers
I would like to cancel a transfer...is this possible?,Transfers
I want to cancel the transaction I made earlier,Transfers
I submitted a transaction but it was for the incorrect account.,Transfers
"I stupidly initiated a rent payment from the wrong account yesterday. It can't be paid from that account, but it really needs to get paid on time. Am I able to move the payment to the right account?",Transfers
Can you help me to quickly cancel a transaction I accidentally did to the wrong account?,Transfers
"I don't think the transaction has gone through, so can I cancel a transfer?",Transfers
I wanna revert a transaction i did this morning.,Transfers
I did a transaction to a wrong account!,Transfers
Please help me cancel a transaction.,Transfers
I entered a typo when I was transferring money and now I've sent it to an incorrect account.  This is so bad!  I need it cancelled now.,Transfers
How fast can you fix an error in payment?  I made a payment in the wrong account yesterday and it needs to be adjusted by tomorrow for my rent.,Transfers
Please cancel my last transaction.,Transfers
How to cancel a transaction,Transfers
I need to cancel a transfer,Transfers
Help me cancel a transfer.,Transfers
"who do I talk to, to cancel a transfer?",Transfers
Help! I need to cancel a transaction.,Transfers
I made a mistake and need to cancel a transfer.,Transfers
If I make a mistake can I cancel the transaction?,Transfers
I need to cancel a transaction.,Transfers
I don't need to transfer anymore and I want to cancel it.,Transfers
How do I cancel a transfer?,Transfers
"I made a mistake on the last transfer I made, who must I speak with to cancel?",Transfers
Who do I call to cancel a transfer?,Transfers
It is extremely important that I cancel the transfer I made yesterday and put the money into a different account.  Is this possible?,Transfers
I made a transaction to the wrong account!,Transfers
Is there any way to cancel a recent transfer?  I did not mean to make it and need to make sure it does not go through.,Transfers
Is there a way to revert a transaction?,Transfers
I have a transaction and would like to know if I it's cancelable?,Transfers
I accidentally made a payment to a wrong account. What should I do?,Transfers
How can I cancel my transfer?,Transfers
I just realized I made the wrong transaction  yesterday. Would  you please make it correct?I need it by tomorrow.,Transfers
Am I able to stop a transfer?,Transfers
"I made a transaction, but I made it to an account I didn't mean to make it to.",Transfers
stop the transaction,Transfers
I need to reverse a transaction,Transfers
I just realised I made the wrong payment yesterday. Can you please change it to the right account? It's my rent payment and really really needs to be in the right account by tomorrow,Transfers
"I've just made a money transfer to the wrong account, I need to stop the money from being moved as it may be going to someone I don't know.  Please can you help?",Transfers
Please help!  The app won't let me cancel a money transfer.  I accidently sent money to an account that wasn't mine.  I need this cancelled immediately.,Transfers
Help me cancel a transaction.,Transfers
"I already made a transfer and want to cancel it, how do I do that?",Transfers
"Hi , I just came to know I made the wrong transaction  yesterday. Would  you please make it correct?I need it by tomorrow.",Transfers
I sent a payment to the wrong account number - can that transaction be reversed? I am worried about accidentally giving my money away.,Transfers
I want to reverse a transaction I did this morning,Transfers
"I need you to stop the transfer I just started as soon as possible, I just realized it's not correct!",Transfers
I would like to cancel my previous transaction,Transfers
I need urgent help. I realize I sent my payment to the wrong account number. I made a typo. Please cancel the transfer now. There isn't an option from the app.,Transfers
"I made a mistake and did a transaction to a wrong account, can I cancel?",Transfers
"Hi, I made a transfer yesterday that I need to reverse.  I need to put the money in a different account.",Transfers
I need urgent help. I realize I sent my payment to the wrong account number. I made a typo. Please cancel the transfer immediately. I cannot do anything from the app.,Transfers
I want to cancel a transaction.,Transfers
"I made a rent payment from the wrong account yesterday. It absolutely has to go through tomorrow, so can you please reroute the payment to the right account?",Transfers
"I no longer want to transfer funds, can we cancel that transaction?",Transfers
"I made a mistake when sending a payment, sending it to the wrong account number (with a typo) - can you please cancel the transaction?",Transfers
I need to cancel my recent transfer as soon as possible. I made an error there. Please help before it goes through.,Transfers
I am trying to revert a transcation I did this morning,Transfers
A payment I made is for a wrong amount can you help me correct the mistake.,Transfers
I inadvertently completed a transaction on a wrong account.,Transfers
I used the wrong account number!,Transfers
How can I cancel a transfer I made,Transfers
"I made a mistake of transferring, can I cancel my previous transfer?",Transfers
"I made a mistake when making my last transfer, please cancel before it goes thru.",Transfers
Can I stop a transaction?,Transfers
I wish to cancel a transfer,Transfers
I want to take back my transaction,Transfers
Is it possible for a transaction to be cancelled?,Transfers
"Hey i need help urgently. I just realised I sent my payment to the wrong account number, there is a typo! Please cancel it immediately, I can't do it anymore from the app",Transfers
is it possible to cancel transactions?,Transfers
Help! I made a transfer in error and need to cancel it before it's complete!,Transfers
I made a terrible mistake when typing in my account number.  I accidently sent money to the wrong account.  I noticed the app won't allow me to void the transaction.  Can someone help me with this immediately?,Transfers
Is it possible to cancel my transfer?,Transfers
How do I fix a transaction to the wrong account?,Transfers
I goofed up and used the wrong account.  Please help.,Transfers
I want to cancel a transfer I just made.,Transfers
"Could you refund my transaction, I paid it into the wrong account. I need to be able to pay it into the right account by tomorrow.",Transfers
My transaction is on the wrong account.,Transfers
"I paid my rent into the wrong account, could you please pay it into the right account, it needs to be done by tomorrow.",Transfers
How do I go about cancelling a transaction?,Transfers
"I have arranged a transfer, but no longer need to send it. How do I stop the transfer?",Transfers
I would like to cancel a transfer,Transfers
"Please help me, there is a transaction in the incorrect account.",Transfers
How can I revert a transaction from this morning?,Transfers
How do I cancel a recent transfer?,Transfers
Please can you block the transaction I just sent from my account? It was a payment but I accidently typed in the wrong details and think it might have gone to the wrong place.,Transfers
I made a transaction this morning but I need to revert it now.,Transfers
I made the incorrect payment for my rent yesterday and this needs to be fixed by no later than tomorrow. How can you help?,Transfers
I recently made a transfer but I need to cancel it as soon as possible.  Please let me know when this happens.,Transfers
I made a transfer into my account and now I need to cancel it,Transfers
"Cancel my transfer, please.",Transfers
I need to cancel a transaction immediately.,Transfers
Please help me!  A payment I made had an error on the account number and I can't cancel on my side.  Can you cancel it?,Transfers
I need to cancel my recent transfer quickly since I made a mistake. Please help before it goes through.,Transfers
Can I cancel a transfer I made,Transfers
Where do I go to cancel a transaction?,Transfers
How can I cancel a transaction to a wrong account?,Transfers
There's been a transaction to the wrong account.,Transfers
Please cancel the transfer I just made.  I put in the wrong account number and can't seem to stop it on the app.,Transfers
I want to revert this mornings transaction.,Transfers
"I didn't mean to do the transfer, is there any way to cancel it?",Transfers
I need immediate assistance in canceling a transfer which was a mistake. Please help me quickly so this does not go through.,Transfers
Cancelling a transaction,Transfers
The wrong account was used during a transaction.,Transfers
I just initiated a transfer but I'd like to cancel it.,Transfers
My morning transaction needs to be canceled.,Transfers
My transaction from earlier needs to be reversed.,Transfers
I recently made a transfer that I would like to cancel,Transfers
"Yesterday, I made an incorrect payment to the wrong account for my rent payment. I need this addressed as soon as possible and the funds transferred to the correct account by no later than tomorrow.",Transfers
What do I need to do to cancel a transaction?,Transfers
How can I cancel this transaction?,Transfers
Help please!  My rent payment is coming out tomorrow and I made a payment mistake yesterday! Can you put in in the correct account?,Transfers
I need help right now. I realize I sent my payment to the wrong account number after making a typo. Please cancel the transfer now since I can't do it from the app.,Transfers
I need help as fast as possible! I made a mistake on my most recent transfer; can you please stop it before it goes through?,Transfers
I want to cancel a transaction from this morning.,Transfers
A transfer has been made in my account that I need to cancel.  This was a mistake on my part and I hope we can get this resolved quickly.,Transfers
I need to cancel my recent transfer. I made a mistake. Please help quickly before the transfer goes through.,Transfers
I'm really upset because I made a typo during a transfer and now I've sent money to the wrong account.  I can't fix this with the app.  Please help me immediately!,Transfers
There was a transaction this morning that I'd like to reverse.,Transfers
What do I have to do to cancel a transfer?,Transfers
"I wanted to transfer money to another account, but now I don't have to so I'd like to cancel said transfer. How can I do that?",Transfers
please cancel the transaction,Transfers
What is the max amount of top-ups?,Topups
Are top-ups unlimited?,Topups
Can I increase my top-up maximum?,Topups
Can I top-up any amount?,Topups
What's the limit to how much I can top up?,Topups
Would I be able to top up as much as I can?,Topups
Do I have a limit to the number of top-ups per day?,Topups
need to know if there is a maximum i can top up,Topups
How many top-ups am I allowed to do?,Topups
How much is ok for me to top up with?,Topups
What is the maximum I can top up?,Topups
what is the most money i can top up?,Topups
Are there any top-up limits?,Topups
Is there a limit to the top-ups someone can do?,Topups
What is the greatest number of times that I can top-up?,Topups
Tell me if there is a limit to top-up.,Topups
Is there a top-up limit that I have to stay under during a given period of time?,Topups
How much am I allowed to top-up?,Topups
Is there a limit on how much I can top up?,Topups
Is there a limit to how much I can top-up?,Topups
Is there a limit for the amount I can top up?,Topups
what is the limit for top-ups?,Topups
How much can I top up in a day?,Topups
Do top-ups have limits?,Topups
Is there a limit to how much I can top up?,Topups
Please tell me the limit to topping-up.,Topups
Do top-up limits exist?,Topups
I would like to know how much I can top-up.,Topups
Whats the limit on my top up,Topups
Are there any top-up limits that I must follow?,Topups
Can I top-up any amount I wish on any given day?,Topups
Is topping up unlimited?,Topups
What is the highest amount of top ups I'm allowed?,Topups
is there a limit for top up?,Topups
Can I set my own top-up limit?,Topups
What are the rules for a top-up?,Topups
How often can I top up?,Topups
What is the highest amount I can top-up?,Topups
What is the most that I can top-up to a card?,Topups
What limits are the to top-ups?,Topups
How many times can I make a top-up?,Topups
Whats the max I can top up,Topups
What is the maximum top up?,Topups
What is the top-up limit for my card?,Topups
Tell me if there is a top-up limit.,Topups
What number of times can I top-up?,Topups
is there a limit to top up,Topups
What's the maximum amount I can top up my card with please?,Topups
How can I information on my limit for top-ups?,Topups
It seems I need to get information on limits for top-ups.,Topups
Are there any top-up limits involved?,Topups
What is my top-up limit?,Topups
Are there limits with top-up?,Topups
What is the max top-up?,Topups
What is your maximum top up limit per day?,Topups
"I need to add a serious amount of cash to my card, how do I do that?",Topups
Tell me about the limit for top ups.,Topups
Is there a limit to my top-up?,Topups
Is there a topping up limit?,Topups
Can I create my own top-up limit?,Topups
Can I top up?,Topups
How much could I top up?,Topups
How many top-ups can be approved?,Topups
What is the top-up limit?,Topups
Do you limit my top-offs?,Topups
Is the top-up amount unlimited?,Topups
How many top-ups can I use?,Topups
Is there a maximum for top-ups?,Topups
Will you set a limit to my top-up?,Topups
Is there a top-up limit?,Topups
How often am I able to top-up?,Topups
Can someone please tell me how much I can top-up?,Topups
What is the maximum for top-ups?,Topups
Do you have any top-up limits?,Topups
Do top-ups have a limit?,Topups
Can I top up any amount?,Topups
Can I use as many top-ups as I want?,Topups
Do I need to use a limit on top-ups?,Topups
What amount can I top-up?,Topups
Can you tell me the limit for top ups?,Topups
I need someone to assist me with explaining how much I can top-up.,Topups
What is the most I can top-up?,Topups
Is there a limit for top ups?,Topups
What is the max I can top up?,Topups
How often can I top up my account?,Topups
What's the amount that I can top-up?,Topups
Do you limit my top-ups?,Topups
is there a limit on top ups,Topups
What is the top-up limit on my cards?,Topups
What's my limit for topping up?,Topups
what are limits to top up,Topups
Is there any amount in which I would get cut off from topping up?,Topups
How much is the limit for top-ups?,Topups
How much can I top up on my card?,Topups
limits on top ups,Topups
What is the daily limit on my card?,Topups
What's the top-up limit?,Topups
Why did I only receive a partial amount of what I tried to withdraw?,Disputes
my atm transaction was wrong,Disputes
why did i only get 20.00,Disputes
Why is my cash request and the amount I received different?,Disputes
"I tried to withdraw $100, all it gave me was $20.",Disputes
The ATM didn't give me enough money.,Disputes
When I went to withdraw cash today the ATM gave me the wrong amount of cash. The app is showing a larger amount.,Disputes
I didn't get the all the cash i wanted from the atm,Disputes
I received $20 but I entered $100,Disputes
"Hi, I used an ATM today to take money out of my account, but the amount it gave me is not the amount I requested. What should I do?",Disputes
Did a WD earlier at an ATM.  The amount showing in the App is more than I got though.,Disputes
I didn't get the correct amount of money from the ATM machine,Disputes
Some cash was missing at ATM.,Disputes
I didn't get all the cash I asked for,Disputes
I tried to withdraw $100 but only got $20. What happened?,Disputes
how come when i asked for 100 it only gave me 20.00 in the app,Disputes
Asked for $100 but only got $20. Why would this happen?,Disputes
I wanted to withdraw $100 from the ATM but I only got $20,Disputes
I got less money than I asked for.,Disputes
"Hi, Please help me to request cash back. As i have been withdrawn money from ATM, but i got wrong amount. in Application its showing the amount i have been charged through.",Disputes
The cash I wanted wasn't there.,Disputes
I requested a higher amount for my cash withdrawal,Disputes
The amount of cash I received did not match the amount I requested,Disputes
The ATM didn't give me the full requested amount,Disputes
The amount of cash I received was not the full amount,Disputes
How can I request cash back? The ATM just gave me the wrong amount that I've been charged though...,Disputes
I was only given $20 after trying to withdraw $100,Disputes
I received less cash than the amount I specified in the ATM.,Disputes
I went tot the ATM earlier today and didn't realize this till now but I did not get all the money I requested.  I believe my account was charged for 100 but I only got 80.  Is there any way we can solve this problem?,Disputes
I got less cash than what I specified at the ATM.,Disputes
Why did I not get the amount of money I requested?,Disputes
I'm at the ATM right now and it only allowed me to withdraw 10 pounds instead of my requested 30. What's going on? How can I fix this?,Disputes
I got $20 when I should've gotten $100,Disputes
How can I request cash back? The ATM gave me the wrong amount that I've been charged though...,Disputes
I didn't receive the amount of cash I requested for the ATM.,Disputes
my cash balance less than what I thought,Disputes
It didn't give me my cash,Disputes
It kept my cash,Disputes
I only got $20 of the $100 that I attempted to withdraw.,Disputes
"Hi, I draw out some money from the ATM today. The ATM has given me wrong amount and the application is displaying more amount than i withdraw.",Disputes
I tried taking out 30 pounds from the ATM just now and it only gave me 10. Why would it do that? I need the 30 pounds now!,Disputes
"HELP! I tried to get cash and it gave me some, but not the right amount!",Disputes
"I am calling because the ATM didn't give me the right amount of cash, but my app shows the actual amount I wanted to withdraw. What should I do to get my money back?",Disputes
Why didn't I receive the right amount of cash?,Disputes
Why didn't I receive the right amount of cash at the ATM?,Disputes
I received the wrong amount of cash back,Disputes
Why did I only get $20 now the full amount I wanted?,Disputes
The amount of cash I selected to withdraw is different than what I received.,Disputes
What do I need to do to get cash back? The ATM gave me the wrong amount that I requested but the app is showing the amount to be correct.,Disputes
What do I need to do to request cash back? The ATM actually just gave me the wrong amount. The app I actually chose the right amount.,Disputes
I was just giving the wrong amount by the ATM. How do I request cash back at this point? The app is showing the amount that I actually requested even though that's not what I got.,Disputes
"I normally don't use ATMs, but I was in a rush today and had to withdraw some cash. The ATM gave me the wrong amount of money and now my app is not showing the same amount as it should. What do I do?",Disputes
I received incorrect amount of cash from an ATM today. It was more than I wanted. What do I do now?,Disputes
ATM is broken. It did not give me the full amount (30 pounds.)  I'm standing here with only 10 pounds and it's telling me it gave me 30 pounds. I need assistance now!,Disputes
Why didn't the ATM give me all my money,Disputes
I did not get the right amount of cash from the ATM.,Disputes
Why did I get less from the ATM?,Disputes
The ATM only gave me 10 pounds when I withdrew 30. What do I do?,Disputes
Machines make mistakes too! The ATM gave me the wrong amount of money. Too much!,Disputes
I could only take the amount of money that was available to me which was less then I expected.,Disputes
I was given less cash then I wanted.,Disputes
"Hello, I didn't receive the right amount on my ATM transaction,  the app shows the correct amount how can we fix this",Disputes
I did not receive my full withdrawal amount,Disputes
I received a different amount of cash than what I entered.,Disputes
"I only received $20, but I requested $100.",Disputes
"Help, your app is showing a larger WD than I actually did earlier at an ATM.",Disputes
"I think something went wrong, I didn't get the right amount.",Disputes
What do I do if I got the wrong amount at the ATM?,Disputes
I did not receive the right amount of cash I requested,Disputes
I attempted to withdraw some money from an ATM this morning and received the wrong amount. Your app says I have enough money available in the account. Can someone tell me what's wrong?,Disputes
What happens if the ATM doesn't give the right amount of money?,Disputes
I asked for more cash than what was received,Disputes
Why can't I take $100 out,Disputes
I requested $100 but only got $20,Disputes
"I took out cash from the ATM, but something must have went wrong, My account shows the correct amount of cash I took out, but the ATM didn't give me that amount. How do I get my money back?",Disputes
I tried withdrawing but my cash is not showing up?,Disputes
I was not able to receive the correct amount of cash.,Disputes
I didn't receive the correct amount of cash,Disputes
I did not get enough cash,Disputes
"I tried to withdraw some money from an ATM this morning but wasn't able to get the amount of cash I needed. The amount in the app says what I was trying to withdraw was deducted, but I don't have any money. What do I do about this?",Disputes
The ATM is showing it gave me the money I requested but I didn't get that amount.,Disputes
The correct amount of cash was not received.,Disputes
I am so angry right now!  I went to the ATM and did not get the correct amount of money I chose to withdraw.  How could this happen?  I need my money and want to know how I can get it ASAP!,Disputes
I was given the wrong amount of cash,Disputes
The atm didn't give me all my cash,Disputes
"Why did I not get all the money that I asked for? I asked for all the cash in my my account, but I only got about half. Why is that??",Disputes
I did not ask for the amount of cash that I received.,Disputes
Got only $20 when I tried to withdraw $100.,Disputes
The app is showing that I received alot more money than I actually received from the ATM. This occurred earlier today.,Disputes
The ATM gave me less cash than requested,Disputes
Why didn't I receive all the cash I requested?,Disputes
I tried to withdraw 40 pounds but only 20 came out. Did you steal my money?,Disputes
Yikes!  I didn't get the amount of money that I requested.  What do I do now?,Disputes
How can I request cash back? The ATM just gave me a different amount than what I've been charged though...,Disputes
I selected to withdrawal 30 pounds but only received 10. I'm still standing in front of the ATM. The app shows i took out 30 pounds also. How do i fix this?,Disputes
My cash received does not match what has been requested,Disputes
I was not given the amount of cash I withdrew,Disputes
I was not distributed all of cash that I requested,Disputes
The machine gave me the wrong amount of cash.,Disputes
"I asked for a certain amount of money from the ATM, but it gave me a different amount. Less than what I asked for.",Disputes
"I asked for $40 and I only received $20, what happened?",Disputes
Why didn't I get the amount I requested at the ATM?,Disputes
The ATM didn't give me enough money! I asked for more than it gave. What do I do?,Disputes
I received the wrong amount of cash.,Disputes
I haven't received my cash yet.,Disputes
I did not get all the cash at ATM.,Disputes
"If the ATM only gave me 10 pounds instead of the 30 I requested, what do I do?",Disputes
Earlier today I took money out the ATM. After checking the app the amount is so much higher than the amount I received.,Disputes
Why did I get less cash than what I asked in the ATM?,Disputes
My cash withdrawal was short.,Disputes
I was not distributed the correct amount of cash that I asked for,Disputes
The ATM shows a withdraw of the amount of money I requested but I didn't revieve that amount in cash.,Disputes
"When I went to $100, all the machine would give me was $20.",Disputes
What happens if the ATM gives me the wrong amount of money?,Disputes
i did not get any money but still was charged,Disputes
You shorted me money when I tried to make a withdrawal.,Disputes
i asked for 100 only got 80,Disputes
"I got some cash at an ATM earlier, but now app is showing that I withdrew more than I did.  Help!",Disputes
Cash withdrawal was incorrect at ATM.,Disputes
"I withdrew money from an ATM today, and now my account is showing a different amount than what I withdrew. I checked the amount the ATM gave me, and it looks like it gave me the wrong amount of money. What is the best thin for me to do to get this fixed?",Disputes
Why did the ATM give me less money than what I requested?,Disputes
I did not receive the right amount of cash.,Disputes
How can we correct a mistake on an ATM transaction?  The app shows what I should have gotten.,Disputes
Why did I not get the amount I specified at the ATM?,Disputes
The ATM didn't give me what I asked for but my balance says it did,Disputes
I got less cash than what I specified for through the ATM.,Disputes
What happened! I asked for 30 pounds at your ATM and only go 10. The machine lied about it too. It said I received the full 30 pounds. Someone better help me asap on this.,Disputes
A wrong amount of cash we sent to me.,Disputes
"I took out money, and didn't get all of it.",Disputes
How can I get cash back? The ATM just gave me the wrong amount that I've been actually charged though...,Disputes
"Please help me with the amount that i have withdrawn from the ATM today, the ATM has given me wrong sum of amount, and i could see that the app is displaying the greater amount than taken out.",Disputes
I withdrew $100 but only received $20,Disputes
I requested money from the ATM and it didn't give me as much as I requested.,Disputes
"Hey I am standing in front of an ATM here, it only gave me 10 pounds even though I wanted to withdraw 30! Seems like the app has 30 pounds, what do I do??",Disputes
$20 came out instead of $100,Disputes
How can I fix this? The ATM gave me more cash than I'd asked for.,Disputes
I could not get the cash I wanted,Disputes
I wanted to take out $100 but I only got $20.,Disputes
"Help, the ATM didn't give me all the money I requested",Disputes
The cash I asked for still hasn't been received,Disputes
I wanted $100 but only got $20,Disputes
The ATM didn't give me the amount I asked for,Disputes
Where'd the rest of my cash go from the ATM,Disputes
I got less cash at the ATM than I asked for. Why?,Disputes
There was a limited amount of money available at the time of my transaction.,Disputes
My cash withdrawal was not entirely complete,Disputes
The atm didn'y give me all the cash,Disputes
The ATM is messed up. It gave me less than I wanted.,Disputes
I received the wrong amount of cash from the ATM. Can you help?,Disputes
ATM only gave me $20 instead of $100,Disputes
I was only given $20 when I tried to get $100,Disputes
I needed $100 but all it gave me was $20.,Disputes
I tried pulling out money at the ATM and it gave me an incorrect amount back.,Disputes
Why did I only get $20 when I asked for $100?,Disputes
The amount of cash i have received is not correct.,Disputes
How can I get my money that I didn't get from the ATM?,Disputes
"Hi, Today i have withdrawn cash from ATM but i got wrong amount and in the app it is showing much more amount than that.",Disputes
I didn't get all the money I asked for,Disputes
The ATM did not give me as much cash as I requested.,Disputes
How can I request cash back? The ATM just gave me a different amount than what I've been actually charged though...,Disputes
Why is my withdrawal wrong? I took out $100 but only received $20.,Disputes
I asked for cash but I did not receive all the funds,Disputes
The ATM I'm standing in front of only gave me 10 pounds rather than the 30 pounds I wanted. The app shows I took out 30 pounds also. What do I need to do to fix this?,Disputes
I only got some of the cash I requested from the ATM,Disputes
"I am at the ATM and tried to withdraw 30 pounds and it only gave me 10 pounds, what do I do?",Disputes
I got the incorrect amount of money given to me from my account,Disputes
I did not receive the correct amount of cash.,Disputes
I did not receive all of my cash back,Disputes
I got some cash but it wasn't the right amount.,Disputes
Can you explain why the ATM is giving me less money than what I asked for?,Disputes
I tried to withdraw 50 pounds but it only gave me 30. Where is the rest of my money?,Disputes
I visited the ATM but got less money than what I requested. Why?,Disputes
I couldn't get the money I needed.,Disputes
Who should I contact if the amount of my withdrawal doesn't correspond to the amount that I tried to take out of my account?,Disputes
I made an ATM withdraw it didn't give me the amount I asked for but is showing a withdraw for that amount.,Disputes
So I just went to the ATM to get some cash.  I input that I needed 100 pounds but I only got 80.  I have the receipt  and I am in need of the extra money.  How do I go about obtaining the missing amount?,Disputes
The amount of money I pushed at the atm machine did not come out of the machine.,Disputes
"I got less than what i asked for in the ATM, why?",Disputes
"I'm stuck here at your broken ATM and I don't know what to do next. Asked for 30 pounds, got 10. ATM said I got 30. Something very wrong here and I want my money now!",Disputes
The machine only paid me a hundred when I wanted 20,Disputes
There was a fee charged when I paid with my card.,Payments
I received a fee I should not have.,Payments
Why am I being a charged for using my card?,Payments
Tell me why there is a fee for a card payment.,Payments
I don't understand why I'm being charged for using my card.,Payments
I paid with my card so so why was I charged a transaction fee?,Payments
"I shouldn't have been charged but I see a fee, why?",Payments
"i made a payment with my card and was charged a fee, why would you do that",Payments
A fee came along with me paying with card,Payments
I had to pay a fee when buying items with my card.,Payments
Why is there a fee when I thought there would be no fees?,Payments
Why are there fees for using a card?,Payments
I had to pay money for paying with my card.,Payments
"I'm going on holiday to France for 6 weeks with my family and the cat, Fluffy.  I just purchased €10,000 from a currency exchange to ensure we don't run short but there appears to be a fee.  What is this for?",Payments
What are the reasons to be charged a fee on card payments?,Payments
I paid with card and was charged a fee that shouldn't be there!,Payments
Why was I charged an extra fee when paying with card?,Payments
I noticed a new fee on my account. I didn't know there were fees for these payments. What is the policy?,Payments
I don't understand why I was charged an additional fee for this service. Can you clarify?,Payments
Why is there a fee for using my card?,Payments
Why was my transaction charged an extra fee when paying with my card?,Payments
"Where can I find out the fee structure for my account? I have been charged fees for some transactions, but not for other ones. I can't find a pattern in these fees.",Payments
"On a card payment, why is there a fee?",Payments
Why did I get charged a fee for my card payment?,Payments
Why are you charging me fees for using my card?,Payments
What is the extra fee that showed up on my card?,Payments
Why was I charged a fee for using my card,Payments
Let me know when I get charged extra for payments. I saw on the app a fee I wasn't forewarned about.,Payments
I was charged a fee for using my card. Can I check that in any way? It seems like there are occasions that I am charge for fees. Can you elaborate this?,Payments
I got charged a service fee on my account. Can it be waived since I didn't know about it before?,Payments
I think a fee was applied for paying with a card.,Payments
I'm being charged for using my card!,Payments
I bought something with my card and I was charged a fee,Payments
I received an extra charge for using the card. Why?,Payments
Can you explain why my payment was charged a fee?,Payments
Is there a fee for paying by card?,Payments
Who charged me a fee for paying by card?,Payments
I have a fee showing from last time I used my card.,Payments
Why is this fee being charged to me after using my card?,Payments
"Why wasn't it obvious that you charge for payments? If you put the fees in an easy to read format, this could have been avoided.",Payments
Why am I being charged fees on some transactions but not on others? What am I missing here? I cannot find where to see the fee structure on my account. Help!,Payments
I payed with the card and there was an extra fee?,Payments
Is it normal to be charged an extra fee when paying with my card?,Payments
Why was there a fee for paying by card?,Payments
How did the extra charge on my card come in effect?,Payments
Please tell me why I was charged additionally when I used the card.,Payments
I made a purchase with my card and I was charged a fee for using it,Payments
I was made to pay a fee for making a transaction with card.,Payments
"Why, when paying with the card, was I charged an extra fee?",Payments
I have never been charged a card payment fee before. Why did this change?,Payments
What can i pay with out  fees,Payments
Why and I being charged this fee?,Payments
Why was I charged a fee? I thought shopping was free?,Payments
There was an extra charge when I used my card,Payments
What is this fee for card payment?,Payments
I saw a fee on my app from one of my payments and I wasn't sure where it came from. Is there a way you can tell me when there's an additional fee for my payments?,Payments
Why was I charged for payments? You didn't warn me about additional fees.,Payments
"i have used my card online before and wasn't charged, why am i charged now",Payments
"I paid with my card and got charged an extra fee, what's up with that?",Payments
I used my card and there was a fee,Payments
"I am tired of getting charged fees, and I have no idea why, please let me know what/when you charge fees for.",Payments
Why am I getting a fee on a card payment?,Payments
"Hi, I am new to this. Are there any additional fees or charges that I should be aware of? I was looking through the app and I thought I saw something in regards to fee-free allowances.",Payments
I noticed that i got charged extra for using the card.,Payments
I paid with a card and there is an extra charge. Why?,Payments
Can you explain why I am now getting charged a fee for using my card?,Payments
"There are multiple instances where you added a fee to the payment, as well as some where you didn't. Do you have an outline of when a fee will be added?",Payments
I have been charged a fee that I didn't know about. Why have you charged me extra for card payments?,Payments
I got a fee when paying with my card,Payments
why is there a fee for a payment on my card?,Payments
"When using my card I was charged a fee for doing so, why?",Payments
What was I charged a fee for card payment?,Payments
What is this extra fee?,Payments
Why did I have to pay extra because I paid with my card?,Payments
I want to see what this fee is on my card payment.,Payments
Let me know when you charge extra for payments please. I just checked the app earlier when I saw that there was an additional fee on one of the payments that I wasn't warned about before.,Payments
how do i avoid charges in the future,Payments
An extra fee has been added to my card payment is this correct?,Payments
Why was there an extra charge because I used my card to pay?,Payments
Why do I have to pay extra for using my card?,Payments
"Unbeknownst to me, there was an additional charge on my prior transaction. A notification of sorts should be required and explained before future payments are made.",Payments
I paid with my card and was charged extra,Payments
My account was charged a fee. When did you start charging extra for card payments?,Payments
Explain the extra fee on my card when paying.,Payments
I was charged and shouldn't have been charged when using my card!,Payments
I have a fee and I don't know why,Payments
I was mistakenly charged a fee for using my card.,Payments
tell me why I was charged more with my card?,Payments
"My card is showing a fee from when I used it, but I thought this card was supposed to be fee free?",Payments
There was an extra fee when I paid with the card.,Payments
I think I was wrongly charged in a recent transaction when I used my card.,Payments
"I have been charged a fee, I didn't know about this fee before! When do you charge extra for card payments?",Payments
I was spending cash with my card and got a fee.,Payments
What are these fees i am paying?,Payments
Why have I been charged a fee for card payment?,Payments
How come I was charged an extra fee when paying with the card?,Payments
Why is there a charged fee for debit or credit card payment?,Payments
Am I getting charged for making a payment?,Payments
Why do some of my payments have fees?  I don't understand.,Payments
Why did I have to pay an additional amount when using my card to pay?,Payments
I paid with my card and I was charged a fee,Payments
There was a charge applied when I used my card.,Payments
I was charged a hidden fee when I paid with card.,Payments
Why does it cost more to pay with my card?,Payments
Is there a place to check for fee for payments? I feel like I'm getting charged too much at times.,Payments
I need to be made aware when I am being charged an extra amount for payments please. I looked over the app earlier and noticed an additional feel related to one of the payments. I was not warned about this before.,Payments
Why was I charged extra when paying with card?,Payments
Why am I charged a fee when using my debit or credit card?,Payments
"I am getting charged fees on some payments.  Please help me understand, where are these fees disclosed?",Payments
Why was the price higher when I paid with my card?,Payments
I just made an order and noticed an extra fee. Why have you charged me this without informing me?,Payments
I didn't know I was going to get charged to use my card.,Payments
I have been charged an extra fee when buying from your store. Why is this?,Payments
What is this extra fee that I got when I used my card to pay?,Payments
Was I charged extra for using my card?,Payments
Let me know when applying extra charges for payments. I just checked the app and saw a fee that I wasn't warned about.,Payments
Why was I charged an additional fee when paying with card?,Payments
Why did I get charged extra?,Payments
I paid with card and I was charged a fee,Payments
I made a purchase but never expected to see a fee charged for the transaction.,Payments
I was charged for using my card?,Payments
My card was charged more than expected.,Payments
Where can I check to see if there will be a fee added to my payment? Are there specific instances that will result in a fee added?,Payments
Why have i been charged a fee for using my card?,Payments
Why was I charged extra using my card?,Payments
How was I charged extra when I used my card to pay?,Payments
When do i get charged a fee for using the card?,Payments
"I see I was charged extra when I used the card.  I am not sure why, please tell me why.",Payments
Why was I charged a fee for my card payment?,Payments
Why was I charged an extra fee when using the card?,Payments
Let me know when you charge for payments. I just checked the app and saw a fee that I wasn't warned about.,Payments
What is the charge for paying with my card?,Payments
I paid with my card and ended up being charged a fee.,Payments
Why is there a fee on a card payment?,Payments
I was unaware of the additional charge that was added onto my previous payment. A notification of extra charges would be appreciated in the future.,Payments
I don't think I should have been charged a fee to use my card.,Payments
A fee that shouldn't be there is there after using my card!,Payments
"How do I see what fees I am supposed to be charged on my account? I've noticed fees on some transactions, but not on others. This is very confusing and I cannot find a pattern to what I am being charged?",Payments
Why am I getting charged more for using my card?,Payments
I see a fee that I think was charged because I paid by card.,Payments
What are the fees imposed when I make a transaction?,Payments
What was the extra charge for using my card?,Payments
Why was a fee added to my bill when I used my card?,Payments
Please tell my why I was charged a fee for using my card?,Payments
How can I check how much free spending I have left? I have some big purchases coming up and want to know where I can look for any info.,Payments
I was charged a fee when buying stuff with my card.,Payments
I was charged an additional amount of money for making a purchase with my card,Payments
What is the fee charged for using my card?,Payments
I just saw a fee on my account. When do these get charged?,Payments
Is it normal to get charged extra when i use my card?,Payments
This fee shouldn't be there after I paid with a card.,Payments
Why am I charged an extra fee on my card?,Payments
Why did I get charged more for using my card?,Payments
I recently bought an item using my card and I was charged an extra fee why is this?,Payments
I am angry that I got charged for using my card.,Payments
I wanted to know why i got an additional fee when i use my card.,Payments
"Is there a fee for making a payment? If so, let me know why.",Payments
Please tell me why I would have to pay a fee for a recent payment. Thanks.,Payments
Why was I charged a fee for debit or credit card payment?,Payments
Why was an extra charge added when I used my card?,Payments
Why have I been charged a small fee to use my card?,Payments
I was charged an extra fee for a card payment. I was unaware of these fees beforehand.,Payments
Why is there a fee associated with card use?,Payments
What is this fee showing up in my account for?,Payments
I got charged for with a fee for paying with my card.,Payments
Why am I being charged a fee on a card payment?,Payments
Is there a  way to  get around fees,Payments
I noticed an extra fee when I paid with my card.,Payments
You advertise no fee when paying with a card then my statement shows a fee.,Payments
"There was an extra fee when I paid with my card, why was i charged this extra fee?",Payments
Why was there an additional fee on the payment I just made? I don't usually have additional fees applied to my payments.,Payments
what is this extra charge with my purchase?,Payments
Hello! I randomly got charged an extra fee today as i was shopping online and i have no idea why! Are there extra fees for card payments? Or am i missing something here?,Payments
Please explain the extra fee when I paid with the card.,Payments
When do you charge fees on accounts? I just saw a charge on my statement.,Payments
After I used my card I saw I was charged a fee for using it,Payments
Is there an allowance on cards?,Payments
Why am I being charged a hidden fee?,Payments
Can you explain why I was charged extra when I used the card?,Payments
Why did I get charged a fee on my card?,Payments
Do you have charges now when you pay with a card?,Payments
What is the extra fee that was added when I used the card?,Payments
Why am I charged a fee for using my card on some purchases?,Payments
Why am I being charged a fee for using my card? If there is some print out of places that charge me can you please send me that?,Payments
How can I tell if there will be a fee added to my payment or not?,Payments
You promised no fees but now I've got one. What the hell!?,Payments
How do I know which payments I make will have additional fees? Where can I find this information online?,Payments
I am worried that too much time has gone by for a transfer to be completed.,Transfers
What is the time frame that it usually takes for a transfer to come through? I have a friend needing it immediately but it has yet to come through.,Transfers
My money transaction can't be seen by the person I sent it to,Transfers
"How long does it typically take a transfer to go through?  I sent some money to a friend earlier today, and she really needs it.  It still is a pending transfer, even though I sent it a few hours ago.",Transfers
"I have done a transfer within the country the day before yesterday, but it's still not there yet. Can you please check what's going on with that, the account number definitely is the right one, I've checked that already.",Transfers
"I have done a transfer within the country the day before yesterday, but it's still not there yet. Can you please check what's going on with that, the account number is the right one, I've checked that several times already.",Transfers
My money transaction hasn't arrived.,Transfers
I sent money to a person and they haven't received the payment yet.,Transfers
I do not know where the transaction is.,Transfers
I transferred money but the recipient does not see the funds in their account?,Transfers
why hasn't a transaction to a friend cleared yet?,Transfers
The app isn't showing my transactions,Transfers
Why isn't the recipient seeing the transaction? I just sent the money.,Transfers
I transferred money and it didn't get there.,Transfers
Is there a reason why a recipient might not see my money transaction,Transfers
I don't see the transaction I made to a friend on my account.,Transfers
why has a transaction to a friend been delayed?,Transfers
"A transaction I did to my friend hasn't arrived yet, why?",Transfers
Where is my last money transaction,Transfers
I am having an issue with an in country transfer I did a few days ago. It has yet to appear in my account. I have checked to be sure that all account information is correct multiple times. What is taking the transfer so long?,Transfers
I made a transfer the day before yesterday within this country. It is still not showing up at all. I have double-checked and the account number is certainly right. I've actually type this multiple times. can you look into what is going on here?,Transfers
How much time do transfers typically take? I sent money to a friend who needs it urgently. It's been hours and has not gone through.,Transfers
A transaction to a friend still hasn't shown up.,Transfers
I sent money and the recipient has not received their money after two weeks.,Transfers
How long will it take for my transfer to arrive?,Transfers
Why did the funds not transfer to another recipient?,Transfers
I sent a payment but it isn't showing up in the app,Transfers
I tried to transfer some money and it hasn't done it yet - what's going on?,Transfers
I made a transfer and they haven't received the money I sent them.,Transfers
"how long does it take to transfer money, my retailer is waiting",Transfers
"I sent money to someone but they haven't gotten it, what's going on?",Transfers
"How long does it take for transfers to process?  I sent funds to a friend, and she says that she has not yet received anything.",Transfers
Why hasn't the transaction I did to my friend arrive yet?,Transfers
I sent money about 5 days ago and the recipient has not received the money yet.,Transfers
I am just waiting on the completion of the transaction.,Transfers
My cash transaction isn't showing on my account,Transfers
Why hasn't my transaction arrived?,Transfers
When are you going to transfer the money?,Transfers
"I have moved to a new house and set up a rent payment to my landlord, it was supposed to be in her account a few days ago but it hasn't arrived.  I definitely sent it to the right place, can you confirm where the money is?",Transfers
I need to check status as my friend hasn't got money I sent.,Transfers
How long do transfers typically take? Is there a way of speeding the process up? My friend needs the money I sent her desperately.,Transfers
wheres my money receipt,Transfers
Money is not in recipients account.,Transfers
How long does it take for money to transfer?  I sent some to a friend and it hasn't gone through yet.,Transfers
Why hasn't the transaction I did to my friend arrived yet?,Transfers
"How much time do transfers take? I sent money to a friend who needs it fast. It's been hours, and the money has not gone through.",Transfers
"How long should a transfer normally take to process completely? I have a friend that needs it right away, but it's already been 2 hours and she hasn't received it.",Transfers
My friend says he hasn't received my transaction,Transfers
What is the length of a transaction completion?,Transfers
I transferred some cash and it has not arrived yet.,Transfers
I need to transfer some money to a friend who is in urgent need of some fast cash. How long will it take before she can use that money?,Transfers
Two days ago I did a transfer to another account within the country.  It doesn't appear the transfer went through.  I have verified the account number several times.  Could you please check on this for me?,Transfers
Where did the money transfer go?,Transfers
When will the transaction be done?,Transfers
I transferred some money to my mom 2 days ago and she has not received it. I double checked the information and it looks right. Can you help me?,Transfers
Why is it taking so long for a transfer to complete!,Transfers
Why is my transfer taking so long to complete?,Transfers
I am just waiting for the transaction to be completed.,Transfers
How long do I have  to wait for my transaction to be completed?,Transfers
I did a money transaction and the recipient doesn't see it,Transfers
Why hasn't my friend received the money i sent them yet?,Transfers
I sent money for my rent to my landlord but she is claiming it hasn't arrived in her account  Can you trace the transfer I made to make sure it arrived so I can provide proof I sent it and that it has been deposited?,Transfers
Why didn't my friend's transaction arrive yet?,Transfers
Still waiting for transfer to be completed.,Transfers
I transferred some money but it is not here yet,Transfers
What do I do if I completed a money transfer but the recipient hasn't received it?,Transfers
"I have done a transfer within the country a couple days ago, but it's still not there yet. Can you please check what's going on with that, the account number definitely is the right one, I've checked that several times already.",Transfers
I'm still waiting for my transaction.,Transfers
Why hasn't a transaction I did to my friend arrived yet?,Transfers
I set up a payment to a new payee and sent some money but the person I'm sending it to has not received it.  Can you check where the money is?,Transfers
My new landlord says he hasn't received the rent payment that I transferred a couple days ago. I've already checked the account numbers and they are correct. Can you tell me what's going on with this transaction that the transfer isn't showing up on my landlord's end?,Transfers
"I can't see if the transfer I did a couple days ago is in my account yet. I double checked my info before sending, too. Can you check this?",Transfers
My transfer has not arrived.,Transfers
How long does it take for the transfer to go through?,Transfers
What happens when I money transaction doesn't show up on the receiving side?,Transfers
"I'm trying to make a payment to my new landlord. Even though the payment was sent a few days ago, it isn't clearing on their side. Can you verify that payment has been made?",Transfers
"i've waited 2 days for a transfer to reach a retailers account, am i going to have to wait longer.",Transfers
my friend has not got the money I sent last week.,Transfers
Why can't the person I sent the money transfer to see it?,Transfers
The money has not yet been placed in recipients account.,Transfers
I'm getting concerned here.  I sent a friend some money and she isn't seeing it.  What's going on?,Transfers
I completed I transfer the day before yesterday in this country. The transfer still is not complete. I've checked on the account number multiple times to make sure that it is the right one. Can you check to see what's going on with this?,Transfers
"I made a transfer for my rent payment about 2 days ago, but my landlord hasn't received it yet. It shows as done on my  side, and I've double check all account numbers and they are correct. Can you verify that the transaction was actually made?",Transfers
Why hasn't arrived yet a transaction I did to my friend?,Transfers
I'm waiting for my transaction to complete.,Transfers
Why hasn't my friend received the transaction?,Transfers
I transferred money and it hasn't come yet,Transfers
Why hasn't my son received the transfer I sent to him earlier?,Transfers
How long do money transfers take? My friend really needs the money i sent a couple of hours ago but it's not there yet.,Transfers
Why hasn't the money transfer arrived yet?,Transfers
I have not received the completed transaction.,Transfers
how long does it take for a transfer to arrive,Transfers
How come my money hasn't shown up yet?,Transfers
"Hello, a few days ago I transferred my rent check to my landlord, however, he is saying that it has not gone though. On my end everything looks fine and I double checked the account number. Is there anything else that could be holding up the check?",Transfers
Why can't the recepient of my money transaction see it?,Transfers
The recipient doesn't see the money transaction I made,Transfers
How long will my transaction take?,Transfers
How long should it take for a transfer to go through? I have been waiting a while.,Transfers
"i accidentally entered in my retailers information, what should i do next",Transfers
I transferred some cash and it didn't arrive,Transfers
where has my transferred money gone?,Transfers
I tried doing an in country transfer earlier this week. I thought it would be there by now but I still don't see the money. Can you check the status on my transfer?,Transfers
Is there a reason a payment is showing complete on my side but the person who is receiving it has not gotten it?,Transfers
I've checked multiple times to make sure the account number listed is the right one after attempting to make a transfer within the country the day before yesterday. The transfer is still not available so can you please find out what is going on?,Transfers
I transferred some money but it hasn't arrived.,Transfers
Why is my transaction taking so long to complete?,Transfers
My transfer isn't in,Transfers
I sent money to my family last Friday but they don't have it.,Transfers
When will I get my money? It's been too long.,Transfers
Why didn't my transfer get to the recipient?,Transfers
I haven't received money from a transfer?,Transfers
"I transferred a payment a couple days ago and it shows done, but it has not been received.  Could you please help me?",Transfers
I payed my rent to my landlord a few days ago and he is saying the it never went though. Everything looks good to me and I even double checked the account number. I don't know what could be causing the confusion. Can you help me please?,Transfers
My transaction has not been received. When are you going to process it?,Transfers
"Hi, I sent my landlord my rent money a few days ago and while everything seems good on my end he says that he never got the money. I double checked the account number and it's correct. Can you help me figure this out?",Transfers
My cash transaction isn't showing on my receipt,Transfers
My transfer hasn't arrived,Transfers
I did a money transaction and dont have a receipt,Transfers
I have a friend who needs money as soon as possibly. If I were to transfer it how long will it take to get to her?,Transfers
Why hasn't my friend's transaction arrive yet?,Transfers
Hi - I have made a transaction to my new landlord but unfortunately it shows on my end but not on the landlord's end. The numbers are correct. Can you confirm when that will go through?,Transfers
I sent money to someone but they haven't gotten it yet,Transfers
How long will it take to receive my money from my transfer transaction?,Transfers
My transfer didn't arrive to the recipient,Transfers
Recipient has not received the money,Transfers
The recipient can not locate funds.,Transfers
Why has my transfer not arrived yet?,Transfers
My new landlord is a lier and is trying to rip me off by saying I've not paid my rent when I have paid my rent.  What is going on?  They say the money hasn't got to them but I see it going out of my account.  Can you check that the money went to the right place?,Transfers
I made a transfer to my friend earlier and she hasn't received it yet.  What's the hold up?,Transfers
"|I moved out of my old house two weeks ago and cancelled my direct debit to my old landlord, this direct debit was working fine.  Now I've moved in to a new place and set up a transfer to a new landlord but it's not reached her yet, can you check it please?",Transfers
Why is the transaction to my friend still pending?,Transfers
"The day before yesterday, I performed a transfer within the country. It still has not completed. Can you check on that? The account number is definitely correct, as I've checked.",Transfers
"I have checked the account information several times to be sure that it is correct, but the in country transfer I did a few days ago still has not appeared! What is the hold up?",Transfers
"I performed a transfer within the country the day before yesterday, but it has not gone through? Can you check on that? The account number is definitely correct, as I've checked.",Transfers
The day before yesterday I transferred funds to another account within the country.  The funds have not yet arrived.  I double and triple checked the account number and it was correct.  Why hasn't the transfer been completed yet?,Transfers
Why doesn't the person I sent money to see that transfer yet?,Transfers
"How long does it take for transfers to be approved?  I sent funds to my girlfriend, and she says that she has not seen any approved funds in her account.",Transfers
How long will it be  before the person I sent money to is able to see it?,Transfers
I'm still awaiting for the completion of the transaction.,Transfers
What is the time for a transfer?,Transfers
I dont see my reciept,Transfers
Why hasn't my transaction been completed?,Transfers
I sent some money and the account hasn't recived the transfer I made.,Transfers
I'm still expecting the transaction to be finished,Transfers
I transferred some money to a friend of mine who urgently needs some money right now. How long will it take to get to her?,Transfers
"I sent a payment, but the person I sent it to says they don't have it",Transfers
"I have done a transfer within the country the day before yesterday, but it's still not there yet. Can you please check what's going on with that, the account number definitely is the right one, I've checked that several times already.",Transfers
"I need to verify a payment to my new landlord. I transferred the first rent payment a few days ago. While it shows on my side, the landlord is saying he hasn't received it yet. Can you verify that it has processed?",Transfers
"I've been waiting since Friday, where is my money?",Transfers
I sent some money but the intended recipient says it hasn't arrived,Transfers
Could you please help me?  I made my rent payment and have double checked that I sent it to the right account.  The person receiving it says he has not received it but it shows complete on my side.,Transfers
I just did a money transaction but its not showing they received it,Transfers
Why hasn't my transaction arrived to my friend yet?,Transfers
"I just transferred my friend money, but she hasn't received it yet, and it's been a few hours. Can you tell me when to expect it to go through?",Transfers
How long will my most recent transfer take to go through? The recipient needs the money urgently.,Transfers
My recipient hasn't received the money,Transfers
when will my transfer arrive,Transfers
I just sent money but the person I sent it to doesn't see it. What happened?,Transfers
Why hasn't my transaction completed?,Transfers
Why hasn't the transaction I did arrive yet?,Transfers
Why isn't the transfer I made to a friend showing?,Transfers
Why is my friend not getting a transaction arrival yet?,Transfers
How long will a transaction to a friend take?,Transfers
Why hasn't my in country transfer gone through yet? I confirmed the account info a couple days ago but the payment hasn't been posted yet.,Transfers
"I completed a transfer within the UK two days ago, but it is still not showing received.  I have verified the account number is correct already.  Is there anything else I need to do or is there a problem?",Transfers
How can I the person see my money transaction?,Transfers
I sent a transfer to a friend that needs it urgently. It has already been 2 hours and still hasn't come through to her. How long does it normally take?,Transfers
the money i transferred didnt arrive,Transfers
Why is my transfer taking so long. I thought it was supposed to only take 1 day if I made a transfer to someone. Can you wee what went wrong?,Transfers
"I sent some money to somebody a couple of hours ago, and they still have yet to receive it.  They really need the money, how much longer are they going to have to wait?",Transfers
How long do transfers take? I sent money to a friend who needs it urgently. It's been hours and has not gone through.,Transfers
How do I use American express to top up my account?,Cards
Which currencies do you accept for adding money?,Cards
Is my credit card supported for top-ups?,Cards
Am I able to add money into my account using my American Express?,Cards
Can I use my American Express card to add money into my account?,Cards
Can you tell me what currencies I can use to add money?,Cards
I want to use my American Express for adding money into my account.,Cards
With what currencies can I add money?,Cards
What are the acceptable currencies for adding funds?,Cards
how can i transfer money from american express card,Cards
what cards and currencies are accepted?,Cards
How can I top up my card with another card?,Cards
use my credit to add money,Cards
What types of currencies do you accept?,Cards
Do you accept any card and currency?,Cards
can i use my mastercard to add money to my account,Cards
What types of cards and money do you accept?,Cards
How can I fund another account with my American Express?,Cards
What currencies do you accept to add money?,Cards
How can I top up my account and which currency can I use?,Cards
Will my other US credit card be accepted?,Cards
can i top up from a usa credit card,Cards
How can I get funds into my account from my American Express?,Cards
Which cards and currencies are supported?,Cards
What are the currencies and cards that are supported with my account?,Cards
What currency can I use to add money?,Cards
Can I use a credit card from the US to top up?,Cards
why don't you accept american express for adding money to my account,Cards
Can you tell me what cards and currencies you support?,Cards
Which foreign currencies do you accept for adding money?,Cards
I only have one other credit card from the US. Do you accept that?,Cards
What currencies are approved to add money?,Cards
I wish to use my American Express to put funds into my account.,Cards
I have another card from the U.S. Will you be able to accept that one?,Cards
I want to use a payment card to top up my account. How can I do this?,Cards
Can I use American Express?,Cards
I'd prefer to use my American Express when putting funds into my account.,Cards
What currencies can I use?,Cards
what cards can i use to add money to my account,Cards
What currencies and methods can i use to top up my account?,Cards
Is American Express supported for adding funds?,Cards
Do you accept credit cards from the US,Cards
Can you accept my other card from the U.S.?  It is the only other one I have.,Cards
Do you accept Mastercard?,Cards
"I am adding money, what currencies do you accept to do this?",Cards
Which currencies do you handle?,Cards
what currencies can i use to add money to my account,Cards
Are there certain cards and currencies you support?,Cards
why wont my american express work to add money,Cards
Which currencies can I use to add money?,Cards
Can I use any card and currency?,Cards
What kind of cards are supported?  What currency?,Cards
What US cards do you accept?  I only have 1 other.,Cards
I have a second credit card from the US. Will you take it?,Cards
What cards do you accept to top up my account?,Cards
What currencies do you accept for adding money?,Cards
Can I top off with a debit card?,Cards
"I want to deposit funds, what payments are accepted?",Cards
Are cards from the US accepted?,Cards
I'd like to use my American Express to place money into my account.,Cards
Please let me know what currency I can use to top up my account?,Cards
Do you accept all cards and currencies?,Cards
I have one other credit card from the US. Do you take that?,Cards
Which credit card top-ups do you accept?,Cards
"If I top up by card, what options do I have re: currency and card type?",Cards
What currencies are accepted to add money?,Cards
"I want to add money to my card, what payments do you accept?",Cards
What are my payment options?,Cards
Can I electronically transfer funds into my account from my American Express?,Cards
Can I top up my card with other cards?,Cards
I have one other credit card from the US. Do you take it?,Cards
Am I able to use my American Express to add money to my account balance?,Cards
What are the cards and currencies that you support?,Cards
What US credit cards do you accept?,Cards
What currencies do you accept for adding money to my account?,Cards
I have an American Express that I'd like to add money to my account with.,Cards
What forms of payment do you accept?,Cards
What type of card can I use to top up?,Cards
Do you have a list of cards and currencies you support?,Cards
"I want to top up by using a credit card, which ones do you support?",Cards
"I have a US credit card, will you accept it?",Cards
What currencies and cards do you support?,Cards
how do i add money from my amex card to top up,Cards
What cards and currencies can I use to top up my account?,Cards
Will you accept my credit card?,Cards
"Will you accept my credit card, it my only one.",Cards
"If I want to add funds to the account using American Express, how do I do that?",Cards
I just have one additional card from the USA. Do you support that?,Cards
Why doesn't it work when I use American Express to try to add money to my account?,Cards
Which cards are accepted for topping up?,Cards
What kinds of cards can I use to top up?,Cards
Help me use American Express to add money to the account.,Cards
What cards and currencies can I use?,Cards
What currency is acceptable for a top up?,Cards
What other credit cards can I use?,Cards
What payment methods are used to top up?,Cards
how can i add money from my amex card,Cards
I only have a card from the US is that okay?,Cards
Is American Express accepted?,Cards
Which currencies do you work with?,Cards
Can I use this app for any currency?,Cards
"For adding money, which currencies do you accept?",Cards
How can I pay for top-ups?,Cards
Is American Express supported for adding money into my account?,Cards
Can you tell me which cards and currencies are supported?,Cards
"I would like to top up via credit card, which credit cards do you support?",Cards
"I only have one more US credit card, is it accepted?",Cards
"If I want to topup by card, how do I do it?",Cards
"I want to know which currencies and cards are supported, can you provide a list?",Cards
"I want to top up by card, what do you support?",Cards
can i add funds  with a card from the united states,Cards
I want to top up my account. What payment methods are supported?,Cards
How can I use my American Express to add money into my account?,Cards
What card or currency can I use to pay?,Cards
My card wants to be topped what do you guys support?,Cards
do you accept from usa credit card?,Cards
What currency can I use to pay for a top up?,Cards
Do you have a list of the cards and currencies supported?,Cards
What are the various currencies and cards that you offer support for?,Cards
What currencies can be used for top up?,Cards
"Do I have to top up in euros if I use a card, or can I use a different currency?",Cards
What cards do you support,Cards
What are the currencies that are accepted to add money?,Cards
What kind of cards an currency do you support?,Cards
Which cards do you support for top up?,Cards
"Top up my card please, which y'all support?",Cards
Do you accept US credit cards?,Cards
I need to know if you will accept my credit card.,Cards
I want to add funds to my account. What payment methods are accepted?,Cards
"I would like to order a virtual card, where can I get one?",Cards
"I need to order a new virtual card, how do I do that?",Cards
How can I sign up for a virtual card?,Cards
I haven't received my virtual card yet!!,Cards
Can you give me a virtual card?,Cards
I want to get my hands on one of those virtual cards!,Cards
i need a virtual card,Cards
How do I get to the virtual cards?,Cards
want to know how to get virtual card,Cards
Where is my virtual card?,Cards
Where are the virtual cards?,Cards
Is it possible to order a virtual card?,Cards
how to i go about getting my virtual card,Cards
I don't have a virtual card - how do I get one?,Cards
How to receive virtual card?,Cards
Why haven't I gotten a virtual card yet?,Cards
Where do I order a virtual card?,Cards
Can i have a virtual card?,Cards
Please explain to me the process of getting a virtual card.,Cards
my virtual card has not came yet!,Cards
Which part of the app do I order virtual cards from?,Cards
Where do I have access to a virtual card?,Cards
How to order a virtual card,Cards
Where do I get a virtual card?,Cards
Why haven't I been given a virtual card yet?,Cards
Can you help me find the virtual card?,Cards
How do I go about getting hold of a virtual card?,Cards
Where's my virtual card,Cards
How can I go about ordering a virtual card?,Cards
Where can i find the virtual card?,Cards
"I'd rather not use my physical card, how can I get a virtual card?",Cards
What do I have to do to get my virtual card?,Cards
can i use my app to get a virtual card,Cards
How can I obtain a virtual card?,Cards
I'm interested in getting a virtual card.  How do I get one?,Cards
What is the way to go about getting a virtual card?,Cards
How can I receive a virtual card?,Cards
When will my virtual card arrive?,Cards
How do I get my virtual card?,Cards
how to get virtual card,Cards
What is the best way to get my virtual card?,Cards
"I need to make a purchase online, where is my virtual card?",Cards
I look but I see no virtual card. Why is that?,Cards
"Hello, what is a virtual card and how do I get one?",Cards
How come I did not get a virtual card yet?,Cards
"how many virtual cards can i have, i want 8",Cards
How do I get a virtual card on my device?,Cards
How do I access the virtual card?,Cards
I'd like more info on getting a virtual card.,Cards
Do I get to have one of those virtual cards I've heard about?,Cards
where can i have a virtual card,Cards
I would love one of the virtual cards!,Cards
I would like to order a virtual card.,Cards
I have yet to receive my virtual card,Cards
How long will it take to receive a virtual card?,Cards
Why have I not received a virtual card yet?,Cards
I can't find the virtual card,Cards
Can you assist me in acquiring a virtual card?,Cards
I want one of the virtual cards!,Cards
How come I didn't get a virtual card yet?,Cards
And do you have virtual cards instead of physical ones?,Cards
How do I go about getting a virtual card?,Cards
When will I get a virtual card? I haven't gotten one yet,Cards
Where can I order my virtual card?,Cards
Where can virtual cards be ordered?,Cards
How can I locate the virtual card?,Cards
How long do you have to wait to see your virtual card your ordered?,Cards
I want to get a virtual card!,Cards
How to access my virtual card,Cards
Where can I sign up for a virtual card?,Cards
Where do i go to receive a virtual card,Cards
Are there virtual cards,Cards
Please let me know how to place an order for a virtual card,Cards
I ordered a virtual card but it hasn't come through yet,Cards
Is there a way to get a virtual card?,Cards
"I haven't received my virtual card yet, do yo know why?",Cards
why hasn't my virtual card arrived?,Cards
What is the virtual card and how can i get one?,Cards
"I have lost my card, but need to place an online order! How do I get a virtual card instantly?",Cards
I've got to have one of those virtual cards.,Cards
Where is my virtual card located?,Cards
Why have I not yet received my virtual card?,Cards
Where would I order a virtual card?,Cards
"I need to order a new card, can you please direct me to the virtual cards?",Cards
I need my virtual card,Cards
I haven't received my virtual card.,Cards
How do I receive a virtual card?,Cards
I heard you have virtual cards. How do I get one?,Cards
I would like a virtual card...how do I get one?,Cards
explain the virtual card,Cards
I'd like like to know where I can order a virtual card?,Cards
what is a virtual and how do i get one,Cards
why hasn't my virtual card come yet?,Cards
Is there a way to order a virtual card on the website?,Cards
Is there an alternative to a physical card?,Cards
Please tell me how I can get a virtual card.,Cards
"I did not get my virtual card yet, Why?",Cards
Where do I find a virtual card?,Cards
Is there anywhere I can't use my card?,Payments
In which stores can I shop with this card?,Payments
How do I know where I can use my card?,Payments
Can I tell what business will take this card?,Payments
Are there businesses that don't accept this card?,Payments
Is the card welcomed by everybody?,Payments
Do you have a list of businesses that accept this card?,Payments
What businesses accept this card?,Payments
What retailers accept my card?,Payments
This card is accepted by what businesses?,Payments
Will this card work all over the world?,Payments
WHAT IS THE ATMOSPHERE OF IT,Payments
What kind of businesses will take my card?,Payments
Where do I pay with my debit or credit card?,Payments
Can I pay online with my card?,Payments
Do you know which businesses will accept my card?,Payments
Who accepts the card?,Payments
You accepts my card?,Payments
Is my card accepted anywhere?,Payments
Is my card denied anywhere?,Payments
"
Where can I use my card?",Payments
Where can I use my Mastercard?,Payments
where is card accepted,Payments
Where can I pay with my card?,Payments
Where can my card be used?,Payments
Is my card valid everywhere?,Payments
Which establishments will accept my card?,Payments
Are there limits to businesses that will accept this card?,Payments
Any place that takes Mastercard would be fine.,Payments
Is there a list of where I can use my card?,Payments
What are the limits to where my card will be accepted?,Payments
Can I use my card wherever I want?,Payments
Where can I use my card to pay?,Payments
Are there any limits to were my card is accepted?,Payments
Can I use my card while on vacation overseas?,Payments
Are there any places that won't take my card?,Payments
Which merchants accept my card?,Payments
You can use it anywhere that accepts Mastercard.,Payments
Is there restrictions on where I can use my card?,Payments
Can I use my card for online payments?,Payments
Are there limits as to where my card will be accepted?,Payments
Where do I pay with my card?,Payments
Which merchants accept this card?,Payments
Are there any restrictions to where I can use my card?,Payments
At what places accept my card?,Payments
In what places can I use my card?,Payments
What places accept my card?,Payments
Can I use my card no matter where I go?,Payments
Will my card work at all merchant locations?,Payments
How can I know where my card will be accepted?,Payments
Can I pay with my card anywhere?,Payments
Can I use my card anywhere?,Payments
Where can I use this card?,Payments
What businesses can I use this card with?,Payments
Do all businesses take this card?,Payments
Where is this card accepted?,Payments
What businesses accept my card?,Payments
Can i use this card at any store?,Payments
Are there any restrictions on where I use this card?,Payments
"My top up did not show up as shown and my money has disappeared, can you help me fix this glitch problem?",Topups
Has my top-up been cancelled?,Topups
"I topped up recently and saw the money go through, but now it's just gone? What's going on",Topups
For what reason did my top-up get cancelled?,Topups
I think my top up has been reverted,Topups
Has my top-up gone through?,Topups
I went to top up my card and it was cancelled.,Topups
I didn't cancel my top-up.,Topups
I have a reverted top up I made and wanted to know why it didn't go through.,Topups
I believe my top up was reverted.,Topups
"My money is gone. I had topped up recently and saw it was there and went through, but now it's disappeared, what's going on?",Topups
"Hello, I have tried using crypto top up but it is not working. I had some money in my account but I'm not sure what happened",Topups
Why did my top up get reverted?,Topups
What caused my top-up to be returned?,Topups
What happened to my top-up? It was all done and now it's gone! Are you having problems with your system?,Topups
Why was my top up reverted?,Topups
Seems like my top-up has been cancelled,Topups
Seems like my top up has been cancelled,Topups
"My money has disappeared. I had recently added money in, and saw it was there and went through. Now it's gone. What is happening?",Topups
"Something is wrong, my top-up is gone and I don't know what happened to my money.",Topups
My money is nowhere to be found? I talked up earlier and seen it. Now it has vanished. What is going on?,Topups
My top-up was cancelled and I am writing to ask if I need to complete the 3D Secure authentication section before I submit it.,Topups
How come I can't put money in my top up account?,Topups
Why has my top-up been reverted?,Topups
My top up was reverted. Can you help?,Topups
"My top-up was supposed to be done, but now the money is gone! Is there a glitch in your system?",Topups
Why would my top up be reverted?,Topups
"I tried to make a top-up and it was canceled, why is that?",Topups
Did you revert my top up?,Topups
The app declined my top up. What did I do wrong?,Topups
Is there a reason my top-up has been cancelled?,Topups
I think you reverted my top up.,Topups
I need someone to find out where my money has gone to? It has disappeared. I completed a top up earlier and seen it had went through. Since it has now disappeared I need to know what's going on.,Topups
"For some reason, the money I added was returned.",Topups
Why didn't my top up work?,Topups
"I went to look at my top-up and it was canceled, can you tell me why this happend?",Topups
How does my top-up got cancelled?,Topups
"Did you lose my money? I had added funds through top-up not long ago and I know they were in my account, but they seem to have disappeared. What happened?",Topups
What happened to my top-up? I think it was cancelled.,Topups
Why did my top-up get reverted?,Topups
Why won't my top up go through?,Topups
Please explain why the funds I added were returned to my account.,Topups
Why isn't top-up working? My top-up money disappeared after I saw that it was successfully transferred. Is it gone? Where did it go?,Topups
"My money is gone. I had topped up recently and saw it was there and went through, but now it's disappeared, what is happening?",Topups
I did a topup successfully but its not showing in balance. I think there is some problem in system.,Topups
I put some money in my account the other day but now its gone? Why is this?,Topups
My thoughts were that you offered crypto top up which does not seem to be working. The money has now been taken from my account. What is the problem here?,Topups
"My money is gone :( I had topped up recently and saw it was there and went through, but now it's disappeared, what's going on?",Topups
"I think my top up may have been reverted, what do I do?",Topups
What is the status of my top up?,Topups
"When I top-up, the app reverts it.",Topups
Why has my top up been cancelled,Topups
What's the problem? I thought you offered crypto top up. This doesn't appear to be working at all. My money has now vanished from my account.,Topups
"I thought you offer crypto top up but it doesn't seem to be right ? Money just disappeared from my account, How it would work ?",Topups
Why is my top-up showing as cancelled?,Topups
Why does my top-up get cancelled?,Topups
What I topped up was reverted by the app.,Topups
I was checking my statement and my top-up has been reverted,Topups
"My money is gone. I had topped up recently and saw it was there, but now it's disappeared, what's going on?",Topups
My top up was rejected. Why?,Topups
I wanted to know why a top-up I made has been reverted.,Topups
What should I do?  I topped off but the app reversed  it.,Topups
I thought crypto top up with something you offer. This is not working. The money has been deducted from my account. Can you find out what's going on?,Topups
"Hi, I have done a topup, but my money was reverted. Please look into this issue.",Topups
My top-up has been reverted and I would like to know why.,Topups
How can I tell if my top-up has been cancelled?,Topups
When I topped up the app has seemed to reverted it.,Topups
I think my top up was reversed.,Topups
I refilled my account balance but got an error message.,Topups
"My money's disappeared from my account! I topped up the other day and it was there, but now it's not. Help?",Topups
Why is my top-up showing as reverted?,Topups
"My top-up was cancelled, could my bank be the problem?",Topups
"HI,Accordingly you offer crypto top up but it doesn't seem to be working? Money just disappeared from my account.What should be done now?",Topups
Why did you revert my top-up?,Topups
My topup got reverted. Please let me know if there is any issue in system.,Topups
My top-up was reverted by the app.,Topups
Why was my top up cancelled?,Topups
How do I tell if my top up was reverted?,Topups
top up cancellation,Topups
"I was under the impression that you offer crypto top up; however,  it doesn't appear to be working. The money has now disappeared from my account so I need to know what the deal is?",Topups
I topped up and now my money is not there anymore! What happened to it?,Topups
Explain why my top up has been reverted please.,Topups
"If my top-up didn't transfer, what went wrong?",Topups
Why has my money disappeared? I topped up earlier and seen it was there and had went through. What seems to be the problem?,Topups
My top up may have been reverted,Topups
"Hi there, I came across a problem with my top up and my money is missing, was there a system error?",Topups
What caused my top up to be reverted?,Topups
I got an cancellation error when I was topping up.,Topups
Why didnt my top up go through,Topups
When I topped up the app reverted it.,Topups
Why was my top-up declined?,Topups
Why wasn't my top-up accepted and where did that money go? At first it said it was confirmed but now I can't find it.,Topups
The app reverted my top up,Topups
Why has my top-up been returned to my account?,Topups
I topped up but the app declined it,Topups
The app reverted after I topped-up,Topups
"I'm having an issue with transaction. I topped up my account and saw it went through, but that was a few days ago and the money isn't in my account any more. What's up with that?",Topups
Why did my money disappear when I topped up??,Topups
I have a canceled top-up and wanted to know about it.,Topups
What reasons could cause my top up to be reverted,Topups
Why isn't my top up showing?  Was the money reversed?,Topups
What if my top up is reverted?,Topups
I need to know what's going on. I was under the impression you offered cryto top up which doesn't seem to be working and money has just vanished from my account.,Topups
I got notified that my top up has been reverted. Why?,Topups
"I need some help, I thought you guys accepted crypto top ups?? It won't seem to let me do it. I put money in my account and now it's gone and I didn't spend it. Where did it go??",Topups
My top-up was just cancelled.,Topups
Can you explain to me why a top up would be reverted?,Topups
I topped up but my money is not showing. Why is that?,Topups
My automatic top-up was unsuccessful,Topups
It looks like my top-up was cancelled,Topups
"Hello. I tried doing a topup and I thought it worked, but now the money is no longer in my account. Can you explain?",Topups
Reasons for top up cancellation.,Topups
"Please help me, as my topup amount has been reverted, i did it correctly. I think there is some defect in system.",Topups
Do you support top ups?,Topups
Why did my top-up not go through?,Topups
Explain why my top up would be reverted.,Topups
Why did you revert my top up?,Topups
I thought crypto top up with something you offered and it does not appear that it's working even though the money has disappeared out of my account. Can you tell me what's going on?,Topups
Is there a reason for my top up to be cancelled?,Topups
The app reversed a top off I had.  What should I do?,Topups
What happened to the money that I deposited?,Topups
What's the deal? Money has just disappeared out of my account. I thought you offered crypto top up and it doesn't seem to working.,Topups
Tell me how a top up would be reverted.,Topups
i noticed that the funds were returned to my bank account. What happened?,Topups
Why have my top ups been canceled?,Topups
"What did you do with my money??? I just topped up, I saw the money was there, but now it's gone!! What did you do with it?",Topups
I want to know why my top-up was reverted,Topups
I am unable to use my top-up on the app. Could you explain this to me?,Topups
"So, I was under the impression that you have an offer for crypto top up. This doesn't seem to be working. Now, the money has just disappeared from my account. What is the deal?",Topups
My money disappeared! Please help??,Topups
"Hello there, I tried using crypto top up today but it's not working for me, might it be due to the kind of bank I'm using or the country that I'm from?Money is also missing from my account",Topups
It appears my top-ups have been canceled.,Topups
"Do you not accept crypto transfers from certain places? Because when I tried to do a top up the money just disappeared. Im not sure what to do or what I'm doing wrong, please help.",Topups
"I attempted to complete a topup, and I thought all was well, but now the money is gone again. Has there been a glitch?",Topups
"My money has gone missing. I had recently added money in, and saw it was there and went through. Now it's missing. What is happening?",Topups
"I tried to add a topup to my account but the money isn't there, anymore. Did I do something wrong?",Topups
It's only been a few weeks my my top-up got cancelled,Topups
"Hi, i just topped up my phone and the money was deducted but it seems to have deducted the same amount again! please help!",Topups
Explain top-up cancellation,Topups
Why did my top up get pulled back out?,Topups
Why has my top up been returned?,Topups
"Hello,  I have recharged topup but account is not credited. Please help me in this, i guess there is some defect in system.",Topups
Reverted top up,Topups
"Hae, I already completed my 3D secure authentication when I tried the crypto top up but it's still not working for me. I also don't understand what happened to the money in my account",Topups
Can you tell me why my top-up was canceled?,Topups
Why did my top-up not get approved this time?,Topups
Why is my last cheque deposit taking so long?,Topups
I am still waiting for a the cash I deposited this morning,Topups
"I tried using a check to update my balance, but it isn't work? Is something wrong?",Topups
I deposited cash but it isn't showing up in my account,Topups
I put some cash into my account but it's not displaying that on my balance.,Topups
Why hasn't my cash been deposited yet?,Topups
"Hi, I want to inquire about my balance. Some cash was deposited and it hasn't updated yet.",Topups
I deposited a check yesterday and im not seeing it posted yet in my account. why is that? can you look into it?,Topups
"I made a deposit a couple of days back it's, as of yet, not gone in! It would be ideal if you assist me with this",Topups
"The cheque I sent a few days ago has not been deposited yet, what is the hold up?",Topups
cash and check deposit has not gone thru,Topups
"my balance has not changed, despite depositing a cheque",Topups
Why did my cash deposit not show up?,Topups
Why is my money not in my account. I have already sent it out.,Topups
I placed a cash deposit in my account but I can't see it yet.,Topups
I'm not seeing my cash deposit showing up in my account.,Topups
Last week I put a cash deposit into my account and it is still isn't there.,Topups
I checked the app and my balance has not been updated for the cash or cheque deposit.,Topups
"I put some money in my account the other day and it's not gone in yet, can you help with this?",Topups
I did a cash deposit to my account but it doesn't show up,Topups
I can't see my cash deposit in my account.,Topups
"I deposited money in the form of a cheque, but my balance has not increased.",Topups
Where is the cash deposit I made?,Topups
"I can't figure out why I haven't gotten my cash, when I already put the check in the bank.",Topups
Why is my deposit still pending?,Topups
I made a cash deposit and the balance wasn't updated.,Topups
I did a cash deposit to my account but my balance is still the same. What happened?,Topups
I just deposited cash to my account and can't find it!,Topups
Online banking is not showing my cheque or cash deposit so the balance is incorrect.,Topups
i need help. I updated my balance with a check yesterday and Im not seeing it. Can you look at my account to see what went wrong?,Topups
When will my cheque be processed?,Topups
What happens if I deposit a cheque accidentally?,Topups
Why isn't my cheque deposit showing on my account?  I though it would be faster and would like to to look into it and help.,Topups
When will my deposit from this morning show up?,Topups
I tried updating my balance by cheque yesterday but it doesn't seem to be working. Shouldn't that be faster? Please check my account something has gone wrong there.,Topups
Where is my missing cheque I deposited?,Topups
My balance doesn't show my deposit.,Topups
My account balance doesn't reflect an update I made by cheque yesterday. Is something wrong or is the system slow?,Topups
I made a deposit and the balance hasn't been updated.,Topups
I have yet to receive the cash I added to my account this morning.,Topups
Why isn't my cash deposit showing up in my account?,Topups
"I deposited some cash but it hasn't shown up in my account yet, what's going on?",Topups
I deposited a cheque but the cash hasn't arrived yet,Topups
I've already sent the money out and still have not received money in my account.,Topups
I have made a recent check and cash deposit that isn't reflected in my balance.,Topups
I placed a cheque but the funds aren't there,Topups
The cheque I sent to you to have deposited a couple days ago has not cleared in my account yet. What is the issue?,Topups
"the balance has not changed, but I have deposited some money",Topups
"I am worried about the amount of my cheque, which should be credited to my account few days before. As i have already sent you the cheque.",Topups
I need my account checked because it appears there is a problem. I attempted to update my balance yesterday using cheque but it doesn't seem to have worked.  Should this not be faster than this?,Topups
I've deposited a check but the cash isn't showing that it's there yet.,Topups
Waiting for the cash I deposited this morning still,Topups
"I put cash in my account, but I don't see it.",Topups
Where did the money I deposit go??,Topups
"I Submitted a cheque couple of days ago, nothing happened to my account yet.What could be the possible issue?",Topups
I made a cash deposit a few days ago and it's still not reflected in my account. Do you know what might have happened?,Topups
Why is the cash not showing in my account for the check I deposited?,Topups
When will the check I deposited post to my account?,Topups
How do I see my updated balance after I make a cheque or cash deposit?,Topups
Why isn't my deposit in my account?,Topups
Where is my cash deposit in my balance?,Topups
Dude I put money in the ATM last week but it ain't there! I need the money now figure this out!,Topups
"I deposited cash this morning, but it's not showing up in my account. Can you tell me where's my money?",Topups
How long does it take for a cheque to post to your account?,Topups
Why has my account balance not changed after depositing a cheque?,Topups
Where is the cash I deposited?,Topups
Why is my balance still the same after a cheque deposit?,Topups
Why is my check still not showing up on my account? It's been a week already,Topups
Why isn't my balance updating after depositing cheques and cash.,Topups
My cash deposit isn't in my account. What happened?,Topups
I updated by balance with a cheque yesterday but it isn't showing on my account. Did something go wrong?,Topups
I sent you a cheque a few days ago and I noticed that nothing has happened yet. Can you tell me the status of my cheque please?,Topups
Why isn't my deposit showing up?,Topups
My balance was not updated with my checque or cash deposit.,Topups
"Help! I'm missing money, I deposited a cheque but its not showing on my balance.",Topups
My cash deposit from a week ago is still not in my account. Can you help me please?,Topups
I made a deposit but it is not showing up in my balance.,Topups
I sent a cheque a few days ago and i noticed that no money has been put on my account. Can you please tell me the situation of my account?,Topups
The cheque I deposited isn't showing in my account,Topups
my check or cash deposit has not shown up,Topups
Why isn't my cash deposit showing up in my account? I deposited it this morning.,Topups
"I deposited a cheque, why isn't my balance showing that I did?",Topups
Why hasn't my cash arrived from a deposited check?,Topups
"I put money in my account a week ago but its still not there, what is happening?",Topups
"I made a cash deposit, but it hasn't shown up in my balance yet.",Topups
"When will I see my cash, since I already deposited my check?",Topups
"Hi,  My money has not been credited to my account for which i have sent you cheque few days before. I am worried about the money please let me know the status.",Topups
I haven't seen the cash yet from the cheque I deposited.,Topups
I've deposited a check in my account but the cash isn't showing as available.,Topups
"I sent a cheque to you a few days ago and the deposit has yet to appear in my account. I need this money, what is the problem?",Topups
What's going on with my balance? Shouldn't it be a bit higher since I deposited a cheque a day ago?,Topups
Why am I not seeing the check I deposited this morning in my account?,Topups
Do you guys accept cash? Because i deposited some this morning and I can't see it in my account.,Topups
My cash deposit hasn't posted to my account.,Topups
"I had a cheque deposited, but I don't see my money yet?",Topups
My balance is not right. It has not been updated for the cash or cheque deposit.,Topups
"After I deposited my cash, I still don't see it in my account.",Topups
I made a cash deposit going to my account but it is not there,Topups
"I deposited a check yesterday and Im not seeing it in my account. i need the money, is there something wrong with my account? check it out please",Topups
My cheque deposit didn't seem to work.,Topups
I still do not see the cash deposit in my account from last week. Why?,Topups
When will my cheque process?,Topups
"I deposited a check, but haven't received the funds for it.",Topups
After depositing a cheque my balance did not change.,Topups
Cash has been deposited this morning but it hasn't came through.,Topups
I deposited a cheque a week ago but have yet to receive the cash.,Topups
"I put money into my account in the form of a cheque, but my balance did not change.",Topups
"I deposited cash into my account a week ago and it is still not available, please tell me why? I need the cash back now.",Topups
"My mother deposited a cheque into my account last week, why is it still not showing up?",Topups
Why hasn't my balance been updated from the check deposit I made?,Topups
Where is the money I put in the bank?,Topups
I haven't received the cash from the check I deposited.,Topups
After trying to update my account balance yesterday by cheque it doesn't seem to working. Shouldn't the process be quicker? I need my account looked at because there appears to be a problem.,Topups
Is there an issue with my account?  I don't see a cheque deposit that I made yesterday.  Please assist.,Topups
"Even though I made a cash deposit, I am not seeing it in my account.",Topups
I put money in my account a week ago but its still not there?? What happened to my money?,Topups
Why did the cash deposit not show up in my account?,Topups
What is going on? My balance still hasn't updated and it has been two weeks since I deposited my money!,Topups
"I deposited cash into my account, why do I not see it?",Topups
Can you tell me why a cheque deposit isn't showing in my balance?,Topups
Why is my cash deposit not in my account?,Topups
Why isn't my money from a check deposit showing?,Topups
"I put my check in the bank, but I haven't gotten my cash yet?",Topups
How long should a cheque deposit take to show? My account hasn't updated and I want to make sure everything is okay.,Topups
i used a check check yesterday to balance my account and it isn't showing up?,Topups
"I recently deposited some money into my account, but it still isn't showing up. What's going on?",Topups
"My friend deposited $100 into my account, but it is not showing up!",Topups
The cash deposit I made this morning has not been credited to my account,Topups
"I did a cash deposit to my account, but I am not seeing it on my statement.",Topups
I deposited a cheque but I don't see the funds in my account.,Topups
When will my deposit post to my account?,Topups
I am still waiting for the cash to be returned from a cheque I deposited!,Topups
How long does it take to show a deposit I made to my balance?,Topups
I deposited cash into my account and I'm having trouble seeing it on my account.,Topups
"I wrote a check to the account yesterday to add to my balance, but I don't see the amount of the check reflected anywhere.  Is it being held up for some reason?  I should have seen a new balance by now!",Topups
How long do cheques take to post to your account?,Topups
I deposited money but my balance hasn't been updated yet.,Topups
"I deposited cash this morning, but it is not yet available.",Topups
I have cash deposit to my account but it is experiencing a problem,Topups
How long will it take for the cash I deposited this morning to show up?,Topups
The cast deposit from a week ago still is not in my account. Why?,Topups
Why is the check I deposited this morning not showing up?,Topups
How long do deposits take to appear? I've been waiting for more than a week and need the money!,Topups
When will my deposit be processed?,Topups
I am still awaiting the money I put into my account this morning.,Topups
Why am I still not able to see the money I deposited a week ago? This is urgent!!,Topups
I deposited a check a few days ago and it's still not gone in! Please help me with this,Topups
I made a check and cash deposit that wasn't credited to my account.,Topups
"I deposited a check yesterday to up my account balance, but that deposit hasn't shown up yet.  It's been a day already!",Topups
Why hasn't my cheque processed?,Topups
I am still currently waiting for the cash that has been deposited into the account this morning.,Topups
I sent a check into the system but still haven't received the cash yet,Topups
I recently deposited a cheque and cannot find the cash from it.,Topups
When will I receive the cash payment from the check I deposited?,Topups
My cheque is slow to cash,Topups
I attempted to deposit a cheque yesterday but the balance isn't showing today. Is it still pending?,Topups
Why haven't I seen the cash from the cheque I deposited yet?,Topups
My cheque is taking a while,Topups
I made a cash deposit to my account but i don't see it,Topups
The check I deposited yesterday isn't listed yet.  Isn't that pretty slow?  I need to see the balance increased by that check.,Topups
where is my money from this morning,Topups
Why is it taking so long for my money to appear in my account? I have been waiting a week!,Topups
"I deposited a cheque, but the balance hasn't changed yet.",Topups
My account balance has not updated since I deposited a cheque recently.,Topups
How long does a check take to show up in the account balance?,Topups
What is going on with my cash deposit. I'm looking at my account balance and it is not there. It has been almost a week. Someone better get back to me asap.,Topups
Why hasn't my account updated?,Topups
I haven't received the money from the check I deposited.,Topups
"I deposited a cheque with some money, but the balance hasn't changed.",Topups
"I deposited a cheque, but my account balance stayed the same.",Topups
Why hasn't my balance been updated? I've deposited a few cheques some days ago!,Topups
why hasn't my cash arrived yet from my cheque?!,Topups
I made a check deposit but the cash hasn't arrived in my account yet.,Topups
The balance hasn't changed yet after depositing a cheque with some money.,Topups
What happened to my cash deposit?,Topups
"Please, tell me why I can't have the funds I deposited a week ago? I need the money now.",Topups
"After my checque or cash deposit, my balance didn't update.",Topups
When will my balance reflect a deposit?,Topups
I made a cash deposit to my account but it is not there,Topups
I deposited a cheque and its been days and I still haven't received the cash!!,Topups
"I deposited some money, but the balance has not changed.",Topups
There's a payment with my card that I didn't perform. I don't know that name shown.,Disputes
My statement indicates I made a payment to an unfamiliar merchant.,Disputes
"There's a payment with my card that I definitely didn't do myself, never seen that name before.",Disputes
Help! In the app there is a payment that I don't remember.,Disputes
I don't understand where this charge came from.,Disputes
there is a charge i dont recognize,Disputes
"I need to figure out what these charges are on my account. They've been coming out for a couple of days. Can i get all of this money back? Also, I need to freeze my card.",Disputes
Someone might have access to my card!  There are some strange payments showing up on my account.  What do I do?,Disputes
"There are a couple payments with my card shown in the app that i really didn't make myself. What's going on with this, does someone has access to my card?!",Disputes
I'm using the app and I noticed a payment that I didn't make.,Disputes
"A strange card payment, I do not recognize it.",Disputes
They is a payment I don't recognize on my statement.,Disputes
I have an unusual payment in my statement,Disputes
I do not recognize the card payment.,Disputes
Hi something is going on with the app.  I see some payments I didn't make?,Disputes
"If I see a payment in the app that I don't recognize, what should I do?",Disputes
I do not recognise the card payment.,Disputes
"There are a couple payments with my card shown in the app that i really didn't make myself. What's happenning with this, does someone has access to my card?!",Disputes
Just today there was a purchase on my card that wasn't done by me. Can this be reversed and my card be frozen? I can't have this continue!,Disputes
I need some help now please! There are some transactions on my account that I do not remember purchasing. Can they be reversed? Can you please cancel or freeze my card so I don't keep getting charged?!,Disputes
my statement contains an unknown payment,Disputes
I don't recognize what this payment on my statement would be for.,Disputes
There has been a payment  in the App that has not be done by me.,Disputes
I don't recognize a purchase that was made with my card.,Disputes
I'm checking the app and I see a payment that's not mine.,Disputes
I have a charge for something I didn't buy.,Disputes
A payment on my statement is wrong.,Disputes
There's a payment that isn't mine on my app,Disputes
What is this strange payment in my account?,Disputes
I'm not sure where this charge came from.,Disputes
I looked at my statement and found a payment I and found a mistake.,Disputes
A payment in my account was made by someone I don't know,Disputes
"I don't recognize this payment on my app, I am sure I didn't spend any money there.",Disputes
There are a couple of payments with my card shown in the app that in reality I didn't make. Maybe someone has access to my card?Can you check whats the issue ?,Disputes
There is payment showing that I didn't do.,Disputes
Payment I didn't do.,Disputes
Why is there a random payment in my statement?,Disputes
"Hi, there is a suspicious payment from my card. I definitely do not know who this is or who could have made this payment.",Disputes
A payment I didn't do shows in my app,Disputes
There is  a charge I don't recognize.,Disputes
I'm noticing a payment/purchase at a company that I don't recognise.,Disputes
There seems to be a couple of payments listed in the app I know weren't made by me. Is there a possibility someone has access to my card? Can you find out what's going on?,Disputes
I need to freeze my card as soon as possible. I just checked my account and saw that there have been several payments that I don't recognize over the course of a few days. Can we investigate and get my money back?,Disputes
There are some charges that I don't recognize.  It happened days ago.  Can I get these charges back?  Should I cancel my card?,Disputes
Please help.  There is a payment in the app that isn't mine.,Disputes
I am seeing in the App a payment that its not mine,Disputes
There's a payment in the app I don't recognize.,Disputes
"Hello, i just checked my statement and there seems to be a payment from my card that I have never seen before.",Disputes
There is a card payment I'm not familiar with.,Disputes
There is a strange payment on my card and I don't know what to do.,Disputes
Is it possible someone has access to my card? I noticed that there are a couple of payments in the app I'm sure I did not make. Can you find out what's going on here?,Disputes
There are some card payments that I haven't done myself. What is going on with my card and does somebody else have access to my card?,Disputes
I have a payment in my statement that is off,Disputes
I did not do this payment,Disputes
I've never been to that store.  That's a fraudulent charge.,Disputes
"There are charges on my card from the past few day I am pretty sure I didnt make, can you please freeze it for me? How do I get my money returned since it wasnt me?",Disputes
I have a payment I didnt make on my account,Disputes
There were a couple of payments that I have noticed on my account with my card that I didn't make. Is it possible that somebody else has my card information?,Disputes
There is an unauthorized payment in my statement.,Disputes
"There are a couple payments with my card shown in the app that i really make myself. What's going on with this, maybe someone has access to my card?!",Disputes
I don't recognize this payment at all!  Help!,Disputes
There is a record of payment I never submitted on the app.,Disputes
I just looked over my statement and I don't recognize the name of a card payment.,Disputes
I didn't make a payment at this business.,Disputes
There is a payment on my card that I do not recognize.  I've never seen the name on the transaction before.,Disputes
Why do I have a strange payment on my statement?,Disputes
i didnt do this charge,Disputes
I did not charge my account for that transaction.  That's an error.,Disputes
There is a payment that is not mine in the App.,Disputes
I see an unfamiliar payment on my statement.,Disputes
Why is this payment on my app,Disputes
There is a payment I don't recognize,Disputes
This card payment isn't is recognition.,Disputes
why do I have an unknown payment?,Disputes
Payment I did not make.,Disputes
"I just saw some charges on my card from the past days that I dont recognize, I need to freeze the card asap! Will I be able to get my money back?",Disputes
There are a couple of payments with my card shown in the app that I really didn't make myself. What's going on with this?,Disputes
Why is there a payment I didn't do in my app?,Disputes
I have a payment that I didn't make.,Disputes
The app is showing a payment I never made.,Disputes
I checked the app and there is a payment that I don't recognize.,Disputes
How do I find out how or where this transaction on my account came from?,Disputes
I need to figure out who has access to my card there are some payments I didn't make that are showing on the app.  Could you please help?,Disputes
There is a strange payment on my card.,Disputes
I've got charges on my account I did not authorize. Can I get this money back from the last couple of days that it's been coming out? I also need to freeze my card.,Disputes
There is a payment made with my card that I don't recognize at all.,Disputes
I saw a payment come out of my account for a merchant I don't remember.,Disputes
There's a payment with my card that I definitely didn't create. I don't know anyone by that name.,Disputes
The App shows a fraudulent payment made on my account.,Disputes
There's a payment in my history I don't recognize,Disputes
There is a payment on my card that I do not recognize.,Disputes
My app shows a payment I didn't make,Disputes
I don't know if I made this payment on my card.,Disputes
After looking at the app I noticed a couple of payments I know I did not make. Is it possible someone has accessed my card? What is actually going on?,Disputes
I do not recongize a payment in my account.,Disputes
A payment shows up on the app that I never made.,Disputes
I swear that there are 2 payments on the app that I didn't make.  Could my card me stolen?  Please advise what I should do.,Disputes
Is there any way to know how the transaction got on my account?,Disputes
I did not make this payment that I see in the App.,Disputes
I have a card payment I didn't make,Disputes
i disagree with a charge,Disputes
I didn't make this payment!,Disputes
There is a payment in the app I did not make,Disputes
There is a vendor name I don't recognize on a payment from my account. I don't think I made this payment.,Disputes
I don't think I made this payment that is showing up,Disputes
I think there's a purchase at a store that I didn't go to.,Disputes
Have a payment that I haven't done.,Disputes
There was a purchase on my card recently to a name that I don't recognize at all. What can be done about this? I need my money back.,Disputes
"One of my card payments, I don't recognise the name of the merchant.",Disputes
"Hello, I noticed there is a payment from my card to a business that I am not familiar with. I definitely did not make this payment.",Disputes
I do not recognise this card payment.,Disputes
I have a card payment that I don't recognize. What should I do?,Disputes
There are a couple payments with my card shown that I'm not responsible for. What is going on? Maybe someone has access to my account.,Disputes
There is a payment with my card which i definitely did not do.,Disputes
My app is displaying a payment I didn't make,Disputes
I just checked my account on the App and there is a payment on there that I did not make.,Disputes
Could you please put a freeze on my card?  There are some payments on it that I don't know where they came from.,Disputes
In the App I see a payment that is not mine.,Disputes
There is a payment with my card which i definitely did not make by me .Never seen that it before.,Disputes
I didn't make this payment and it's on my app,Disputes
Why is there an uknown charge showing on my account?,Disputes
I think that there is a payment on my card that I did not authorize.  I don't recognize the name attached to the transaction.,Disputes
I don't think I made this transaction on my statement,Disputes
There is a weird payment in my statement.,Disputes
A random charge got added to my card,Disputes
I need to freeze my card. There are charges on there that i did not authorize. They've been coming out for a couple of days. Can i get this money back?,Disputes
I see a strange payment in my account.,Disputes
where is my unknown payment from?,Disputes
I have just read my statement and there is a payment I don't recognise.,Disputes
There's a card payment I didn't make,Disputes
There are a couple payments with my card displayed in the app which I didn't make. What is happening? Maybe someone has access to my card.,Disputes
I'm worried that my card has been compromised because I see a payment that I didn't make.,Disputes
I didn't do a payment and I have it now.,Disputes
how do i dispute a payment I didnt make,Disputes
There is a payment in the app that I did not approve,Disputes
I don't recognize a charge on my statement.,Disputes
There is a strange card payment I don't recognise.,Disputes
I believe there is a mistake because a payment I didn't make shows in my app.,Disputes
There are a couple payments with my card in the app I see that I didn't create. What is happening? Maybe someone gained access to my account.,Disputes
I'm not recognizing the card payment.,Disputes
There's a card payment with a name I don't recognize,Disputes
There is a payment done with my card which i definitely did not do.Never seen that name before.,Disputes
Why is there a payment I didn't do?,Disputes
Someone else accessed my account and made a payment.,Disputes
I have an odd payment in my statement,Disputes
There is a fraudulent payment!,Disputes
Why is there an unknown card payment?,Disputes
I don't recognize this payment,Disputes
I need to know where this charge is coming from?,Disputes
I see a payment on my statement for  a place I didn't make a purchase at.,Disputes
There is an odd payment in my statement,Disputes
There are a few payments in the app that I didn't make! Does someone else have my card?  What should I do?,Disputes
I need help with some transactions in my account that I dont recognize or remember purchasing. Im not sure if the name is just different or what. Should my card be put on hold while the issue gets figured out to be safe or is it ok?,Disputes
I have a confusing payment appear on my statement and I don't recognise it!,Disputes
My statement has a payment that I do not recall making,Disputes
I think my card is being used by someone else to make purchases that I didn't authorize! I checked my account and see that there have been quite a few purchases over the last two days that I have no idea where they came from. We need to freeze my card now! And I need to find a way to get my money back.,Disputes
"What is this card payment, I do not recognize it.",Disputes
I didn't make a payment that shows in my app.,Disputes
What do I do if I see a transaction on my card that I don't recall making?,Disputes
There's a payment in the app that I didn't authorize.,Disputes
I have a charge I did not make.,Disputes
on my statement there is a payment that I don't recognise,Disputes
I need to cancel my card.  There are a few charges from a couple days ago that I didn't make.  Can I get credit for these charges?,Disputes
It is listed in my app that I made a payment which I did not actually make,Disputes
i dont recognize a charge on my card,Disputes
There are a couple of payments with my card shown in the app that I really didn't make myself. Why is it happened?,Disputes
A payment that I didn't make appears in my app.,Disputes
There is a card payment that I'm not recognizing.,Disputes
I am interested in changing my personal details.,Account
I am here to change my adress.,Account
I'd like to make some changes to my personal information.,Account
I would like to change my name after marriage.,Account
I would like to change my adress,Account
My address is incorrect on my file.,Account
My address details have changed and I want to update them,Account
Where do I go to edit my personal details on my account?,Account
"I need to change my name, since i just got married",Account
I moved to a new city and need to change my address,Account
How can I change my address?,Account
My last name has changed and I need to update my account details.,Account
where can I change my address?,Account
How do I edit the personal details on my account?,Account
details need to be modified,Account
Am I able to modify my account details?,Account
How can I change my name because I just got married?,Account
Where can I find how to change my name?,Account
I just moved. How do I give you my new address?,Account
I need to change my address in the personal details.,Account
Why can't I edit my personal details?,Account
I need to change details about my personal account.,Account
I need to change my phone number.,Account
How can I change my name in my profile?,Account
I have a new phone number and need to edit my contact information.,Account
How do I go about changing my address?,Account
I need to change my personal details in my account.,Account
My billing address changed and I need to update my information.,Account
Tell me how to change my details.,Account
How do I change my account details?,Account
How do I change the details in my account?,Account
I would like to change my address.,Account
I just had a wedding and I want to take my spouses name.,Account
I got married and need to change my name.,Account
need my details changed,Account
I've just got married and want to change my name.,Account
How do I edit my details?,Account
I am looking to change my adress.,Account
I need to change my last name on my account because I just got married.,Account
after i got married i need to change my name,Account
Since I just got married I need to change my name.,Account
I want to change my account details.,Account
should i contact customer support if i can't edit details,Account
Need to report a change of address.,Account
"Changed details is essential, what steps do I take to do so?",Account
Please tell me how to edit my personal details.,Account
How would I change my details?,Account
How can I change my information?,Account
I need to add my new address now that I've moved.,Account
"I moved, can I edit my personal details?",Account
How do I change my details?,Account
"my identity hasn't been verified and i can't edit my details, what's next",Account
I need to change my home address.,Account
I would like to alter my personal details.,Account
Can I change my details because I moved?,Account
How to edit personal details?,Account
Please tell me where I can update my details since I moved.,Account
how to change name on account,Account
I need to update my demographics.,Account
"Change of location, need to change details",Account
How can I edit my personal details in the app?,Account
I would like to change my personal details.,Account
Can you walk me through how I can edit some of my personal information?,Account
How do I change my address ?,Account
Can I change my name?  I am not married.,Account
"Since I got married, I need to change my name.",Account
Is it possible to change my address?,Account
I need to modify my details.,Account
Is there a way to modify my details?,Account
Where can I modify my details?,Account
I got a new address and need to change my old one.,Account
How to modify my details.,Account
"My marital status has change, I got to correct my name to reflect that.",Account
Can I change my address?,Account
I moved so I need to change my address. How do I do that?,Account
I've just moved and I need to change my details,Account
I've just been married and need to update my name,Account
How do I change my name after marriage,Account
I moved and would like to change my address.,Account
Talk me through modifying my details.,Account
I just got married and need to change my name on the account,Account
How do I update my address?,Account
I just got married and I need to change my name,Account
Can I update my details?,Account
I need to update my address.,Account
is there a way to change name?,Account
I must change my address.,Account
How do I modify my details?,Account
My address needs to be changed.,Account
How do I input a new address?,Account
Can someone assist me with updating my account details with changing my last name?,Account
How would I be able to make changes to my personal details?,Account
How do I edit my personal details?,Account
"Not living in same place, need to change details",Account
How can I update my personal information after moving?,Account
I moved and need to change my address.,Account
I moved and need to change my personal information.,Account
Where do I go to change my account details?,Account
"went somewhere else, need to change details",Account
"My details need to be changed, how can I do so?",Account
How can I change to my married name?,Account
how do i get into my account and edit my details,Account
I would like to edit my personal information .,Account
How do I modify my account details?,Account
How do I change my name?,Account
Can I edit my personal details?,Account
I need to change my contact information.,Account
I need to update my phone number.,Account
Can I edit my details?,Account
I got a new address and need to change my information.,Account
I need to change my data.,Account
What should I do after I've moved and need to update my personal details?,Account
Editing my personal details,Account
Where can I edit personal details?,Account
How can I change my account details?,Account
Where do I go to update details?,Account
I need to change my address,Account
Where can I modify my information?,Account
How do I change my last name?,Account
I have a new email.,Account
How can I update my details since I moved?,Account
Why do you have an identity check?,Account
I do not feel comfortable verifying my identity.,Account
Why on earth do you need so much personal id info from me?,Account
DO you know the reason for the identity check?,Account
I answered so many questions about my identity. Why do you need this info?,Account
Why do you have the identity check,Account
Is getting my identity verified required before I can use my account?,Account
why are all my identity details required,Account
I would like to know why so much identity information is required?,Account
Why do you need verification for my identity?,Account
Is the identity check part of bank policy?,Account
Why is identity verification required?,Account
Why is my identification required?,Account
Why are you asking so many questions about who I am,Account
which identity details are required,Account
Can I use my account before the identity verification is complete?,Account
Should I complete my security verification before I can use my account?,Account
Why do you require identification documents,Account
I already have an account. Why can't I use it unless my identity is verified?,Account
Why does my identity need to be verified?,Account
Can I still use my account without verifying my identity?,Account
What is the reason for the identity check,Account
Can I use my account although my identity verification has yet to pass?,Account
I am not comfortable verifying my indentity.,Account
what I need to verify my account,Account
What if I don't verify my identity?,Account
what are the reasons I have to proof my identity to you?,Account
What's the reason for needing to verify my identity?,Account
Why does it matter that I prove my identity?,Account
Why should I have to prove my identity?,Account
Can I use my account before my Identity verification has passed?,Account
Why do I need to verify my account?,Account
Why do you guys need to verify my identity?,Account
Why do I need to verify my identity?,Account
If my identy verifacation hasn't gone through can I use my account?,Account
Is it really necessary to verify my Identity?,Account
Why do you need so much information about me,Account
"Can I use my account now, even though my identity verification has not gone through yet?",Account
What is the function of the identity check,Account
Why is the identity check involved?,Account
What is the purpose of requiring my identification?,Account
"My ID verification hasn't gone through yet, but can I use my account anyway?",Account
What is the first step I need to make for being able to access my account?,Account
I want to use my account before identity verification,Account
It's requiring me to verify my identity?,Account
I don't want to use this method to identify myself.,Account
Why do you need my name and ID,Account
do I need to verify my identity before I can use my card?,Account
Can I go ahead and use my account even though my identify hasn't been verified yet?,Account
Do you think you're asking for too much information about me?,Account
Is identity verification required for me to use my account?,Account
Can I use my account although the identity verification has not been accepted yet?,Account
I still want to use my account but haven't verified is that OK?,Account
Is my account accessible even though my verification of my identity has not passed yet?,Account
Why are you asking so many questions about me?,Account
Why do you need to know so much about me for my account?,Account
How does identity check work?,Account
Why is it required to verify my identity?,Account
What happens if I use my account and my identity verification hasn't finished?,Account
Can I make transfers before my identity verification?,Account
What do you need my identity details for?,Account
Why do I need to have my identity verified?,Account
Can I use my account even though the identity verification has not passed yet?,Account
What is with the need to have all my ID information?,Account
Why is there an identify check?,Account
Why is there a verification to identity,Account
Why do you need me to verify who I am?,Account
Why check my identity?,Account
I don't understand why you want so much of my personal info.,Account
I am still waiting for verification.  Can I use my account before I am verified?,Account
I refuse to verify my identity.,Account
Why do you need me to do an identity check?,Account
I can't do the verification.,Account
Am I able to use my account if the identity verification is not complete?,Account
"Is it possible to go ahead and log in, although I have not been confirmed yet?",Account
Can you explain more about why should I verify my identity?,Account
can I use my card before identity verification?,Account
Why is there an identity check?,Account
Why do I have to give you my drivers license,Account
I don't want to give you all my identify details.,Account
Am I supposed to verify my identity?,Account
What is the purpose for verifying my identity?,Account
what are you going to use my identification details for?,Account
Can I use my account without verifying identity?,Account
Why is checking my identity important?,Account
Must I verify my identity?,Account
how do I speed up identity verification?,Account
Do i have to verify who I am?,Account
Why do you need to perform identity verification?,Account
Why am I being asked to verify my identity?,Account
Why is verifaction required for my Identity?,Account
Do you need to know my first and last name?,Account
I don't want to verify my identity,Account
How to verify my identity,Account
Why does my identity need verification?,Account
Can I already use my account although the identity verification has not passed yet?,Account
What is my identification used for?,Account
Is there anyway to bypass identity verification?,Account
Why do you need so much information about my identity?,Account
What if I don't want to disclose all of my identity details?,Account
My identity hasn't been verified.  Can I use my account?,Account
My Identity verification hasn't passed yet is it possible to use my account?,Account
Can we skip verifying?,Account
Why do you need to check my identity?,Account
Why do you need to verify my identity?,Account
"I'm waiting for the ID verification to go through still, so is it too soon to use my account?",Account
What is the identity check for?,Account
I keep being asked to verify my identity. Is this normal?,Account
Why do you need so much id info from me?,Account
What do you do with all the identity information you're collecting from me?,Account
Why is verification for my identity needed?,Account
I'm not verifying my identity.,Account
Do you need my birthdate?,Account
Why is it important to verify my identity?,Account
i need to proof my identity to you why and how?,Account
Is verifying my identify important?,Account
why and how soon do I have to have proof of identity to you?,Account
Why do you need all these details about my identity?,Account
What is identity check?,Account
Can i make transactions before identity verification?,Account
I am afraid to give you all my identify details.,Account
Can you help me with proving my identity?,Account
What proof do you need for my identification?,Account
Are there any reasons that my identity wouldn't be accepted even though everything I've provided is factual?,Account
I am having some difficulty verifying my id.,Account
I am not able to verify my id. Why?,Account
Help me verify my identify?,Account
I can't verify identity through the app.,Account
I need help verifying my identity.,Account
I'm having trouble proving my identity,Account
Why isn't my id verified?,Account
This stupid system is not letting me prove my identity.,Account
The app is having trouble verifying my identity.,Account
Why is my identity not being verified?,Account
"You will hear back from us about your verification results in 10 minutes to a one hour timeframe.  If these verification results do fail, please double-check to make sure your images are clear and have no glare or blur; your photos need to be fully readable.  You need to be 18 years of age or older and a resident of Switzerland or the European Economic Area to create an account.",Account
The app does not know it is me.,Account
My identity wasn't verified,Account
Help me verify my identification.,Account
Unsure how to provide my identity.,Account
It can take between 10 minutes to an hour before you hear back from us about the verification result.  Please try again if your verification fails.  Make sure you double check that images are clear and all document photos are readable without blur or glare. You have to be 18 or older and live in the European Economic area or live in Switzerland to be able to open an account.,Account
I can't upload my identification.,Account
Why isn't my id verifying?,Account
How long does it take to prove my identity?,Account
Why am I not allowed to verify my id?,Account
I am not able to prove my identity,Account
The app failed to verify my id.,Account
"Hearing back from us regarding your important verification results may take 10 minutes to one hour time.  If verification results do fail, double-check to make sure all of your images are clear --  make sure your photos have no glare or blurring. Note: These photos need to be readable as well.  You also need to be 18 years of age or older.  You must be a resident of Switzerland or the European Economic Area to open a new account.",Account
I'm unable to verify my identity,Account
My identity verification didn't work,Account
I'm not able to verify my identity.,Account
The app is not able to realize that it is me.,Account
The app does not believe that I am myself,Account
It won't let me verify my identity.,Account
I am unable to prove my identity,Account
I dont have identification,Account
Why isn't this accepting my identity?,Account
The app won't identify me.,Account
My identity can't be verified for some reason,Account
My identity is unable to be verified.,Account
I have no way to prove my identity.,Account
The app does not recognize who I am.,Account
"If you are waiting for verification, it can take 10 minutes to 60 minutes to get results.You will hear from us once we have it.  Please make sure your images are clear and photos of documents are readable. you have to be at least 18 years old and live withing the Economic Area of Europe or in Switzerland in order to open an account.",Account
Why am I unable to verify my id?,Account
"Hearing about your verification results from us may take anywhere from 10 minutes to approximately one hour.  If this verification has in fact, failed, double-check to make sure that your images are clear.  Also make sure that your document photos have no blur or glare. They need to be readable.  You must also be 18 years of age or older and be a resident of Switzerland or the European Economic Area to open an account.",Account
I'm having a hard time proving my identity.,Account
I'm having problems with ID verification,Account
I am having a problem with verifying my identity.,Account
I cant prove who I am,Account
I am not recognized by the app.,Account
The app doesn't think that I am myself,Account
What do I have to do to prove my identity?,Account
What am i missing to verify my id?,Account
I do not have the information to verify my identify.,Account
There is no way for me to prove my identity.,Account
I will not be able to verify my identity.,Account
How long does it take for my id to verify?,Account
The app is telling me that I am not me.,Account
What do I do if I can't prove my identity?,Account
The app can't verify my information for identity proofing purposes.,Account
What should I do if I can't prove my identity.,Account
What's wrong with my ID? I can't verify it.,Account
Problem verifying my account,Account
The app doesn't believe its me.,Account
"app malfunctioning, does not know its me",Account
I can get my identification verified.,Account
I am having trouble with the app recognizing me.,Account
How long will it take to verify my account?,Account
How come I can't seem to verify my id?,Account
I don't have the means to prove my identity.,Account
My app says that I'm not verified.,Account
I don't have a way to prove my identity.,Account
Why hasn't my ID been verified?,Account
The app doesn't think it's me.,Account
How long does it take to verify a person's identity?,Account
I'm not sure how to provide my identity.,Account
Why is my identity not verified?,Account
Why is my identity verification process not working?,Account
My identity verification is not working.,Account
I'm having trouble with proving my identity.,Account
I am having a problem proving who I am,Account
It won't let me prove my identity.,Account
I am having trouble verifying my id.,Account
Why am I unable verify my id?,Account
My identity can't be verified.,Account
I have trouble proving my identity.,Account
I can't verify my ID. Why?,Account
"My identity isn't being accepted, what should I do?",Account
The app failed to verify me.,Account
Why hasn't the app verified my identity?,Account
The app doesn't believe that I am myself,Account
"The app isn't letting me log in, but my info is correct.",Account
I need help proving that this is really me and to verify my identity.,Account
why does it take so long to verify my id,Account
My identity verification isn't working,Account
I am having trouble to verify my identity,Account
Everytime I try to prove my identity it won't let me.,Account
I'm having difficulty verifying my identity.,Account
Help me verify my identity.,Account
I'm still waiting on my identity verification.,Account
Why can't my ID be verified?,Account
Help my prove my identity.,Account
i am under 18 and i am trying to verify my id. why wont it work?,Account
What do I need to bring for identification?,Account
"I'm not sure what to do about the PIN, because I don't have one yet.",Cards
Is my PIN sent separably?,Cards
Where can I get my card PIN?,Cards
my pin hasn't arrived in the post! How do I cancel it or get a new one?,Cards
Where is the card PIN located?,Cards
"I have my card, when whill my PIN be available?",Cards
I dont have a pin,Cards
i have yet to get my pin,Cards
Where is my card PIN?,Cards
The card PIN?,Cards
I do not see the card PIN anywhere?,Cards
My pin isn't here yet,Cards
Is my PIN recorded anywhere?,Cards
How will I know my pin number?,Cards
"I need my PIN, where is it?",Cards
I haven't received my pin,Cards
I am not able to see the card PIN anywhere?,Cards
"I don't know my PIN, how can I find that out?",Cards
Where can the pin be located?,Cards
How do I find my PIN?,Cards
Why have I not received my PIN,Cards
When do I get my PIN?,Cards
Where can I locate my card PIN?,Cards
Tell me about the card PIN?,Cards
"In the app, where do I find my card PIN?",Cards
do i have to wait for a physical card before i get my pin,Cards
The card PIN is not visible anywhere?,Cards
I cannot see the card PIN anywhere?,Cards
How will I receive my PIN?,Cards
My card arrived but I don't know how to get my PIN.,Cards
Where should I look for my PIN number at?,Cards
Where can I locate my PIN at?,Cards
Where is the PIN for my card located?,Cards
I do not have my pin yet,Cards
Do I have a card PIN?,Cards
Where is my PIN located?,Cards
I can't find the PIN.,Cards
What can you tell me about the card PIN?,Cards
Where can I find my card PIN?,Cards
How do I find my PIN number?,Cards
I am yet to receive my pin.,Cards
i cannot find my card PIN,Cards
How do I set up my card PIN?,Cards
I cannot find my PIN.,Cards
How do I request the PIN?,Cards
I haven't received the PIN yet.,Cards
"I signed up, but don't have a PIN. Where can I find it?",Cards
How is the PIN delivered?,Cards
"Help, I don't know what the PIN is to my card?",Cards
I didn't get a PIN yet. What gives?,Cards
Where's my card PIN?,Cards
How do I set my physical card PIN?,Cards
wheres my pin,Cards
When will I have access to my pin number?,Cards
What's my pin number?,Cards
Where do i find my PIN?,Cards
When do I set up my card PIN?,Cards
Can you tell me how to locate my PIN?,Cards
Do i have to wait to get the pin or can i set up a pin,Cards
How do I locate my PIN now that I have my card?,Cards
Where is my PIN?,Cards
Explain the card PIN to me.,Cards
How do I find the PIN?,Cards
Will the PIN come separately?,Cards
Where can I find my PIN? I haven't gotten it yet.,Cards
Where is my pin? I don't have it yet,Cards
How do I know what my PIN is?,Cards
How long does it take for me to get my pin,Cards
How long do I wait for my PIN,Cards
still need to get card pin,Cards
I have not received my pin yet,Cards
How do I get my card PIN?,Cards
I havn't received my PIN yet.,Cards
I haven't received my PIN yet. Do I need to get it from you?,Cards
In regards to the PIN of the card?,Cards
Does the PIN come under separate cover?,Cards
do i need to wait to get my card before getting a pin,Cards
Will my pin number be sent with my card?,Cards
I can't find my PIN anywhere.,Cards
I have a question regarding the PIN of the card?,Cards
How do I get a PIN?,Cards
I haven't been sent my new pin!,Cards
"So, the card PIN?",Cards
can i go into my app to find my pin,Cards
Is the PIN separately delivered?,Cards
I don't have a PIN at this point.,Cards
do i need to wait for my card before i get pin,Cards
Where do I find my card PIN?,Cards
I can't find the card PIN.,Cards
Where is the PIN number found?,Cards
When do I get my card PIN?,Cards
How is my PIN sent?,Cards
Is the PIN sent in another message?,Cards
Do you deliver the PIN separately?,Cards
Is my PIN the same thing as my passcode?,Cards
"I'm looking in the App and can't find my PIN, where should I look?",Cards
I've been waiting ages and my PIN hasn't gotten here.,Cards
How do I get started when I get my card?,Cards
Show me where I can see the PIN?,Cards
How do I find my new pin?,Cards
can i create my own pin right away,Cards
how to get card pin?,Cards
Where do I find my PIN for my new card?,Cards
Can you deliver the PIN separately?,Cards
is my pin the same as my passcode,Cards
how do i get a pin for my card,Cards
Is there a way I can have a mastercard?,Cards
is it just visa or can i also use mastercard?,Cards
I do not want a VISA card.,Cards
"I prefer using Mastercard, can I substitute?",Cards
I prefer Mastecard.,Cards
may I have a Visa and a Mastercard from you.,Cards
I'd prefer Mastercard.,Cards
Will my card be a MasterCard or a Visa?,Cards
I want a mastercard,Cards
I prefer mastercard.,Cards
Please give me both a visa and a mastercard.,Cards
Is it possible to get a Visa and Mastercard from you?,Cards
If I can't choose my card type will I be able to use it everywhere?,Cards
Do I get  a mastercard and visa?,Cards
Why can I not choose the card i want?,Cards
"Can you send me a Mastercard, instead of a Visa?",Cards
Can I pick between Visa and Mastercard?,Cards
"I have a Visa and Mastercard, can I use these?",Cards
I want to apply for a Visa card.,Cards
Can you issue both a Visa and a Mastercard to me?,Cards
I would like a Visa card.,Cards
"I am looking to get a Visa credit card, what must I do to achieve this?",Cards
Is there a way I can get a Visa card?,Cards
Can I get the Mastercard?,Cards
Do I have a Visa card as an option?,Cards
Are visa and mastercard accepted,Cards
What credit cards do you carry,Cards
would a visa or mastercard be more suited to me?,Cards
I am interested in a Visa or Mastercard. Do you offer them?,Cards
is it ok if i use both visa and mastercard,Cards
Do I have a choice for a Mastercard?,Cards
Can I use visa or mastercard with your service,Cards
Can I choose from either Visa or Mastercard?,Cards
Can I have a Visa card?,Cards
Would I get a Visa or Mastercard?,Cards
Am I able to get both a Visa and MasterCard from you?,Cards
Is it possible to get both a Visa and a Mastercard?,Cards
Can I choose my Visa or Mastercard?,Cards
My preference is Mastercard.,Cards
What card types can I choose from?,Cards
I want to get a Visa,Cards
Can I choose whether I receive a Visa or a Mastercard card?,Cards
Which type of card will I receive?,Cards
I would like to have a Mastercard.,Cards
Can I get a Visa or Mastercard?,Cards
Do you give out Visa or Mastercards?,Cards
Do I have to pick a creditcard brand?,Cards
Please give me a Mastercard instead.,Cards
Visa or Mastercard?,Cards
Can both Visa and Mastercard be chosen?,Cards
Do you let me choose between Visa and Mastercard?,Cards
What cards do you offer?,Cards
Does it matter if I use Visa or Mastercard?,Cards
How can I choose between Visa and Mastercard?,Cards
I'm happy with Mastercard and want to stick with just that credit card.,Cards
Can both a Visa and Mastercard be received from you?,Cards
I prefer to get a Mastercard.,Cards
I'm wanting to get a Visa card today.,Cards
What do I have to do to get a Visa card?,Cards
I would like to get both a Visa and MasterCard?,Cards
Would you give me a mastercard and visa?,Cards
I'd like to apply for a Visa Card.,Cards
My first choice would be Mastercard.,Cards
"I want to get a Visa and Mastercard, is it possible to get both from you?",Cards
Are you Visa or Mastercard?,Cards
Please help me get a Visa card.,Cards
I won't be pleased unless I get a Mastercard.,Cards
Can I select my card scheme or do you choose it for me?,Cards
No Visa please. I want to continue with Mastercard.,Cards
Will the card be a Mastercard or a Visa?,Cards
Can I choose my card scheme?,Cards
Does it matter which card I use,Cards
What type of card will I receive?,Cards
Can I get a Visa or does it have to be something else.,Cards
"I'd like to get a Visa card, please.",Cards
Visa and Mastercard can both be received from you?,Cards
Can I choose between Mastercard and Visa?,Cards
"I prefer Visa, can I get that instead?",Cards
Will I be able to get both a visa and a mastercard?,Cards
I anticipate getting a Visa card,Cards
What type of card can I get?,Cards
Will I get Visa or MasterCard?,Cards
"Visa and MasterCard, can I get them both?",Cards
Can I choose between Visa or MasterCard?,Cards
I need a Visa card,Cards
Do you take both Visa and Mastercard?,Cards
"Which card would I get, Visa or Mastercard?",Cards
Could I get a MasterCard and Visa from you?,Cards
I want to get a Visa card,Cards
Is it possible to get both Visa and Mastercard from you?,Cards
Can I get both a Visa and a Mastercard from you?,Cards
Do you accept Visa or Mastercard?,Cards
"Given a choice, I'd rather have Mastercard.",Cards
can i use both visa and mastercard,Cards
Is it possible to obtain both a Visa and a Mastercard from you?,Cards
"If I can, I would like to get both Mastercard and Visa from you.",Cards
Mastercard is preferred to me.,Cards
I need a Visa and a Mastercard from you.,Cards
This transaction needs both a Visa and a Mastercard.,Cards
"I want a Mastercard, instead.",Cards
I need to get visa and mastercard,Cards
Could I get a mastercard if that's reasonable?,Cards
I need mastercard as well as visa,Cards
Will I get a Visa card or Mastercard?,Cards
I would like to get a Visa card,Cards
How can I get a Visa and Mastercard?,Cards
Can I get a Visa instead of a MasterCard?,Cards
Can I obtained a Visa Card,Cards
"Please give me both Visa and MasterCard, is it possible?",Cards
Do I get Visa or Mastercard?,Cards
Why did I get a different card then requested?,Cards
Can I use a Visa or Mastercard?,Cards
Can I choose between Visa and Mastercard?,Cards
Mastercard is my preferred company.,Cards
Is it possible to get both Mastercard and Visa card from you?,Cards
I'd prefer a Mastercard.,Cards
Can I have a mastercard?,Cards
How do I get selected for a visa card?,Cards
Do I have an option between Visa and MasterCard?,Cards
Can I get a Visa from you?,Cards
I hope to get a Visa card,Cards
Which one are you?  Visa or Mastercard?,Cards
How can get a Visa card?,Cards
Can you make sure I get a MasterCard and not a Visa?,Cards
I would prefer a Mastercard.,Cards
I would like to get both Mastercard and Visa card from you if that's possible.,Cards
Will I get a visa or Mastercard?,Cards
Will you guys do Visa or Mastercard?,Cards
Do you only use Visa or do you have Mastercard too?,Cards
Can I get a Visa card?,Cards
I would like to know if you use Visa or Mastercard.,Cards
Is it acceptable to use either Visa or Mastercard?,Cards
"Please tell me, do you use Visa or Mastercard?",Cards
Can I choose what card I can use,Cards
Do you supply both Visa and Mastercard?,Cards
My money I had was gone and I could not get gas!,Topups
i can not see my top up,Topups
I can't see my top up in my wallet!,Topups
I want to transfer money using my credit card.,Topups
"I tried topping up using my card, but the money is gone?",Topups
How can my friends top up my account?,Topups
"I used my card to top up, but the money is not there!",Topups
My card needs to be topped up.,Topups
Can my friends top up my account?,Topups
What's the process for topping up by card?,Topups
Is my account able to be topped up by my friends?,Topups
Can anyone else top-up for me?,Topups
I tried to top up and suddenly my money disappeared,Topups
My wallet doesn't show my recent top up.,Topups
Can I get my friends to add money to my account?,Topups
I used my card top-up but all of the money is missing.,Topups
Could you tell me why my top up isn't showing in my wallet?,Topups
What do I do to Top up my card?,Topups
"I tried topping off my account with a card, but the money is not in my account despite the charge going through",Topups
Is it possible to top up by card?,Topups
I want to know how to transfer money with my credit card,Topups
Hoe do i use my credit card to transfer money?,Topups
"I attempted to top up using my card, but now the money just disappeared?",Topups
My top up isn't in my wallet.,Topups
Can I let other people have access to my account in order to top up?,Topups
How do I to up by card?,Topups
How do I add money to my card?,Topups
"When I tried to top up using my card, all of the money disappeared.",Topups
"I used my card to top up, but now I don't see the money in my account.",Topups
Can i top up by card?,Topups
With my credit card i would like to transfer money.,Topups
I want to top up by card,Topups
I don't understanfd how to top up,Topups
Why was my card charged when topping off my balance but it's not showing up in my wallet balance?,Topups
Why can't I see my top up?,Topups
Is it simple to transfer money using my credit card?,Topups
Why can't I see the top up I made?,Topups
Can a credit card be used to transfer money?,Topups
Is it possible to transfer money to my credit card?,Topups
"My wallet isn't showing my top-up, did I do something wrong?",Topups
How can I transfer money using my credit card?,Topups
The money disappeared after I topped up my account.,Topups
The money disappeared when I tried to use my card to top up.,Topups
I wasn't able to use my top up card because the money I put on there wasn't there anymore,Topups
Top up not available in my wallet.,Topups
How do I transfer funds directly from my credit card?,Topups
i need to top up by card.,Topups
How do I top up on my card?,Topups
top up by my card is that possible?,Topups
I tried to get gas but my money was gone!,Topups
How do I use a card to top up?,Topups
Can my account be topped-up by friends of mine.,Topups
Is it possible for friends to top up my account?,Topups
How do I top up by card?,Topups
My top up is not showing up in my wallet!,Topups
Transferring money using credit card,Topups
Will my friends be able to top up my account?,Topups
I was attempting to top up with my card but the money has vanished!,Topups
Can I allow other people to top up my account?,Topups
can other people use the app to add money to my account,Topups
"I tried to top off using the card, but the money just disappeared?",Topups
Show me how can my friends top up my account.,Topups
How do i set up my credit card to send transfers?,Topups
I don't see me 'top up' in my wallet,Topups
What do I need to do to transfer money with my credit card?,Topups
I used my card to top-up but the money is gone!,Topups
what happened to the money after i put in the wrong info and it got declined,Topups
"Can I add other people to my account, so they can top up?",Topups
show me how to top up,Topups
My friends would like to add to my account. What is the procedure?,Topups
I want to transfer money with my credit card.,Topups
Something is wrong with my top up and I can't see it. How do I find it?,Topups
Can my account be topped up by my friends?,Topups
Am I the only one who can top-up my account?,Topups
How do I top up using my card?,Topups
Can a friend top up my account,Topups
What information am I going to have to have in order to do a transfer with my card?,Topups
top up with credit card,Topups
What's the process for topping up my card?,Topups
I don't see my top up in my wallet.,Topups
Can friends I have top-up my account?,Topups
I cannot tell what my top up currently is.,Topups
How do I go about transferring money using my credit card?,Topups
Can you tell me how to top up on my card?,Topups
my top up isnt there yet where do i find it,Topups
"If I want a friend to top off my account, can they?",Topups
My wallet is empty even though I topped it up an hour ago.,Topups
Can somebody else top up my account?,Topups
I'd like to transfer funds using my credit card.,Topups
Where did my top-up go? I can't find it in my wallet,Topups
My money disappeared right when I tried to top up,Topups
How does someone else top up my account,Topups
Who can have access to top up my account?,Topups
I have a new card. How do i top it up?,Topups
Do i have to top-up with my credit card before I can transfer?,Topups
"I need my card topped up,",Topups
What steps do I do to transfer money using my credit card?,Topups
I topped up my account but the money isn't there now.,Topups
How can I use my credit card to transfer money?,Topups
How do I use my card to top up?,Topups
"I need to transfer some money, can I use my credit card?",Topups
Why is my 'top up' not showing up in my wallet?,Topups
Can other people top up my account?,Topups
Do the disposable cards have any restrictions on them?,Cards
How many times can I use a virtual card?,Cards
A friend was telling me about her disposable cards. What would I have to do to be able to get that feature?,Cards
Can I have more disposable cards?,Cards
"i tried using a virtual card for a hotel but it didn't work, why not",Cards
What are the guidelines for the disposable cards?,Cards
Do the disposable cards have a transaction limit?,Cards
Can you give me the restrictions of the disposable cards?,Cards
Is there a limit on the number of times I can use a disposable card?,Cards
How many disposable cards am I allowed to have?,Cards
What are the restrictions of the disposable cards?,Cards
What is the most amount of disposable cards allowable?,Cards
Can I get a disposable card?  How many can I have?  How often can I use them?,Cards
What number of transactions can i do with one disposable card?,Cards
Whats the maximum disposable virtual cards?,Cards
How limited is a virtual card?,Cards
What are the disposable cards restrictions?,Cards
"I need multiple cards per day, and they all have to be disposable.",Cards
Is there a limit to the number of disposable cards I can have?,Cards
Can I have more than 2 disposable cards?,Cards
What sort of restrictions are there for the disposable cards?,Cards
What is the limit on disposable cards?,Cards
Help me create several temp cards every day.,Cards
Are there any limits to using disposable virtual cards?,Cards
Are there a certain amount of transactions i can do with one disposable card?,Cards
What are the limitations on the disposable cards?,Cards
"I have a disposable card, how many transactions can I make?",Cards
What are the policies of disposable cards?,Cards
Is there a limit on how many times I can use a disposable card?,Cards
I need to make several disposable cards per day.,Cards
What is the number of transactions I get with a disposable card?,Cards
How many disposable virtual cards can you have?,Cards
Can you tell me the restrictions for the disposable cards?,Cards
How can many disposable cards can I have per day?,Cards
Could you tell me about the restrictions that are on the disposable cards?,Cards
Do the disposable cards have any restrictions?,Cards
I need several cards per day. And I need to be able to throw away all of the cards I make.,Cards
How many times can I use my disposable card?,Cards
With one disposable card how many transactions can i do?,Cards
Is there any limits I should know about if I'm going to use a disposable virtual card?,Cards
I need a number of disposable cards everyday.,Cards
Are there restrictions on disposable virtual cards?,Cards
Please provide me with the restrictions of the disposable cards.,Cards
I have to make several disposable cards per day.,Cards
Am I limited on the amount of disposable cards I can possess?,Cards
how many uses are the disposable cards good for?,Cards
Whats the maximum number of disposable cards that I can get?,Cards
What are some of the restrictions that the disposable cards have?,Cards
What are the restrictions on the virtual cards?,Cards
How many purchases can I make with one disposable card?,Cards
Is it possible to have more than one disposable card?,Cards
Can i make several disposable cardsper day?,Cards
What is limit of disposable cards  I can make per day?,Cards
What are the details of disposable card limitations?,Cards
I need to make multiple disposable cards in a day.,Cards
How many transactions can I do with my disposable card?,Cards
Show me the amount of transactions I can do with a disposable card.,Cards
What is the maximum transactions I can use on a disposable card?,Cards
Are there any limits if I use these virtual cards?,Cards
Are there any restrictions for the disposable cards that I need to be aware of?,Cards
Where can I find a list of descriptions the disposable cards have?,Cards
What limits are there on the virtual cards?,Cards
What is the max amount of disposable cards I'm allowed.,Cards
What stipulations do disposable cards entail?,Cards
How many disposable cards per person?,Cards
Is there a limit to a disposable virtual card?,Cards
Why can't I use a disposable card?,Cards
How many transactions can I make on my disposable card?,Cards
What's the limit for disposable virtual cards?,Cards
How many active transactions can I make with a disposable card?,Cards
Please specify any limitations that come along with disposable cards.,Cards
Are there downsides to using a disposable virtual cards?,Cards
how many transactions can go on a disposable card?,Cards
Is there a transaction limit for a disposable card?,Cards
I need more than one disposable card,Cards
What is the maximum number of transactions that I can put on a disposable card?,Cards
I am required to make several disposable cards every day.,Cards
I must make several disposable cards every day.,Cards
Where can I use a disposable card?,Cards
Are there limits on the virtual cards?,Cards
How many disposable cards can you own?,Cards
Can you tell me more about limits to disposable virtual cards?,Cards
How many transactions can I do with a disposable card?,Cards
How many payments can I make using a virtual card?,Cards
What is the maximum number of transactions I can do with a disposable card?,Cards
Can you tell me if there are limits to disposable virtual cards?,Cards
What are the rules for using disposable virtual cards?,Cards
What are the disposable virtual card limits?,Cards
How many disposable cards can I have at one time?,Cards
How many transactions can be made with a disposable card?,Cards
"i am not a premium customer but i want a virtual card, how do i get it",Cards
I need several disposable cards made per day.,Cards
What is the maximum transactions for one disposable card?,Cards
"For the disposable cards, what are the restrictions?",Cards
Are there any restrictions for the disposable cards?,Cards
Is there a limit on making disposable cards?,Cards
Do the disposable cards have restrictions?,Cards
Can I do more than 10 transactions with a disposable card?,Cards
What are the disposable card limits?,Cards
Is there a limit to using a disposable virtual card?,Cards
I have a disposable virtual card. Is there a limit to how many times I can use it?,Cards
Are there any places that I can't use the disposable cards at?,Cards
Is there a limit to the number of disposable cards per day?,Cards
How many disposable cards can I make in a day?,Cards
let me know how many disposable cards I can have?,Cards
I must make several disposable cards per day.,Cards
Can you please inform me of the restrictions for the disposable cards.,Cards
Is there a limit on disposable cards?,Cards
I have to make more then a few disposable cards per day.,Cards
Are there any restrictions on the disposable cards?,Cards
What are my limits on disposable cards?,Cards
I would like to know what the restrictions are for the disposable cards.,Cards
What is the limits on the number of disposable cards I can have?,Cards
what is the amount of disposable cards I can have?,Cards
"On my disposable card, is there a transaction limit?",Cards
Who can request disposable cards?,Cards
How much transactions do I get with a disposable card?,Cards
What can I and can't do with the disposable cards?,Cards
Is there a transaction limit on a disposable card?,Cards
How many disposable  cards are available per account?,Cards
What is the number of transactions for one disposable card?,Cards
I think someone is using my card without my permission!,Account
What do I do if I detect fraudulent use on my car?,Account
I think my account has been hacked there are charges on there I don't recognize.,Account
I don't recognize some transactions.  Is someone else using it?,Account
I just got an email in confirming my purchase with my card. I login to the mobile app on the card and found out there are several purchase were made without me aware of it. Evidently someone had stole my card information and made these fraudulent purchase. I need the transaction to be reverse and have my card suspended.,Account
How do I stop fraud to my account?,Account
card is being used by someone else,Account
I think someone else is using my card.,Account
Someone might be using my card that is not me.,Account
There are strange transactions on my account.  What should I do if I think someone stole my details?,Account
I sees some suspicious spending on my credit card that I don't recall I had made. What should I do?,Account
"It looks like someone besides me ordered something with my card, what should I do?",Account
There are charges on my card that I haven't purchased.,Account
Someone might be using my card.  What should I do?,Account
I suspect someone used my card.,Account
Please tell me how you can stop unauthorized payments from being made on my card since on this bill I see that this has happened. There are transactions that I never made from a place I've never been to.,Account
I think that somebody is utilizing my card without my authorization!,Account
"There are a few transaction that I don't recognize, I think someone managed to get my card details and use it.
",Account
Someone has been using my card. There are unfamiliar transactions on there. Can you freeze the card to keep this from happening?,Account
What can I do if my card details where stolen from my car? I think they used my card to buy gas.,Account
I want to cancel my card. I think someone else is using it.,Account
"I can't be sure, but I think that someone may be using my card.",Account
What should I do if I think someone is using my card without my permission?,Account
I believe that someone is using my card without my knowledge!,Account
There is unusual activity on my account and I believe someone took my card.,Account
Someone must have found my card details as I don't recognize these transactions.,Account
Should I order a new card before I freeze my original one?,Account
"I think that someone may be using my card, but I'm not sure,.",Account
I think someone has hacked my card!,Account
My card has been compromised. I see a bunch of online shopping charges that I didn't make. I need to freeze it immediately.,Account
I think my card has been used by somebody else since I was never in the little town where some transactions on this bill have come from. Please stop this right away.,Account
am suspicious of my card's security,Account
"Someone is making transactions on my account, I think they took my card information.",Account
I think someone stole my card number and brought stuff in different places that I have never been to. I need to suspend any further purchase on my credit card.,Account
There's a possibility that my card was compromised.,Account
What should I do if I think there are unauthorized transactions?,Account
How do I stop fraud to my card?,Account
am afraid someone may have gained access to the info on my card.,Account
My statement shows charges for things I never purchased. Were my account details stolen?,Account
What should I do if someone else used my card?,Account
What steps can I take if someone else is using my card?,Account
Someone might have had access to my card.,Account
What should I do if I think someone stole my details and used my information to make some transactions?,Account
I am not sure but someone else might be using my card,Account
What to do if my card has been used without my permission?,Account
Someone used my card without my permission.,Account
think someone is using my card with permission,Account
I see some transactions that I don't recognize.  I think someone stole my details.,Account
How can I tell if someone else is using my card?,Account
What do I do if I believe to be a victim of credit card fraud?,Account
"My card info was stolen, what do I do?",Account
"i didnt make these transactions, i think my card details might be stolen",Account
I have transactions that I don't recognize - I think someone is using my card.,Account
"my card details could be stolen, as i didnt make these transactions",Account
What do I do if someone used my card without my permission?,Account
There are transactions that I don't recognize. What do I do if I think someone is using my card?,Account
"Can you check about unauthorized use of my card, I think someone is using mine without my knowledge?",Account
I noticed my card was used in a small town that I have never been to. Can you stop the card from being used more?,Account
"I froze my account, but how do I order a replacement card?",Account
What do I do if I think someone has used my card?,Account
My card was stolen and used to make several purchases. Please freeze my card so no one can use it.,Account
"There are transactions that I don't remember making, i think someone might have gotten my card details and is now using it.",Account
My card information seems to have been stolen! I don't know where these transactions came from and I've never even been to the city where they were made. I need my card blocked ASAP so this person can't keep using my card.,Account
"My card was used without my permission, what do I do?",Account
What do I do if I think someone has used my card without permission? I can see a few transactions I don't recognize.,Account
Questionable transactions on my account.,Account
I have some transactions on my account I did not make. Can you cancel my card and prevent further use.,Account
Someone besides me might be using my card.,Account
Someone hacked into my cards account.,Account
How do I report fraud on my card?,Account
How do I report possible fraudulent activity on my account?,Account
Someone else might be using my card without my permission.,Account
My card must have used my card as there are some transactions that I haven't done myself..,Account
How do I order a replacement for stolen card?,Account
"i dont recognise some of these transactions, i think someone has my card details",Account
Somebody used my card without my knowledge!,Account
I think my card has been compromised in some way.,Account
What should I do if I think that someone might be using me card?,Account
"I might be paranoid, but someone may be using my card.",Account
My wallet was stolen and all my credit cards were in there.  HELP?!!?,Account
There are fraudulent charges that I didn't make on my card. Can you please put in the safeguards necessary to stop this from happening anymore?,Account
The card has suffered a security breach.,Account
My card data has been exposed.,Account
"There are transactions that I did not make on my account, I think someone has my information.",Account
I think someone may be using my card.,Account
I didn't make these transactions. Is someone else using my card?,Account
I can use this card at which ATMs?,Payments
Can I use the card at any cash machine?,Payments
What locations can I get money from?,Payments
What ATMs take this card?,Payments
Which ATM's can I use to make a withdrawal?,Payments
Do all ATMs accept this card?,Payments
Will this card work at any ATM?,Payments
Which ATMs am I allowed to get money from?,Payments
Where is the closest ATM to me?,Payments
Which ATMs accept this bill of fare ?,Payments
Do I have to use a bank approved ATM to withdraw money?,Payments
How do I withdraw money?,Payments
Can I use this card at any ATM?,Payments
What locations allow me to withdraw money?,Payments
What ATMs accept my card?,Payments
Can I use my card to withdraw from my account?,Payments
Can you tell me where I can withdraw money?,Payments
What kind of ATMs would this card be accepted at?,Payments
Are there specific ATM's that I can draw money from?,Payments
Where can money withdrawals be made?,Payments
Do I have to use bank approved ATM's,Payments
Where can I find Mastercard ATMs?,Payments
What ATMs can I use my card at?,Payments
What ATM machines allow this card?,Payments
Where can I do a cash withdrawal?,Payments
Where should I withdraw money from?,Payments
Where are the ATMs that accept this card?,Payments
Is there a way to find an ATM around me?,Payments
Will any ATM's decline my card?,Payments
What ATMs can I use my card?,Payments
What cash stations take this card?,Payments
"
At which ATMs can I use this card?",Payments
Please provide me a list of ATMs that accept my card.,Payments
Can I use my card at an ATM?,Payments
Where is the closest ATM I can use?,Payments
Where is the nearest Mastercard ATM?,Payments
Where can I get money from my card?,Payments
How can I find an ATM that accepts this card?,Payments
I need an ATM right now!,Payments
Which ATMs accept Mastercard?,Payments
What is the closest ATM?,Payments
What ATMs use this card?,Payments
What ATMs can I use this card?,Payments
Can I get money out of any machine?,Payments
Is the closest ATM to me within 2 miles?,Payments
I need to withdraw money. Where can I do that?,Payments
Can I use my card in another institutions ATM?,Payments
Where is a ATM that accepts Mastercard?,Payments
Where are the Mastercard ATMs?,Payments
Where can I withdraw money from?,Payments
Can I use a different bank ATM than my own?,Payments
need to know places i can withdraw money,Payments
The card can be used at which ATMs?,Payments
What's the closest place to withdraw money?,Payments
Is there a list of ATMs that take this card?,Payments
Is there a Mastercard ATM nearby?,Payments
Am I limited to what ATM I can use my card?,Payments
how do I know where I can get money withdrawn?,Payments
Tell me what ATMs take this card.,Payments
Where are the ATMs that I can use Mastercard?,Payments
Where is an ATM?,Payments
Which locations can I withdraw money from?,Payments
Can this card be used at all ATMs?,Payments
Are there any ATM's near me that accept this card?,Payments
I need help from someone in your department with finding my nearest ATM.,Payments
what are the locations i can withdraw money,Payments
Which ATMs accept this circuit board ?,Payments
How many ATMs will take this card?,Payments
What ATMs can I use this card at?,Payments
Is this card accepted by ATMs?,Payments
Are there only certain ATM machines where I can use this card?,Payments
Where can I find a Mastercard ATM?,Payments
Tell me what ATMs use this card.,Payments
Which ATMs take the card?,Payments
How far is the closest ATM from me?,Payments
Can you tell me the ATMs I can use with my card?,Payments
Where is a Mastercard ATM?,Payments
I need to know where I can withdraw money.,Payments
Are there specific ATM's I can use with this card?,Payments
Where can I find an ATM?,Payments
How can I tell if an AMT will take this card?,Payments
How do I know it is a Mastercard ATM?,Payments
"ATMs, which ones will accept this card?",Payments
What ATM locations are near me?,Payments
What ATM accepts Mastercard?,Payments
Can I withdraw from any ATM?,Payments
"Hi, i found a large amount payment in my old statements which i am sure was not made by me. I am aware that the time has passed but is there a way to raise a dispute for this payment now?",Disputes
what is the word?,Disputes
Please help my find out why there is an odd direct debit in my records.,Disputes
I am seeing in the App a diret debit that its not mine,Disputes
There is a direct debit payment that I did not make.,Disputes
There is a strange charge on my debit statement,Disputes
There is a Direct Debit that looks suspicious.,Disputes
Is there a way for you to find out why my account was deducted from a seller when I didn't approve of it?,Disputes
Why is there a direct debit payment on my statement that I didn't do?,Disputes
A direct debit payment that I didn't authorise shows up in my app.,Disputes
My app is showing a payment that I know I did not do. Can you please cancel that transaction and credit my account please?,Disputes
i would like to dispute a direct debit payment,Disputes
Is it possible to dispute a debit payment from a couple of months ago.,Disputes
A direct debit payment I didn't do shows in my app,Disputes
I see a direct debit transaction in my history that I did not set up.,Disputes
A false direct debit payment is showing in my app,Disputes
I do not understand what this particular direct debit is ?,Disputes
There was some money taken from my account that I don't remember paying for. Am I able to look up this transaction which was a few weeks ago to see who took out the money? Im not sure I need a refund just want to check to make sure it's legit.,Disputes
Please tell me what this direct debit in my statement is,Disputes
what is this charge on my card?,Disputes
"A few weeks ago, a strange transaction was made on my account by a seller I don't know. I am quite sure I didn't do it and will like for you to check it for me.",Disputes
Is there a strict timeline regarding disputing transactions made on my account? I just noticed a fraudulent charge on a statement from a couple months ago.,Disputes
There is a mysterious debit transaction on my statement,Disputes
what is the matter?,Disputes
My account shows I made a debit payment to someone that I can't recall and would like to find out who the payment was made to.,Disputes
I don't recognize the direct debit payment from the app.,Disputes
I need a refund on a direct debit that shows in the app because I did not make it.,Disputes
"hey, I think someone stole my card numbers. There is a purchase showing up on my app from a store pretty far away from me.. I really need that money back to pay my rent.",Disputes
I was just going over my transactions for the past couple of months and noticed a large type charge that I know I did not make. Even though it's been a while can I please still dispute this?,Disputes
There was a charge made on my card from a couple weeks ago and I don't remember making the purchase. Nor do I remember the company itself. Can we trace this at all to confirm if I did it or not?,Disputes
There is a direct debit payment I don't recognize.,Disputes
What is this direct debit in my statement?,Disputes
This debit is not my transcation. How do I get my money out back?,Disputes
How can I get my money back for a payment i didnt make,Disputes
I don't recognize the direct debit payment on my account.,Disputes
A direct debit appears in the app but I didn't authorize it.,Disputes
I'm seeing a direct debit payment that is not me.,Disputes
I see a direct debit transaction that I didn't make.,Disputes
Could I raise a dispute for a large payment that i found out was not done by me in my couple of last statements? I am aware its delayed now. Please help me out.,Disputes
I don't know where a direct debit payment came from,Disputes
Who do I contact if there is a direct debit that I did not create.,Disputes
There was a direct debit from my account and I didn't authorise it,Disputes
"I'm checking my statements and I saw a purchase from a couple weeks ago that I don't recall at all. Not only that, but I don't even know the business that charged it. I'm not sure if I did it or not, but can we check it and see if we can trace it back to make certain?",Disputes
I don't recognise a Direct Debit payment,Disputes
There is a direct debit transaction on my statement that I think is not mine. How do I remove?,Disputes
there is a debit i dont recognize,Disputes
There are automatic debits on my account that I did not make.,Disputes
I may need to dispute a Direct Debit payment.,Disputes
"There's a weird payment showing in my app that I definitely haven't made myself, as I haven't used the card at all that day. Please cancel that and return my money.",Disputes
There is a direct debit fee in the App that I didn't do.,Disputes
What do I do about a debit on my account that I didn't make?,Disputes
I did not set up a direct debit I have,Disputes
"If I found an error in my account for a transaction I didn't make, how long to I have to dispute it?",Disputes
There is a direct debit transaction that I did not authorize,Disputes
Can you help me figure out what is going on with a debit payment that is showing up on my account I am not sure is suppose to be there.,Disputes
I am seeing a direct debit I wasn't aware of.,Disputes
I found a charge on my debit that I did not make.,Disputes
How can I dispute a direct debit transaction?,Disputes
How can I dispute a debit transaction?,Disputes
My statement shows a strange direct debit.,Disputes
"I have an unknown debit charge in my statement, why?",Disputes
"I just noticed that I supposedly made a payment to a seller a while back. The problem is, I don't recognize the seller. There must be a way to see who it is or track the payment. Can you do that, because I don't remember this transaction?",Disputes
"In my app, a direct debit payment that I didn't do shows up.",Disputes
There's an unauthorized direct debit in my app.,Disputes
I see a direct debit that isn't mine? How can I get my money back?,Disputes
My account statements show a debit payment that I didn't make it's from some time ago I need to know if it is disputable.,Disputes
There is a debit transaction on my statement that I did not make,Disputes
There is a direct debit payment on my account that I didn't authorize.,Disputes
I didn't set up the direct debit I have,Disputes
What do I do if I find a debit charge that I know I didn't do in my billing statement?,Disputes
i do not know what this charge is for,Disputes
What do I do if there is a direct debit on my account that shouldn't be there?,Disputes
I think I am a victim of fraud.  I noticed there was a charge on my account that I didn't do because I haven't touched my card today.  Can you please reverse the charge and refund my money?,Disputes
There is a direct debit charge on my account that I don't recognize.,Disputes
"Recently, a few weeks ago there was a transaction made on my account by some seller that I don't recognize. I am very certain that didn't happen  and will like for you to trace back to make sure.",Disputes
Someone else charged my card!,Disputes
"Am I able to look back at a transaction to see who with drawled some money from my account? I don't remember authorizing this a few weeks ago, but wanted to double check who took the money.",Disputes
How do I dispute a direct debit on my account?,Disputes
I did not make a direct debit payment as listed on my app,Disputes
There's a direct debit payment that I don't recognize.,Disputes
How do I dispute a debit that I didn't make?,Disputes
I don't know where this debit transaction on my statement came from.,Disputes
The app is showing a direct debit transaction that I did not perform,Disputes
The app is showing a direct debit payment that I never made,Disputes
"I was checking the app for my account and I noticed there is an authorized charge on it.  I haven't used my card today, so I know I didn't do it.  I would like the transaction reversed and the money replaced.",Disputes
I want a refund on a direct debit.,Disputes
"Hi, i was checking my old statements and found a discrepancy with a large amount transaction. I am sure it was not done by me. Please let me know if i could raise a dispute as its very late.",Disputes
There is a debit paymet that I don't recognize.,Disputes
What can I do about a direct debit transaction on my card that I didn't make?,Disputes
I need assistance addressing a direct debit that I did not do myself.,Disputes
I see a direct debit transaction in my app that I didn't make.,Disputes
I see a direct debit payment on my statement that wasn't me,Disputes
How long after I receive my statement can I dispute payments on it?,Disputes
How do I dispute a direct debit transaction?,Disputes
"I notice a transaction a couple of weeks ago in my account, from a seller that I don't recognize. Is there a way we can trace back the information to make sure it was truly something I did?",Disputes
what is this charge i didnt do it what can i do,Disputes
I have a direct debit on my records that is strange and I need help.,Disputes
I would like to dispute a payment I didnt make,Disputes
I found a direct debit I would like to dispute,Disputes
"I saw money was taken out of my account by a seller a while back. I do not recognize the seller, but I'm pretty certain I didn't make that payment. Can you track who the seller is?",Disputes
There is a direct debit patentp that I haven't authorized.,Disputes
I can't recognise this Direct Debit payment.,Disputes
I would like to dispute a direct debit transaction,Disputes
"Please help! I was looking at my account and saw a transaction with a seller I don't remember. Is it possible for you to track the sale, because I really don't think I made a payment to them.",Disputes
Why is there a direct debit set up in my name?,Disputes
I don't recognize this debit transaction in my billing statement?,Disputes
I didn't set up a direct debit payment on my account.,Disputes
I need to dispute a direct debit.,Disputes
My account shows a direct debit charge that I have never seen before,Disputes
I might have been charged on my debit statement by fraud.,Disputes
"I just went through a old statement and noticed that a very large payment went through and i did not make it. It was from a few months ago, can I still dispute the payment?",Disputes
I am not recognizing a debit payment from my account.,Disputes
I have a direct debit that I did not set up,Disputes
I have gone through my statements and noticed there is a large payment that I did not make. Can i still dispute the payment? its been a while,Disputes
I see a charge for a direct debit that was not me.,Disputes
There was a strange transaction made on my account a couple weeks ago by a seller I don't recognize. May you please check on this transaction for me.,Disputes
There is a potentially fraudulent direct debit on my account.,Disputes
I have a direct debit I didn't set up,Disputes
Help!  In the app there is a direct debit that I don't remember.,Disputes
Please help me regarding a direct debit in the app that I don't recognize.,Disputes
how do i get a refund for a direct debit payment i didn't make,Disputes
I need to cancel a transaction on my debit card.,Disputes
I think I was charged by mistake on my debit statement.,Disputes
Purchases I did not make are appearing in my bank statement?,Disputes
"On my app I can see that a direct debit payment that I didn't do, appears.",Disputes
There's a payment showing in the app today even though I have not used my card at all. I want a refund.,Disputes
Unusual direct deposit,Disputes
I didn't make the direct debit payment on my account.,Disputes
People are using my debit card - help!,Disputes
I have an unfamiliar direct debit in my statement.,Disputes
How do I dispute a direct debit that I didn't do?,Disputes
Weird Direct Debit payment,Disputes
I have an unauthorized direct debit on my account,Disputes
I have an unknown charge.,Disputes
What do I do if there is an electronic debit that is not correct?,Disputes
There is a payment showing that I know I didn't make. I didn't use my card that day and I'm sure of it. Can you please cancel that transaction and return my money? Thankyou,Disputes
after going over my transactions for the last couple of months I noticed a pretty large charge that I know I did not make. I know it's been a while but can I still dispute this charge?,Disputes
Someone else made a Direct Debit transaction on my account,Disputes
How can I dispute a direct debit charge on my account?,Disputes
I have a direct debit I didn't make,Disputes
I have an unauthorized charge.,Disputes
A debit came through that I need to dispute.,Disputes
There is a payment in my app that I did not make.  I have not used that card all day  Please reimburse my money.,Disputes
I don't know what this Direct Debit payment is.,Disputes
I see a direct debit payment on my app that I did not do,Disputes
How do I get a refund for an unauthorized direct debit payment?,Disputes
There was a direct debit I don't recognize.,Disputes
I see an unfamiliar Direct Debit payment.,Disputes
In the app I see a direct debit that I don't recognize.,Disputes
Why am I seeing a direct debit thats not mine?,Disputes
Can I dispute a debit payment that I am seeing that I didn't make from a couple of months ago?,Disputes
There is a direct debit set up that I didn't create.,Disputes
"There is a direct debit charge that I don't recognize, what can I do?",Disputes
"I have not used my card all day, however, there is an unusual payment showing in my app.  I would like to have that amount reimbursed.",Disputes
I don't know what this Direct Debit payment on my account is for.,Disputes
There is a direct debit charge on my account that is not mine.,Disputes
I see a direct debit transaction in the app that is not mine,Disputes
There is a direct debit set up that was not authorized by me.,Disputes
I didn't initiate a direct debit that I see on my account,Disputes
Why is there a direct debit fee in the App when I didn't do it?,Disputes
There is a payment I don't recognise!,Disputes
A couple weeks ago there was a debit taken from my account from a transaction I don't recall. Is it possible to trace this transaction to make sure I'm not being scammed?,Disputes
What should I do about a direct debit that I did not set up?,Disputes
There was a direct debit transaction I have don't think should be there.,Disputes
I just found a payment from a while back in my account that I didn't make.  Can I still dispute it even though it was a couple of months ago?,Disputes
I do not recognize a direct debit payment that I see on my app,Disputes
My account was charged a debit payment I don't recognize.,Disputes
"In my app, a direct debit payment I didn't do shows in my app",Disputes
My accounts been charged a payment for something I didn't make.,Disputes
looking back on my transactions from a couple of months ago I have noticed a charge that is fairly large that I'm certain was not completed by me. I know it has been a while but can I please dispute this charge?,Disputes
I see a direct debit charge that I did not approve,Disputes
The app shows Direct Debit payments that I didn't make,Disputes
I have an unknown direct debit payment on my account,Disputes
"There is a direct debit that I didn't set up, what should I do?",Disputes
I see a direct debit that I didn't authorize,Disputes
"I know this very late, but I just went through my statements from the last couple months and there's one quite large-ish payment that I definitely haven't made. Is it still possible to dispute it?",Disputes
I checked my account and see that funds were deducted from a seller I didn't approve of. Can you help me understand?,Disputes
There is a transaction showing in my app that I did not make as I have not used that card all day.  Please reimburse this amount to my account.,Disputes
My app shows a direct debit that isn't mine.,Disputes
I haven't used my card all day but there is a payment showing in the app. Please cancel it!,Disputes
There is a payment showing on my app that I didn't do. Will you please cancel this payment and refund my money ?,Disputes
Why is there a direct debit to my account? I didn't do that.,Disputes
Help me!  I don't know what my password is.,Account
"I thought I knew my password but I guess I was wrong, what can I do now?",Account
I am unable to access my app due to forgetting my passcode.,Account
I can't recall my password.,Account
What should I do if I don't know my password?,Account
Need a new passcode.,Account
I can't log in with this passocde,Account
I forgot my passcode. Now what?,Account
What are the steps to reset my passcode?,Account
Where do I go to reset the passcode?,Account
I am unaware of what my password is.,Account
I can't remember my passcode.,Account
I forgot my code,Account
Help me.  The passcode doesn't work.,Account
The passcode isn't working for me.,Account
Is there a way to recover my password?,Account
Can you lookup my password?,Account
What is my password?,Account
I forgot my password to get into the app!,Account
Why doesn't my passcode work?,Account
I happened to forget my password,Account
I forgot the passcode on my app.,Account
I seem to of forgotten my passcode.,Account
I do not understand why my pass-code is not working.,Account
My passcode won't work.,Account
How do I reset my passcode?,Account
Not sure what my password is.,Account
how to recover my passcode,Account
I don't remember my login code,Account
I need a new login code,Account
Help!  I forgot my password.,Account
I happened to forget my passcode,Account
"what is going on, i have entered my passcode and its not working",Account
My passcode is not being accepted,Account
I would like to better understand why my pass-code is not working.,Account
I can't find my code,Account
My password doesn't work.,Account
My passcode was denied.,Account
I don't know the code for the app.,Account
I can't remember my password.,Account
Please help me.  I don't know my code to get into the app.,Account
"I used to know my password, but not anymore.",Account
I've forgotten my passcode. Can I reset?,Account
I am entering my passcode but getting an error.,Account
I don't remember my password,Account
Where can I get a new passcode?,Account
What are the steps for changing my passcode?,Account
I lost the code and can not get into the app. Help!,Account
I think my passcode was changed,Account
How can I reset the passcode if I need to do that?,Account
I can't log into my account because I lost my password,Account
What do I do if I can't access my passcode?,Account
The app passcode has completely slipped my mind.,Account
Can you help me reset my passcode? I forgot it.,Account
How do I change my passcode?,Account
I cannot remember my passcode.,Account
I don't have a password.,Account
Where do I go to reset my passcode?,Account
What do I do if I forgot my passcode?,Account
I've completely forgot the code to get into the app.,Account
How can I go about resetting my passcode?,Account
How can I change my password?,Account
Is there a way to reset the passcode?,Account
I can't log in,Account
Help! I've forgot my app passcode!,Account
"I need to reset my passcode, this one isn't working",Account
I don't remember my passcode?,Account
What do I do if I have forgotten my passcode?,Account
Can you tell me my code to get into the app?,Account
"I cannot remember my passcode, is there a way to retrieve it?",Account
What should I do if my passcode won't work?,Account
I have forgotten my passcode,Account
Can my password be reset if I do not have it?,Account
I can't access my account.,Account
"I'm locked out of my account as I can't remember my code, what do I do now?",Account
"Disaster, I've totally forgotten my passcode, can you help me?",Account
"I want to reset my passcode, how can I do that?",Account
I tried entering my passcode and it isn't working. Can you help?,Account
I can't get into the app with the passcode.,Account
For some reason I forgot the passcode I have.,Account
I've forgotten my app passcode completely.,Account
How do I reset my password?,Account
I lost my passcode.,Account
I don't know my password anymore.,Account
Instruct me how to reset the passcode.,Account
I can't remember what my password is,Account
I need to reset my passcode. Where do I go to do that?,Account
How can I reset my passcode?,Account
How do I get the passcode reset?,Account
Can someone please help assist me by explaining to me why my pass-code is not working?,Account
I don't have my passcode to access the app.,Account
Can I reset the passcode?,Account
Are there directions to get a new passcode if I forgot mine?,Account
I need to reset the passcode.,Account
I can't enter my passcode.,Account
I think I forgot my passcode,Account
I don't know my password,Account
I forgot the code I need to get into the app.,Account
"I don't know what my passcode is, can you help?",Account
How can i reset my passcode ?,Account
What can I do if my passcode won't work?,Account
"I can't remember my app code, can you reset it?",Account
Can someone help with my passcode?,Account
"I tried to withdraw cash and got declined, why is that?",Payments
Why was I declined when I tried to get my money?,Payments
I could not access my money at the ATM,Payments
"i needed money for a night out with the girls but i was declined, why?",Payments
Why was I blocked from withdrawing from the ATM?,Payments
I tried to get funds in hard cash but it was rejected!,Payments
Why won't cash come out of the ATM?,Payments
My withdrawals were going smooth until I got declined today. What is going on?,Payments
I tried to use my card to withdrawal money from the ATM in Notting Hill but it didn't work. This is the first time I've tried using it. Is my card working?,Payments
Why was my request for cash declined?,Payments
Where did my money go? I'm not able to withdraw it from my ATM.,Payments
Why was my withdrawal declined,Payments
How come I can't get money at the ATM,Payments
Why was my ATM withdrawal cancelled?,Payments
I couldnt get cash in an ATM,Payments
Why can't I get cash out?,Payments
Why can't I take cash out of the ATM?,Payments
Every ATM I visit is rejecting my card and I don't know why. There should be money on it. Can you check it to see if something is wrong or if I'm doing something wrong?,Payments
I can't get money out of the ATM. Is my card actually working? It's the first time I tried using it,Payments
The ATM keeps declining my Transaction . I tried two different ATMs already Would you please check if everything is okay with my account?,Payments
Is there a reason my cash withdrawal was declined?,Payments
My card won't let me withdraw money.,Payments
I can't withdraw money,Payments
Could you tell me why my cash withdrawal was declined?,Payments
"The ATM would not give me cash,why?",Payments
My ATM transaction was cancelled.,Payments
I was denied cash at an ATM,Payments
I was not able to use the ATM to get cash,Payments
Why did I get declined when trying to get cash?,Payments
The ATM keeps declining my card! I tried two different ATMs already can you please check if everything is alright with my account??,Payments
Why wouldn't the ATM give me my money?,Payments
Why are my withdrawals suddenly being declined?,Payments
Can you tell me why I was declined from getting cash?,Payments
Why couldn't I make a withdrawal from the ATM?,Payments
Why is my ATM cash withdrawal not working?,Payments
Is my card broken? I can't get cash out of the ATM,Payments
I went to the Notting Hill ATM to use my card the first time for a cash withdrawal but it didn't work. Does this mean that my card isn't working yet?,Payments
i tried to withdraw money but was told i didn't have funds,Payments
The ATM keeps declining my Transaction . I tried two different ATMs already can you please check if everything is okay with my account?,Payments
"Please double check my card - withdrawal was working fine so far, but this morning on the way to work it suddenly got declined!",Payments
I was declined when trying to withdrawal cash!,Payments
I needed cash from the ATM but I couldn't get it.,Payments
My ATM withdrawal was declined.,Payments
"When I went to get cash, it was declined!",Payments
"Is my card working? It's the first time I tried using it I tried to get money out of an ATM, but got nothing.",Payments
The ATM machines keep declining my card and I don't know why. I thought I had money in my account. Why is this happening?,Payments
Why was my withdrawal requested cancelled by the ATM?,Payments
I have tried using my card for the first time at the ATM of Notting Hill to withdrawal cash but it didn't work. Does this mean my card isn't working?,Payments
A withdraw I tried to make at the ATM was declined I don't know why.,Payments
Tried using my ATM card earlier at one of your locations for the first time.  It didn't work.  What is going on?,Payments
Why can't I take money from my account?,Payments
"This morning I wanted to make a withdrawal before work, but my card was declined! Please double check it for me as this is the first time it was declined.",Payments
Why was I declined from getting cash?,Payments
"I tried to get money out of the Notting Hill ATM earlier, but wasn't able to. Is my card working okay? It's the first time I tried using it.",Payments
My ATM card isn't working for a withdrawl,Payments
Is my card actually working? It's the first time I tried using it,Payments
Is there a reason why my card was declined when I attempted to withdraw money?,Payments
Is the ATM broken? I can't get cash from it.,Payments
what is my monthly spending limit because i was refused my money at an atm,Payments
I can't get cash from the ATM!,Payments
"When I tried to access my cash, I wasn't allowed!",Payments
"My card has been declined by two separate ATM, and I'm worried something is wrong with my account. Would you please see if my account is okay?",Payments
Has my account been frozen?  I tried to use my card but the ATM would not dispense cash.,Payments
I tried to withdraw cash from the ATM machine and it did not work. Can you tell me why?,Payments
ATM withdrawal not working.,Payments
I tried using my ATM card at your Notting Hill location today.  It did not work.  Am I doing something wrong?,Payments
"I tried to get money out of an ATM in Notting Hill earlier, but it didn't work. Is my card actually working? It's the first time I tried using it",Payments
I cannot withdraw money from the ATM,Payments
My withdrawal from the ATM was cancelled.,Payments
I'm trying to take money from my account but its not letting me. Help!,Payments
Why won't the ATM let me withdraw money?,Payments
My cash withdrawal was declined.  Why?,Payments
Why couldn't I get cash from an ATM?,Payments
I attempted to get cash in the ATM but it was not authorized,Payments
Is there something wrong with my ATM Card?  Tried using it earlier and it did not work.,Payments
The ATM keeps rejecting my Payment. I tried two different ATMs but did not work .Can you please check if everything is okay with my account?,Payments
Why can't I withdraw cash from this ATM?,Payments
I was getting some cash out of the ATM but it cancelled on me without warning.,Payments
I wasn't able to withdraw money at an ATM,Payments
Why can't I withdraw funds from my account?,Payments
I tried to get cash in the ATM but it was not approved,Payments
My card rejected a cash withdrawal. Why?,Payments
Why was my cash withdrawal declined by the ATM?,Payments
I could not get the ATM to work,Payments
totally unacceptable.  I'm stranded with no cash because the ATM wouldn't give me any money!,Payments
Help! My card isn't working at the ATM and I know I used the right PIN. Trying to get my money.,Payments
I tried to pull cash from an ATM but it wouldn't let me.,Payments
"I tried to get money out of the Notting Hill ATM earlier, but I wasn't able to get it to work. Is my card with issue? It's the first time I tried using it.",Payments
Can you please tell me why I cant get money from the ATM?,Payments
"How do I get money from an ATM using my card? I can't seem to get it to work? I used the pin I had, but maybe it's wrong? What do I need to do to fix this?",Payments
"Hello, is there any way to double check my card? I have never had issues with withdraws in the past, but this morning on the way to work it was unexpectedly declined.",Payments
My card didn't work at the ATM in Notting Hill.  Is my card working?,Payments
Why am I not able to get cash from the ATM?,Payments
my card was frozen due to putting in the wrong pin too much.  how many tries do i have,Payments
I cant get money out of the ATM with my card.  I just put my card in the ATM but it will not allow me to take any money out.  What do I need to do to fix this?,Payments
Why was I not able to take cash from the ATM?,Payments
"Would you please check my Card. As Withdrawal was working fine so far, but this morning suddenly got declined. Can you please check the problem?",Payments
Why would the ATM machine fail to give me the cash withdrawal I requested?,Payments
I am having trouble withdrawing cash.,Payments
Why is the ATM not allowing me to get cash?,Payments
Why can I not take out cash?,Payments
I tried to get cash but it was declined!,Payments
"Hi, I am unable to use my card in ATM. I had tried my card in two ATMs but both ATMs declined it. Could you please check my account?",Payments
The ATM won't let me take out cash,Payments
I'm not able to withdraw money from the ATM but I'm not sure why.,Payments
why wouldnt the atm give me money,Payments
"My cash withdrawal was declined, why?",Payments
"I think there may be something wrong with my card. I have never had issues with withdraws before, but this morning on the way to work it was suddenly declined.",Payments
Why can I not get cash from the ATM?,Payments
Why was I not able to get cash from the ATM?,Payments
My card doesn't work. I can't get cash out at an ATM,Payments
Why am I not able to withdraw cash from this ATM?,Payments
Why can't I withdraw money?,Payments
The atm wouldn't give out cash,Payments
What caused my cash withdrawal to be declined?,Payments
Why wont the ATM give me cash?,Payments
Why do I get declined when I try to withdraw cash?,Payments
What was the cause for my card to be declined?,Payments
The ATM cancelled a transaction on me when I was trying to get some cash out.,Payments
Why can't I get cash from the ATM?,Payments
atm refused to give me money,Payments
I was declined when I tried to withdraw cash!,Payments
I couldn't get money from the ATM,Payments
I tried to use the ATM today but it would not accept my card.,Payments
The ATM wouldn't let me withdraw cash.,Payments
"I tried to get money out of the Notting Hill ATM earlier, but I wasn't able to get anything out. Is there a problem with my card? It's the first time I tried using it.",Payments
Please help me with my card. As i have tried to use my card in two different ATMs but repeatedly it was declining by ATM.,Payments
The ATM wouldn't allow me to withdraw money,Payments
Why am I unable to withdraw my money through this card?,Payments
Is there a problem with my account? When I tried to withdraw cash at an ATM I was denied.,Payments
ATM apparently not working?  Couldn't access funds in my account?,Payments
Why is my card being declined at the ATM? I have tried multiple ATMs and i keep running into the same problem. Could you verify that everything is okay with my account?,Payments
The ATM wouldn't let me have my money.,Payments
I tired to get cash in the ATM but it was cancelled,Payments
Is there something wrong with the ATM? It would not let me pull cash out of my account.,Payments
"Hi, In morning, i was trying to withdraw money from my card, but it got declined. So far it was working fine. Could you please check my card.",Payments
When going to the ATM to take out some cash today my withdrawal was  declined.  I need to fix this problem as soon as possible. whats going on?,Payments
I can't get any money from my account.,Payments
"I tried to withdraw cash, but got declined!",Payments
"The ATM will not let me get cash, WHY?",Payments
I can't withdraw any money from my account. Ive tried a couple different ATM machines and both of them wouldn't give me my money. What's going on? Is my account frozen or something?,Payments
Why was my atm withdrawl declined,Payments
why would i be declined if i had money iin my account,Payments
Why was my cash withdrawal cancelled at the ATM?,Payments
Why can't I withdraw cash?,Payments
Why am I unable to withdrawal cash?,Payments
I just had my card get declined at the ATM! I need to get money out but I am unable to.  Why has this happened?,Payments
I entered the correct pin but I still couldnt get funds.,Payments
My card wont work at an ATM,Payments
"Why does the ATM continually decline my card? I've tried multiple times on different machines with the same results. I thought I had enough funds for this, so please help me understand why this is happening.",Payments
i entered my pin in wrong and got it frozen. how many tries do i have,Payments
This is the first time I've tried to get my money out of an ATM and it didn't work. Please give me my money,Payments
Why am I having trouble withdrawing cash?,Payments
"I tried to make a withdrawal from the ATM, but it was cancelled.",Payments
I could not get money from an ATM,Payments
I think I am having an issue with withdraws on my card. It was declined on the way to work this morning. This hasn't happened in the past.,Payments
I attempted to get money in cash but it was refused!,Payments
My ATM withdrawal was cancelled,Payments
I might need a new card because it's not working at any of the ATMs. I don't think ive used all my money. Why is it doing this?,Payments
"Please check my Card. As Withdrawal was working fine so far, but this morning suddenly got declined. Can you please check the problem?",Payments
"I tried to withdraw some funds from my card, but was declined. How can I get my money?",Payments
I can't get the ATM to give me any cash,Payments
I am unable to get cash from the ATM,Payments
How come the ATM won't give me my money?,Payments
I tried to withdraw cash from your ATM but my transaction was cancelled.,Payments
Why did the ATM cancel my transaction,Payments
Why wouldn't the ATM give me cash?,Payments
Why wouldn't my withdrawal go through?,Payments
I attempted to get cash in the ATM but I was denied,Payments
The ATM didnt let me get cash,Payments
Why am I unable to withdraw money even though in the past I've done it just fine?,Payments
I was declined when I tried to take out cash!,Payments
how come i was declined,Payments
What does it mean when a payment is pending?,Payments
Could you please tell me why my purchases from this morning say payment is pending?,Payments
The purchase I made is still pending.,Payments
Is there a problem with the payment that I see is still pending?,Payments
There is a payment that I made that hasn't gone through yet.,Payments
How long does it actually take for a card payment to go through? There's one stuck since a couple days already that doesn't seem to move,Payments
Why does my payment appear as pending?,Payments
How long does a payment usually show as pending? Is it normal that mine is still pending?,Payments
Why is my payment in pending status?,Payments
I have a card payment which shows as pending,Payments
I made a payment with my card and it hasn't changed. How long do you think this will take?,Payments
Why is the payment showing as pending from things I bought this morning?,Payments
I made a card payment which is showing me pending.,Payments
Why are my payments not working and show pending?,Payments
"I put in a payment a while ago and it has still not cleared and is showing up as ""pending"", how long does it take to clear?",Payments
Why are the things I bought earlier today still showing as pending?,Payments
Card payment still pending.,Payments
"My card payment is just showing up as pending since forever, what's going on with that, it should be going through at some point?",Payments
I have a payment that has not gone through yet,Payments
"I initiated a payment a while ago and it is still showing as ""pending"", how long will it take to clear?",Payments
Why is my purchase showing as pending?,Payments
How long will it take for my payment to go through?,Payments
After making a payment with my card it doesn't seem to have worked. It's just showing to be pending. When will this actually be going through?,Payments
"It says ""pending payment?"" Why is it saying this?",Payments
Is there a reason my payments are pending?,Payments
Why is my card payment still a pending transaction?,Payments
"Card payment is still pending, why is that the case?",Payments
I have been waiting for my card payment to be moved from pending status for an unusually long time.  What is going on here and do you have an idea of when I can expect it to go through?,Payments
How come my card payment is still pending?,Payments
I notice there's a pending payment on my card.,Payments
How is my card payment still pending?,Payments
Why is my card payment still pending?,Payments
What does pending payment mean?,Payments
Why is my payment still pending?,Payments
What does it mean when it says that I have a payment that is pending?,Payments
My card payment is showing pending however this transaction was a couple of days ago. Is there a reason why it it still pending?,Payments
A card payment on my account is shown as pending.,Payments
Why is their a charge pending on my card still?,Payments
My card payment says pending and it hasn't changed,Payments
Card payment is showing as pending,Payments
What is the longest that a payment will show pending?  There is one showing that has been sitting there a few days.,Payments
I tried to pay through my account but the payment is not going through. What's going on?,Payments
Why is the payment on my card still pending?,Payments
What's taking so long for this payment to go through?,Payments
Why haven't I gotten my payment yet?,Payments
It looks like a payment I've made hasn't made it through yet.,Payments
My card payment has had the status of pending forever. What is the issue? It should have gone through at some point.,Payments
A payment is pending,Payments
Why hasn't my card payment cleared yet?,Payments
I've made a card payment a couple of days ago now but it looks like the money is stuck. How long does it typically take for the payment to go through?,Payments
My payment is taking a long time to go through.,Payments
What does it mean if my payment is pending?,Payments
When will my payment go through?,Payments
My card payment still pending,Payments
How long does a payment show as pending before i should worry about it?,Payments
Why is my card payment pending?,Payments
I made a card payment by my card but it failed. Please let me know when the payment will get completed as its still pending.,Payments
"Hi, status of one of my card payment is still pending from a while. Please let e know how much time it will take to complete.",Payments
"After I make a payment, how long will it be before it transitions from ""pending"" to complete?",Payments
"My card payment is showing up as pending for a very long time, what's going on with that, it should be going through at some point?",Payments
My purchases from this morning are showing up as payment pending. Can you tell me why?,Payments
There is a payment that has not processed.,Payments
I'm still waiting on a payment,Payments
I need to find out why my pending payment hasn't gone through.,Payments
I am waiting for a payment to be processed,Payments
I don't understand why my card payment is pending.  It has been pending for too long.  Why is this and when might it go through?,Payments
"I did a payment with my card but seem that didn't work, it's still listed as pending since a while ago. When does this actually go through?",Payments
I need to know when a payment will actually go through. I completed a payment using my card but it is just showing as pending at this point and it has been a while ago.,Payments
When will the transaction go through?,Payments
My card payment has been stuck on pending. What is the problem? It should have gone through by now.,Payments
Why is the purchase I made this morning still pending?,Payments
A transaction on my card shows as pending.,Payments
I have a pending payment on my card.  Why?,Payments
I have a card payment that has been pending for some time and would like to know when it is going to go through.,Payments
"I made a payment a while ago and it is still showing as ""pending"" in the account. How long will this payment take to complete?",Payments
What does a 'pending payment' mean?,Payments
"Hello, I made a payment with my card and it's not working. It's been a while and still says its pending. Can you tell when this will go through?",Payments
"Hi,  One of payment is still coming as pending for which i have already paid by card. I guess it did not processed, could you please check and update me.",Payments
My purchase from this morning still is pending.,Payments
Why is my card payment still listed as pending?,Payments
One of my card payments looks like it's stuck but I have made the payment days ago. How long until the payment will be applied to my account?,Payments
I don't know what pending transaction means.,Payments
"My card payment is just showing up as pending since forever, what's going on with that, when should it be going through?",Payments
It says pending status for my payment. Why?,Payments
I noticed that there's a payment on my card that's pending.,Payments
When is a payment I made with my card going to clear>,Payments
My card payment has been pending for a long time now. Why is it taking so long to take. It should have already made it through.,Payments
What does it mean if it says that my payment is pending?,Payments
Why are my purchases from this morning still pending?,Payments
"I was wondering why my payment hasn't gone through yet, its been a while.",Payments
My card payment has been on pending forever. What is the problem? It should have gone through at some time by now.,Payments
I did a card payment but its status is still coming as pending. Please check and inform when it would complete.,Payments
I have made a card payment but it did not completed still showing as pending. Please tell me when it will be completed.,Payments
Why hasn't my payment gone through?,Payments
Why is my card payment still pending? It should have gone through already.,Payments
"I made a purchase this morning, and it is showing as pending.",Payments
There is a single payment on my card which shows as pending.,Payments
How long does it actually take my card payment to make it to the account? I've made a payment a couple of days ago but it hasn't moved since.,Payments
How long does it take for my payment to process?,Payments
Why would my payment for my card show as pending?,Payments
Why aren't my payment funds available to me?,Payments
I got some items this morning but the payment says pending,Payments
Why is the payment I made still pending?,Payments
Is there a problem that makes my payments show pending?,Payments
I made a purchase earlier today but it is still listed as pending- when will it go through?,Payments
Why didn't my payment process,Payments
I have a payment that hasn't went through yet.,Payments
I made a payment but it's still pending,Payments
How long does it take for a new purchase to stop being considered pending?,Payments
I was wondering how long does it take for a payment to go thru? It seems my last payment is stuck and hasn't moved.,Payments
What is the cause of the delay in applying my card payment to my account?,Payments
Why would my payment still show as pending?,Payments
I have a payment which has not been approved.,Payments
What does it mean when it says I have a payment pending?,Payments
"There is a pending payment on my account, what does this mean?",Payments
Why has my card payment not yet been applied to my account?,Payments
I bought some things in the morning but the payment shows as pending,Payments
I don't know what a pending payment is.,Payments
why do I have a pending payment?,Payments
How long does it actually take for a card payment to go through? There's one stuck since a couple of days already that doesn't seem to move,Payments
I purchases several items today. Why are they still showing pending?,Payments
There is a payment showing as pending and hasn't posted for a few days.  When will it post?,Payments
"I have made a payment by my card, and its still pending since a long time. Could you please tell me when it will process.",Payments
I completed a payment with my card a while ago. It's still showing up as pending. What time frame does this normally take? It doesn't appear to have worked.,Payments
The payment on my card shows as pending.,Payments
I have a payment that is still pending,Payments
I bought something this morning and the payment is still pending,Payments
"There is a pending transaction on my account, what does this mean?",Payments
I made a payment that's pending. Will it go through?,Payments
It's been a few days since I've tried to pay a seller but the funds aren't going through. What is happening?,Payments
I made a payment that seems to be stuck. It's been a couple of days already. Can you tell me how long it will take?,Payments
I made a payment that is not yet complete.,Payments
Why hasn't my payment shown up yet?,Payments
What is the meaning of a pending payment?,Payments
My payment is in the app but hasn't gone through yet,Payments
How many days does a regular transaction take to complete?  I see a pending payment that hasn't changed in the last several days.,Payments
Why hasn't my payment gone through yet?,Payments
My payment's stuck on pending.,Payments
Is there a reason my payment is still pending?,Payments
What's the pending length for credit transactions? I've had one in my pending category now for days and it won't move to processed.,Payments
How long does it take for a payment to change from pending?,Payments
My credit card payment has been in pending status for a super long time.  I don't get it.  Why is it like this?  When will it go through?,Payments
Why hasn't payment gone through yet?,Payments
Why is this payment pending?,Payments
Why is the payment from my card still pending?,Payments
What is the pending payment on my card about?,Payments
"It says that my payment is pending, what does that mean?",Payments
I tried to make a payment with my card and it was declined. Why is it pending?,Payments
Why is it saying I have a pending payment?,Payments
"Is there something wrong with my card payment? It's been pending a really, really long time.",Payments
My purchases from this morning still have pending payments.,Payments
When will my pending payment finish?,Payments
"I used my card to make a payment a while ago and its still pending, Why is it taking so long?",Payments
How long does it take for a purchase to go from pending to authorised?,Payments
"My card has been pending for a while, what should I do?",Payments
There is a payment that i made that i noticed has not gone thru yet. Can i ask why?,Payments
"My card payment is just showing up as pending and it has been a while , what's going on with that, it should be going through at some point?",Payments
How long will my payment be pending?,Payments
"My phone was stolen, what should I do first?",Account
"My phone was stolen, what should I do?",Account
"I lost my phone, what should I do?",Account
"Someone has stolen my phone, what should I do?",Account
I think I lost my phone.  Is there a way to prevent anyone from getting into my account on it?,Account
My phone was stolen! What do I need to do?,Account
Can I use the app without my phone?,Account
"My bag was stolen from me yesterday, so I can't use any apps or anything. I need some help.",Account
"Someone stole my phone, what is my next step?",Account
"I forgot my phone at the hotel, so I can't access the app.",Account
"Help, my phone was stolen, please advise!",Account
my phone was lost,Account
I need help- I got mugged yesterday and they took everything so I can't use the app.,Account
I can't find my phone and I'm worried someone is going to use it,Account
I lost my phone! Will my card still work?,Account
I can not find my phone or it has been stolen.,Account
I can't use the app because I got mugged yesterday and they took everything. Please help.,Account
Can you tell me what i steps i should take since my card was stolen?,Account
What do I do if my phone was stolen?,Account
What do I do if I can't access the app?,Account
What do I do if my phone is stolen?,Account
I left my phone somewhere and can't use the app.,Account
Someone mugged my and stole everything.  I can't use the app.  What should I do?,Account
"I got mugged yesterday and they took everything. I can't use the app, so I need some help.",Account
I am not sure where my phone is.,Account
"If my phone was stolen, do I need to do anything?",Account
Please help!  I was mugged and everything stolen.  What do I do to stop them from accessing my account?,Account
I have an emergency and lost my phone.  I need help accessing my account.,Account
"stolen phone, what should i do",Account
Help me.  My phone has been lost or stolen!,Account
My app was on the phone and I was mugged.  What do I do?,Account
I don't have the device I used to log onto the platform so I can't access it.,Account
I lost my phone. Can I use my card without the app?,Account
What should I do if my smart phone is lost or stolen?,Account
"If I lost my phone, what steps do I need to take to stop someone from using my account?",Account
Can someone else use my account if they have my phone?  I lost mine.,Account
"My phone was stolen, help!",Account
"phone is gone, what should i do",Account
"I'm currently not in possession of my phone, is it still possible to go about things normally without access to the app?",Account
I lost my phone. Can I disable to app?,Account
"phone is gone, dont want others to access account information",Account
Is there something that I can do since my phone was stolen yesterday?,Account
I think my phone was stolen. What can I do?,Account
Is it possible to access my phone from the hotel/,Account
I lost my phone. What do I need to do?,Account
Someone has taken my phone from my hotel room!,Account
Can my account me accessed by a thief?  I was mugged.,Account
My phone is missing or stolen.,Account
I misplaced my phone so I can't use the app! Does this mean I can't use my card?,Account
I left my phone at the hotel I was staying at so I can't use the app!,Account
"My phone was stolen yesterday, can you help me with this?",Account
I was recently mugged and would like to know if I have to have access to the app to use your services and how I would go about setting up your services on a new device belonging to a current user?,Account
My phone is at the hotel.  How can I use the app?,Account
My cards were stolen,Account
My phone has been lost or stolen,Account
my phone has been stolen by someone,Account
What should I do if someone stole my phone?,Account
My phone has been stolen.  How can I make sure no one uses my account from it?,Account
Can I use your services without access to the app?,Account
I was mugged.  They took everything.  I can't use the app.  What do I do?,Account
How do I protect my phone from someone using it after I lost it.,Account
My phone was left behind.  Can I still use my card?,Account
phone is gone,Account
I just replaced my phone so do I have to make a new account?,Account
"Everything I have was stolen yesterday making it so I don't have access to the app, what should I do?",Account
I don't have my mobile device and am unable to make the payment because I forgot my details.,Account
What do I do if I lost my phone?,Account
I don't have my cell phone with me so I cannot access the system to complete the transaction.,Account
"I no longer have my phone, what should I do?",Account
I lost my phone and need help so someone doesn't access my account.,Account
Yesterday I had my phone stolen.  Please advise what I should do.,Account
I lost my phone and need help protecting it.,Account
I don't know where my phone is.,Account
I can't use the app because I got mugged yesterday and they took everything. I need some help.,Account
What should I do if my phone is lost or stolen?,Account
What do I do if I cannot access the app?,Account
I have lost my phone.,Account
what to do about stolen phone,Account
"I have lost my phone, what steps can I take to prevent someone using my account?",Account
Is there anything to do because my phone was stolen?,Account
Help!  I think my phone may be stolen or lost!,Account
"I no longer have my phone with the app, what should I do?",Account
Can I still access the app even though my phone was stolen?,Account
What do I do to lock my phone after losing it so my account isn't accessed,Account
I no longer have my phone.,Account
"I cannot get to my app, what should I do?",Account
Yesterday my phone was stolen from me :( What do i need to do about it?,Account
"My phone got stolen, how can I use the app?",Account
"My phone was stolen, what can I do?",Account
I accidentally left my phone at the hotel so now I'm not able to use the app.,Account
How can I access my account when I have lost my phone?,Account
I have lost my phone or it has been stolen.,Account
I can't find my phone; what can I do to prevent someone from accessing my account on it?,Account
What should I do if I lost my phone?,Account
My phone was left at a hotel and I can't access the app.,Account
"Hi, I lost my phone yesterday, what can I do to stop someone using my account on it?",Account
"I cannot find my phone, what should I do?",Account
My phone is missing.,Account
Do I need my phone to use the app?,Account
"left my phone at hotel, cant use app",Account
How do I use my card if I lost my phone?,Account
hello I have lost my phone and I'm worried someone's going to steal money from me,Account
"If I lost my phone, how can I stop someone from accessing my account through the app?",Account
"My phone was taken yesterday, is there something that I need to do?",Account
I can't use the app.  My phone is lost at the hotel.,Account
"If I lost my phone at the hotel, can I still use the app?",Account
I'm not sure where my phone is.  Can someone else use the app?,Account
"my phone was taken yesterday, what should I do about my account?",Account
"My phone is lost I don't want someone to use my account, what can I do?",Account
My phone has been stolen.,Account
I just replaced my phone but how do I use my card information?,Account
What do I do if my smart phone was stolen?,Account
How can I stop someone from using my card after I lost it yesterday.,Account
Do I need to do anything? My phone was stolen yesterday.,Account
Help!  What should I do?  My phone was stolen yesterday.,Account
I left my phone at the hotel.,Account
Everything was stolen from me.  I can't use the app.  Please advise.,Account
My things were stolen and I need to know if I can still use this app.,Account
"lost my phone, what is account security?",Account
I lost my phone.  What do I do to block someone else from using my account?,Account
"phone is at a hotel, can i still use app",Account
How long does it take to get a refund on something I bought?,Disputes
Please tell me how to get a refund for something I bought.,Disputes
Can i cancel this purchase?,Disputes
I want to return an item for a refund can I do that?,Disputes
Can I request a refund,Disputes
"I am not sure how this will work, but I have not received a product I ordered.  I want a refund, but should I just cancel the payment?",Disputes
Where do I go for a refund?,Disputes
I'm interested in learning more about product refunds.,Disputes
do you offer refunds? i would like to return purchase.,Disputes
What's the procedure for canceling a purchase?,Disputes
I need to cancel a purchase that I made the other day.,Disputes
Hello. How do i go about getting a refund of an item i bought ? I want to cancel the payment since i have not received the item yet.,Disputes
"I need a refund and cancel a transaction on an item I purchased and i need it as soon as possible, please!",Disputes
i bought the wrong size and would like a refund,Disputes
I want to know about your refund policy.,Disputes
Can I cancel an order if I haven't received the item yet? And how can I get my money back? Please help. Thanks.,Disputes
"Hey I want to get a refund on something I bought, but not sure how to go about it. Can you please just cancel the payment, I have not received the item yet.",Disputes
I am quite aggravated that I ordered online almost a month ago and I never got my package and I paid for it. I would really appreciate it if I could get a full refund back now.,Disputes
My statement has a charge that shouldn't have been made.,Disputes
My product hasn't arrived even though I ordered it a while ago. I want a refund!,Disputes
Is there a way you can have money from a purchase I made refunded to my account.,Disputes
I've changed my mind on an item.  How do I get a refund?,Disputes
"I decided I no long want something that I ordered, and want a refund. How do I go about doing that?",Disputes
How do I get a refund for something I bought?,Disputes
I made a purchase recently but I have decided that I'm not buying it and I need to receive my money back. Can you please give me a refund ASAP. It's extremely urgent.,Disputes
Please help me get a refund?,Disputes
What is the refund policy?,Disputes
I just bought an item and changed my mind.  I have not received it yet how can I get refunded.  Thank you.,Disputes
Are refunds allowed for certain items.,Disputes
I need to cancel a purchase?,Disputes
I have an incorrect charge and would like a refund.,Disputes
I want a refund on the things i bought,Disputes
I would like my money back for an item I purchased,Disputes
Please could you give me a refund,Disputes
"If I bought something I didn't like, can I get a refund?",Disputes
I bought something that I need a refund for.,Disputes
I want to cancel a purchase,Disputes
Am I able to get a refund for something I bought?,Disputes
"My order hasn't shown up yet, what can I do?",Disputes
My package is taking too long to arrive and I don't want it anymore. Can I get a refund?,Disputes
I would like to cancel my order.,Disputes
I want this fee reversed from my account.,Disputes
I want a refund,Disputes
I'd like to discuss an order I placed quite a long time ago. I have yet to receive it and am growing upset.  I want a refund as I now refuse to pay for the product.,Disputes
I ordered something online a while ago and I haven't gotten it. I would like a refund.,Disputes
"I received the wrong color and size, can I return it?",Disputes
Is it possible to get a refund?,Disputes
What's your refund policy if I bought an item from you?,Disputes
I want to cancel my purchase,Disputes
Can I get an item refunded?,Disputes
Please help! I need a refund on a transaction on something I bought and I need the refund right away!,Disputes
I purchased this item and would like a refund,Disputes
Hello I changed my mind and really need a refund on one of things I bought recently. Can you please cancel the transaction and get me my money back. Pls it's urgent,Disputes
How can I get a refund for an item I purchased but has not yet arrived?,Disputes
Can you please assist on my item that needs to be refunded?,Disputes
I didn't enjoy my tutor session and want a refund back. How do I go about doing this?,Disputes
I would like to cancel my previous purchase.,Disputes
Can you please refund my item?,Disputes
I made a purchase and would like to get a refund for what I bought can you have the money put back in my account?,Disputes
"Hey, I ordered a thing but changed my mind and want a refund on it. Since I haven't received the thing, would you just go ahead and cancel the payment for me?",Disputes
Can I have my money refunded for an item,Disputes
What do I need to do for a refund?,Disputes
I am interested in cancelling a purchase,Disputes
"It's been over a month and i still haven't received my goods! I ordered a pencil for crying out loud, it's not that hard to deliver that! I'm done with these people, give me a refund immediately! I'll search for my Japanese exclusive pencil elsewhere!",Disputes
How do I get my money back for something I bought?,Disputes
"Hi need your help for getting the refund or cancel the payment of an item, i have ordered but still have not received it.",Disputes
"I need your help to get a refund for an item I just bought, can you cancel the payment since what I bought hasn't arrived yet.",Disputes
How do I reverse a transaction on my account?,Disputes
Am I able to get a refund for a purchase?,Disputes
I need a refund for something I bought.,Disputes
I want a refund for my item,Disputes
Can I receive a refund for an item I purchased?,Disputes
Give me a refund,Disputes
I want a refund on this.,Disputes
Is it possible to have an item refunded?,Disputes
I made an online purchase and the order has not shown up. Give me my money back.,Disputes
What is the refund procedure?,Disputes
Hello I changed my mind and really need a refund on something I bought recently. Can you please cancel the transaction and get me my money back. Please it's urgent.,Disputes
How do I begin the process of a refund?,Disputes
I bought something and want the money refunded can I get some help with that?,Disputes
What is your refund policy for products I have purchased?,Disputes
I would like to receive a refund for something I bought.,Disputes
My product was faulty.,Disputes
I need a refund. This is not what i wanted.,Disputes
I bought something online a week ago and i never got it in the mail.Can I just get my money back now I don't want to keep waiting on something that isn't going to show up.,Disputes
Can I get a refund on an item?,Disputes
I think I deserve a refunded on a certain item.,Disputes
"I bought a product a week ago, but may need to return it.",Disputes
I would like to cancel my purchase.,Disputes
"Hello, I recently ordered an item and I need help with cancelling and processing a refund as soon as possible. It's very important that I get my refund quickly.",Disputes
I would like to cancel a purchase.,Disputes
I ordered online weeks ago and I never received my package in the mail and I don't want to wait any more. So if I could get my money back now that would be great.,Disputes
Can i have the item refunded?,Disputes
I did not get the item I ordered.  How should I go about this?  Should I just cancel my order or my payment?  Please help me.,Disputes
It has been forever ago that I made an order online. The product simply is not coming. Just give me back my money because I'm not paying these people.,Disputes
"I want a refund, but I haven't received the item yet. Can I cancel it and get my funds back? How do I do that.",Disputes
I'm going to cancel a purchase.,Disputes
Am I able to return an item for a refund?,Disputes
How do I go about getting a refund?,Disputes
How can i get a refund for something i just bought?,Disputes
Do you give refunds?,Disputes
tell me how to get a refund for something I bought.,Disputes
"I don't want to buy this car anymore, can I cancel the transaction and get a quick refund back?",Disputes
"I'd like to get a refund for something I bought, is that possible?",Disputes
I changed my mind on something I purchased through you and I need the transaction canceled and a refund as soon as possible. Can you help me please?,Disputes
is it possible to get a refund for something I purchased?,Disputes
I want to get a refund.,Disputes
How do I request a refund?,Disputes
How do I get my refund back?,Disputes
Would I be able to refund an item?,Disputes
I want my purchases cancelled.,Disputes
How can I get a refund for a purchase?,Disputes
"I need to refund my item, can you please help?",Disputes
How do I get a refund for an item I bought?,Disputes
"How can I get my money back on an order. I haven't gotten the item yet, so I want to cancel the order. How?",Disputes
Do you have a return policy?,Disputes
I am unhappy with an item I bought. How do I get a refund?,Disputes
I would like to report an issue with my product and want to get it refunded,Disputes
"I've been waiting for something that i've ordered for months now and it still hasn't arrived. I genuinely don't know what this company is doing, but put plainly, i've had enough. Please issue a refund immediately, i would not like to waste anymore of my time on these people.",Disputes
How can I go about getting a refund?,Disputes
"the product is not working, can I get a refund?",Disputes
My order needs to be canceled.,Disputes
"Give me back my money, I'm not paying the sellers. It has been a long time ago that I made an order and it just isn't coming.",Disputes
"I ordered something, and now I have buyer's remorse. Since what I ordered hasn't come yet, can you just cancel the payment since I already know I want a refund for it?",Disputes
Can I return an item?,Disputes
I need my purchase cancelled.,Disputes
How do I cancel a purchase?,Disputes
I would like it if I could get an item refunded,Disputes
I bought an item and now I want a refund.,Disputes
I need to cancel a payment. Something i purchased a while ago still has not arrived and i'm not going to pay them if they won't send me what I purchased.,Disputes
I would like to return my purchases,Disputes
What is the refund process?,Disputes
Can you please help me in canceling my order.,Disputes
Can you refund my purchase?,Disputes
"I just bought an item and would like to stop payment, is this possible?  The item has not been received yet.",Disputes
"Hello, I have recently made a purchase and have decided to cancel my purchase. Is there any way that you can cancel that transaction for me so I can get the money back? It's very important.",Disputes
I have not received an item i ordered yet so i want to cancel it and get a refund. Can you please guide me on how to go about it?,Disputes
I bought something and now I want a refund.,Disputes
Canceling my order is what I need to do right now.,Disputes
Are purchases returnable for full refund?,Disputes
I want to talk about an order that I placed a long time ago and have yet to receive. I demand a refund due to lack of delivery of the product!  I refuse to pay for something I never got.,Disputes
I need this item refunded,Disputes
It's been some time ago that I placed an order and it just isn't coming. At this point just give me back my money because I'm not paying them.,Disputes
"Hello-Can you please help me get a refund from this merchant?  I ordered a product and would like to return it. I have been unsuccessful in getting the merchant to return my request for the past several days.  I understand it can take up to 45 days to process the dispute and issue a refund, however, if this can be expedited faster it would be very helpful to me.",Disputes
I need to have an item refunded.,Disputes
I want a refund for an item,Disputes
How do I return something for a full refund?,Disputes
"I did not receive my purchase, how do I cancel it?",Disputes
How does on apply fora refund on an item he ordered? I ordere an item and have not received it yet so i want to cancel it and get a refund,Disputes
Is it possible to get a refund for the item?,Disputes
Can you help me process a refund?,Disputes
Is it possible to refund an item?,Disputes
I just bought an item and would like to stop payment can you tell me if the item has been sent yet?,Disputes
i haven't received my order and want a refund,Disputes
Hello I changed my mind and want a refund on one of things I bought recently. Can you please cancel the transaction and get me my money back. Please it's urgent.,Disputes
I would like my refund for this item I bought.,Disputes
Can I get my money back on an item?,Disputes
I would like to retract my purchase.,Disputes
I would like to get an item refunded,Disputes
"Hello, i'd like to inform you of an issue i'm currently experiencing. The goods i have ordered from your website have still not arrived yet; it has been over 3 weeks. I would like to be issued a refund swiftly and be redirected to more competent people. Thank you for your assistance.",Disputes
What is the return policy?,Disputes
I'm cancelling this charge. I still have not received what I bought from these people a while ago.,Disputes
Can I get a refund?,Disputes
Can I have a refund for one of your products?,Disputes
Can I exchange an item for a refund?,Disputes
I want to have an item refunded can I do that?,Disputes
"Can you explain your refund policy, please?",Disputes
How do I receive a refund for my item?,Disputes
I no longer want this can i cancel my purchase?,Disputes
"Transfer unable to be completed, states 'declined'",Transfers
Why was my transfer request decline?,Transfers
My transfer was rejected,Transfers
I tried to buy something online yesterday and got a message saying declined. I tried again today and got the same message. What's the problem?,Transfers
"I am having trouble doing a transfer. A ""Decline "" message appears after making the transfer.",Transfers
the bank transfer was declined,Transfers
"Why do you keep declining my transfers? It's been working well so far, but when I just tried to buy something, the card got declined. I tried it a few times, but same thing happened every try.",Transfers
why was a transfer declined,Transfers
"While doing a transfer, it says declined.",Transfers
I have transfered to my account before but it is being declined now?,Transfers
Transfer was declined.,Transfers
Please check and let me know why my transfers are getting declined.,Transfers
Tell me why my transfer is declined.,Transfers
I see my transfer was declined.,Transfers
Explain to me why a transfer would be declined.,Transfers
Why has my transfer been declined?,Transfers
Why would my transfer be declined?,Transfers
Why did you decline my transfer?,Transfers
Why do you keep declining my transfers? it's always been working really well so far but when I tried to buy something just now the card got declined . I tried couple of times already  but same thing is happening .,Transfers
I have a problem with a transfer. It didn't work. Can you tell me why?,Transfers
I am trying to make a transfer to a different account but they keep getting declined. I have double checked all the details and the information is correct.,Transfers
"Why did my transfer not work, it says it was declined?",Transfers
I have no idea why but my transfers keep getting declined. I have double checked all the recipient details several times already and they're definitely correct.,Transfers
I tried to buy something over the Internet yesterday and got a declined error. I tried again today and got the same message. What is the issue?,Transfers
"I was doing a transfer and received a ""decline"" message.",Transfers
How do I make my transfer go through,Transfers
My transfer was not approved,Transfers
I noticed my transfer was declined.,Transfers
I tried to buy something online yesterday but it kept saying declined. Tried another time today but same thing happened. What's Broken?,Transfers
Why would I get a decline message in a transfer?,Transfers
Why was one of my transfers declined?,Transfers
Why am I getting declines when trying to make a purchase online?,Transfers
I have been trying to make transfers to another account but I keep getting a declined notice. I have checked all of my information more than once and my information is accurate.,Transfers
"I tried to buy something and it was declined and my transfers keep getting declined, Why?",Transfers
"I have been doing some online shopping, but when checking out, it keeps getting declined. I tried a few times and it wouldn't work. What could be wrong?",Transfers
"It seems you keep declining my transfers. Before, it's always worked very well.Just now when I tried to buy something the card was declined. I tried more than once and it was the same thing each time.",Transfers
I need to make a transfer but it keeps getting declined I need Help!,Transfers
Can you tell me why my transfer declined?,Transfers
"On my transfer there was a ""decline"" message",Transfers
"Hello, my transfers are getting failed continuously, in spite of the fact that all the recipient details are correct. Please advise.",Transfers
"I get a ""decline"" message when doing a transfer",Transfers
It declined my transfer.,Transfers
My recent transfer didn't go through - why not?,Transfers
How do I make sure my transfer isn't goin to an unsupported merchant?,Transfers
What went wrong with my transfer?,Transfers
"I'm having issues with my card. You guys keep declining it for some reason. I haven't had any issues up until this point. What is going on? I've tried a handful of times with the same, unfortunate, result!",Transfers
How can I check for an unsupported merchant for my transfer request?,Transfers
Why are my transfers getting declined?,Transfers
I couldn't make a transfer because it was declined,Transfers
Shopping on line I was declined when trying to buy something.,Transfers
How come my transfer got declined,Transfers
What does the decline message mean,Transfers
"I can't make any transfers, they won't go through, the details are correct as I checked them.  Can you look in to this please?",Transfers
How do I contact customer support about my declined transfer?,Transfers
"Transfer was declined, could not complete request.",Transfers
It appears my transfer was declined.,Transfers
"Hello. My credit keeps being declined, last night and again today, as I try to buy something. What is the status of my card?",Transfers
I have a transfer that was declined.,Transfers
I don't have any idea what's going on but all of my transfers keep getting declined. I have double-checked over all of my recipient names and they are correct.,Transfers
What would be a reason my transfer got declined?,Transfers
I was declined a transfer,Transfers
Why did my transfer get declined?,Transfers
I am unable to transfer money. I believe it is not working because it states it was declined.,Transfers
I was making a purchase and it was declined and I wanted to know why.,Transfers
Why do transfers get declined?,Transfers
"Hi, during online shopping payment is getting declined yesterday and today as well. Please check the issue.",Transfers
Please help me as my online payment is getting declined since yesterday while i am trying to purchase something online.,Transfers
"It's declining my transfers. Normally this works, but my card is being declined now and I've tried more than once.",Transfers
I tried to transfer but it was declined,Transfers
Seems like my transfer was declined how come?,Transfers
Help me figure out why my transfer was declined,Transfers
I didn't see any reason why my transfer was declined. What gives?,Transfers
Tell me why my transfer was declined.,Transfers
I got a message that my transfer was declined.,Transfers
My transfer was declined. What might the reason be?,Transfers
I tried to do a transfer but I got a message that it was declined.,Transfers
"I had everything lined up to make a transfer, and then it rejected it.",Transfers
Why are my transfers and purchases keep getting declined?,Transfers
how come my transfer declined,Transfers
"What do I do with my ""decline"" message on a transfer?",Transfers
I tried to buy something online yesterday and was told declined. I got the same error today after trying again. What is the problem?,Transfers
Why did my payment get declined?,Transfers
"My transfer was declined, why is that?",Transfers
I've made more than one attempt to make a purchase and the card keeps getting declined. Why do you keep denying my transfers?,Transfers
"Could not complete transfer, states 'declined'",Transfers
I'm having problems making a transfer to another account. I keep getting a declined message. I know that the information I'm putting in is accurate because I have checked it more than once.,Transfers
My transfer has been declined.,Transfers
I wanted to know why my transaction didn't go through.,Transfers
"Unable to complete transfer, states 'declined'",Transfers
I received a decline message on a transfer,Transfers
"I wanted to buy something online yesterday, but I could not because the card got declined on the day of and the following day. What is wrong with the card?",Transfers
why did i get declined transfer,Transfers
I am sure I have plenty of money to transfer but my transfer is being declined.,Transfers
Why are my transfers being declined? It normally works but now it's declining my card. I've tried it a few times but it's still not working.,Transfers
Is there a reason my transfer would have been declined?,Transfers
"I received a ""declined"" message when doing a transfer",Transfers
Why did I get declined during a transfer?,Transfers
It says the transfer wasn't accepted.,Transfers
I can't seem to figure out why my transfers are getting declined.,Transfers
I tried to do a transfer and it's saying it declined.,Transfers
I tried to buy something online yesterday but it kept saying declined. Tried again today but same thing happened. What's wrong?,Transfers
"I'm trying to move money from my account to elsewhere, but it's giving me an error message.",Transfers
I have tried a couple of times to make a purchase and my card keeps getting declined. Why do you keep denying my transfers? I have already tried a couple of times and it's not working.,Transfers
unsupported transfer declined,Transfers
Why would my transfer result in a decline message?,Transfers
The transfer that I was trying to complete was declined. What was the cause?,Transfers
I got declined when attempting a transfer,Transfers
What are the reasons for a declined transfer?,Transfers
Why would you cancel my transfer?,Transfers
My transfer was declined. Why did this happen?,Transfers
Why does my card continually get declined? I thought I had enough money in there but I've tried several times now and it still isn't working.,Transfers
"please help me with this transfer, for some reason i can't transfer to a cryptocurency account",Transfers
Transfer could not be completed due to being declined.,Transfers
I just noticed my transfer was declined and I don't know why. Can you help me?,Transfers
I have been trying to make a transfer and it won't go through. I have checked all the receipts and its all correct but still won't let me do it.,Transfers
I got a declining message during a transfer? please tell me why,Transfers
I think there has been a mistake with my transfer,Transfers
I have double-checked all of my recipient details but for some reason all of my transfers keep getting declined. I have no clue as to why.,Transfers
Why are my transfers getting declined?  I havent had a problem in the past.,Transfers
Help me. My transfer was declined. How could this happen?,Transfers
"i have tried everything to complete a transfer but can't, what should i do next",Transfers
I don't know what's going on but all of my transfers keep getting declined. I have checked over the recipient details twice. These details are all correct.,Transfers
"Hi, Yesterdays i was unable to do online shopping as it was getting declined. Today I am facing the same issue. Please help me in this respect.",Transfers
"My transfers keep on getting declined. My card was working fine up until now, however it has suddenly stopped working. Why is this?",Transfers
I went to do a transfer and it was declined.,Transfers
"Why are all my transfers failing?  I have the details right and they won't complete.  I've been trying all day and they still won't go through, this is URGENT, please help.",Transfers
"Declined, transfer not completed.",Transfers
I saw that my transfer was declined.,Transfers
"Why do you keep declining my transfers? it's always been working really well so far but when I tried to buy something just now the card got declined, I tried couple of times already  but same thing is happening.",Transfers
How can I find a way to transfer money without it being rejected?,Transfers
I have a problem with my account. I tried to transfer some funds and the message came back declined. Can you help me?,Transfers
Please explain why my transfer attempt was declined. Thank you.,Transfers
"I don't see my refund money yet in my account. I asked the merchant a while ago for a refund, so I don't know what's taking so long.  Can you look into it and see if the money is there, just not in my account yet?",Disputes
Why am I missing my refund,Disputes
Please help me.  I am still waiting on a refund.,Disputes
I requested a refund but am unable to see it in my account. Why is that?,Disputes
When will my refund come through,Disputes
Why is my refund not showing up on the statement?,Disputes
I need my refund,Disputes
why cant you just refund me instead of a merchant,Disputes
Why haven't I received a refund yet?,Disputes
when will I get my refund?,Disputes
They said I would get a refund but I don't see it on my statement.,Disputes
A refund is taking too long.,Disputes
"I requested a refund from a merchant a while ago, and upon repeatedly checking my statement, the merchant has yet to refund me my money.  I don't know what's going on, or why the money is getting into my account--could you please help?",Disputes
Why isn't my refund showing up in my statement?,Disputes
I can't see a refund for a return I completed recently.,Disputes
How come my refund hasn't appeared on my statement?,Disputes
Why am I still waiting for my refund,Disputes
I keep checking my statements but nothing shows up. I requested a refund a long time ago but seems it's not reaching my account for some reason. Would you please help me get the money back from the seller.,Disputes
Why is my refund not visible on my statement?,Disputes
The refund doesn't show in my account,Disputes
I have not received a refund.,Disputes
Where is my recent refund in the my statement?,Disputes
I am missing a refund amount on my account.,Disputes
I asked for a refund but its not here yet,Disputes
I have a missing refund,Disputes
i need a refund right away but the funds aren't available in my account,Disputes
When will my returned transaction show up on my account?,Disputes
There is a refund missing.,Disputes
"My refund has not arrived, and I am unsure why. Who do I contact?",Disputes
I need my refund as soon as possible. What else do I have to do?,Disputes
I can't see my refund in my history.,Disputes
The refund isn't appearing in my account,Disputes
How can I check if I have received a refund if it is not yet on my statement?,Disputes
Why isn't a refund showing on my statement?,Disputes
I can not find my refund.,Disputes
"I requested a refund from a merchant several days ago, but don't see anything showing up in my account yet.  Can you check on your end to see if the money has reached you guys?",Disputes
I am waiting on the refund,Disputes
How can I investigate a missing refund?,Disputes
"Hi, Last week I have contacted the seller for a refund as directed by you, but i have not received the money yet. Please look into this issue with seller and help me in getting the refund.",Disputes
I still don't have a refund.,Disputes
Transaction refund missing from my statement.,Disputes
I am suppose to be getting a refund from something I purchased but it hasn't showed up in my account.,Disputes
I've been waiting for a refund where is it?,Disputes
I was supposed to get a refund but it is not showing up on my card,Disputes
I've been waiting for a refund to show up and I don't see it on my statement yet.,Disputes
I cannot see a refund in my account,Disputes
Give me a refund now!! I am still waiting.,Disputes
I made a purchase a few weeks ago but wasn't happy with it so recently requested a refund from the supplier.  Can you check where the money is?,Disputes
my refund has not hit my account yet,Disputes
Why hasn't my refund been appiled to my account?,Disputes
My refund has not yet been credited on my statement,Disputes
My refund is not showing.,Disputes
When do I see my recent refund in my statement,Disputes
Why isn't my refund shown on my statement?,Disputes
"Hello. I bought an item a while ago, and have since requested a refund.  However, upon checking my online statements, it seems that I haven't been issued a refund yet.  How can this be remedied?",Disputes
"Hurry and refund me, I am waiting",Disputes
"I received a refund, however I cannot see it in my account",Disputes
I was supposed to get a refund but I do not see it on my statement. When is it going to be updated?,Disputes
I did all that was asked of me and I am rather frustrated. I don't understand why you just won't credit me my money back. I have contacted the seller and nothing has been done. It's been a week!,Disputes
How will I know when I get my refund?,Disputes
"It's been more than a week since I had a return charged to my card, why hasn't it showed up?",Disputes
My refund isn't going fast enough.,Disputes
My account isn't showing the refund,Disputes
I requested a refund from a merchant but don't see the money in my account.  Are you able to check with the merchant or process the refund manually?,Disputes
The refund I asked for isn't showing up,Disputes
The refund on my account hasn't shown up,Disputes
I'm supposed to have a refund but it isn't there,Disputes
My statement has not shown my refund.,Disputes
No refund showing in my statement.,Disputes
I can't see all the refunds in my statement,Disputes
"I'm expecting a large refund from a store I returned merchandise to recently.  They say they have sent the money but I don't see it in my account, can you help.",Disputes
A while ago i requested a refund from a seller. I keep checking my statement but I have not been refunded yet. I'm confused why i haven't gotten my money back yet but I need your help getting it please.,Disputes
Please update me on whether you have received the funds for the refund of the large purchase I made recently. I have requested this from the merchant days ago but still haven't got anything.,Disputes
I cannot find my refund on my statement.,Disputes
"I have received my statement but I do not see my refund, why is that?",Disputes
What is taking so long with my refund?,Disputes
Can you tell me why a refund I'm owed is not showing on my statement?,Disputes
I requested a refund directly from the seller but I still don't have it. I just want you to send me my money back. I did what you said to do and I still don't have it.,Disputes
when should I receive my refund,Disputes
Card refund is not showing up in my statement.,Disputes
Why is my refund missing in my statement?,Disputes
Please send my refund now.,Disputes
"Hi! A seller that I requested a refund from a long time ago has yet to send the money into my account, even though I keep checking it. Can the seller be contacted by you guys to see what's going on?",Disputes
Why is the refund not on my statement?,Disputes
My refund is still pending,Disputes
I requested a refund from Next because the dress I purchased had three arm holes. They said they sent the refund last Wednesday which is nearly a week ago and I still don't have it.  Why not?,Disputes
Where is my refund? it appears to be missing.,Disputes
who should i contact if my refund doesn't go through?,Disputes
"Please, I need your help as to whether or not you have money for a large refunded purchase I made. I requested it some time ago from the seller, but nothing is showing up.",Disputes
I requested a refund for a large order the other day and don't think I received the funds. Can you tell me if you see them or not?,Disputes
Why isn't my refund showing up?,Disputes
I contacted the seller and he won't respond.  Please just refund me my  money.,Disputes
I am still waiting for a refund,Disputes
"I requested a refund from a seller a while ago, but when I check my statements it doesn't show up. Can you help me get my refund.",Disputes
I was supposed to get a refund but I do not see it.,Disputes
I contacted a seller about a refund last week but he still hasn't returned my money. I am frustrated and need these funds. Please help me get my money back.,Disputes
I am noticing that a refund of a large purchase still has not been credited to my account. I contacted the merchant a few days ago and he assured me that he would submit it right away. Is there a status update?,Disputes
Hi I'm waiting for a refund for an item I bought. I have contacted the merchant directly but had nothing back. Can you tell me whether or not you are able to refund me for the item?,Disputes
"Would you please tell me the status of my refund request for a large purchase I made not long ago? I contacted the merchant nearly a week ago, but haven't received it.",Disputes
I can't find my refund. Please help.,Disputes
I requested a refund but can't see it.,Disputes
"I keep checking to see if I've received a refund that I requested from a seller, but I'm not seeing the refund. I need you to help me get the refund.",Disputes
how does my statement get updated so i know when a refund will reflect on my balance,Disputes
Can I check my recent refund in my statement?,Disputes
"I was suppose to be getting a refund for something I purchased a while ago, but It still hasnt been applied to my account. When will I get my money back?",Disputes
My refund has not shown up on my statement.,Disputes
what is the status of my refund,Disputes
"Hello. Please, would you tell me if you have or have not received funds for a refund that I recently requested for a big purchase? I've contacted the merchant, but I can't tell that they have taken any action on it.",Disputes
Did I not get my refund? I don't see it.,Disputes
I am still waiting to find out the status of my refund. I have made previous attempts to find out what the status is to no avail. Will you please look into this for me?,Disputes
I keep checking my statements but nothing shows up! I requested a refund a long time ago but seems it's not reaching my account for some reason. Can you please help me get the money back from the seller for me,Disputes
I contacted the seller for a direct refund last week but he still hasn't give me my money. What should I do?,Disputes
I cannot view the refunded amount in my account.,Disputes
Why hasn't my refund appeared on my statement?,Disputes
My refund is not showing up in my account. Where is it?,Disputes
My refund has not shown up in my account.   Where is it?,Disputes
When can I expect my refund?,Disputes
How long will it take to refund me,Disputes
I keep checking my statements but no progress.I requested a refund but seems it's not reaching my account for some reason. Can you please help me get the money back from the seller for me,Disputes
"Can you let me know where my refund money is? I requested a refund a few days back, but it's not showing up yet.  Do you guys have the money yet? Maybe it's just not in my account.  Let me know when it will become available, please.",Disputes
My statement does not reflect that a refund has been issued,Disputes
Why isn't my refund on my statement?,Disputes
When will I be able to see the refund,Disputes
My refund isn't showing up on my statement.,Disputes
A refund for a recent return has not arrived on my card.,Disputes
I am missing my refund.,Disputes
I keep checking my statements but nothing shows up.I requested a refund a long time ago but seems like it's not submitting my account for some reason. Can you please help me get the money back from the seller for me,Disputes
"Three months ago I bought a new house for my cat, fluffy.  Unfortunately Fluffy was not a fan of the house and it had to be returned to Pet Smart last week.  They said they have sent a refund but it's not there, can you tell me where it is?",Disputes
How do I find the refund on my statement?,Disputes
"i need a refund from you because the merchant is refusing, can you do that?",Disputes
I returned an item but don't see it on my account?,Disputes
"As advised by you, i requested seller to refund my money. A week has passed but i haven't got any update from seller. Please track the refund with the seller.",Disputes
Why isn't my refund showing in my statement?,Disputes
"I'm looking at my statement, and my refund is not on there.",Disputes
I'm due a refund and it is not on my statement.,Disputes
Why did I not get my refund yet?,Disputes
Why hasn't my return cleared my account?,Disputes
I was told I would be getting a refund but I have yet to see it,Disputes
My refund isn't showing up,Disputes
Is there a reason my refund isn't showing on my statement?,Disputes
Are the funds I requested from a merchant a few days ago in my account? I do not see them.,Disputes
"I'm supposed to be getting a refund but it hasn't shown up, now what?",Disputes
My refund for a purchase hasn't  cone through yet.,Disputes
How long does it take for a refund to appear?,Disputes
I don't see a refund in my account.,Disputes
My refund is not here yet,Disputes
"I am waiting on this refund, hurry up.",Disputes
I returned something to a  store but can't see my refund.,Disputes
Can you tell me if a credit/refund is coming from a seller? I asked for refund directly from them and am still waiting. It's been a week now and i still havn't seen my refund yet.,Disputes
Why can't I see my refund in my statement?,Disputes
Where is the refund on my statement?,Disputes
I should have a refund in my statement but I can't see it,Disputes
I'm expecting a refund but it's no where to be seen,Disputes
There is not a refund in my statement.,Disputes
"I have checked my statements multiple times, but my refund that I requested a while back is not showing on my account. Is there a reason for this? Can I get some help getting my money back from this transaction?",Disputes
Im not sure if a seller is giving me my money back! I asked them to refund my money for the item but It's been a week now and still nothing has been given back to me. Can you resolve this for me?,Disputes
When will a refund post to my account?,Disputes
When will I be able to see my refund?,Disputes
"I made a big purchase that I regretted and cancelled, the merchant said that my refund was submitted. Can you confirm to me that all of my money was truly returned to me?",Disputes
I've been checking my statement to see if I've received a refund I requested from a seller a while ago has arrived. But it has not. This should have come back to me already. Can you help me figure out why it's not here and get my money back?,Disputes
Still waiting on my refund...,Disputes
I can't see my refund on my account,Disputes
I'm not sure why my card didn't work,Payments
My card is not working at stores.,Payments
Do you know why my card payment has been declined?,Payments
Why isn't my card working? I was pumped to use my new card but it keeps getting declined. Help please.,Payments
I could not use my card in a store.,Payments
If my card payment isn't working what do I do?,Payments
I'm not sure why the card payment didn't work.,Payments
Tell me why my card payment has been declined.,Payments
I was just shopping online for some tickets and the payment was declined by you.  Why has this happened?  I am certain I have the right amount of funds in my account.,Payments
I am very upset that i went to use my new card today and it kept getting declined. Why is this happening and what do I do to not have it declined?,Payments
What are the reasons why a card payment would be declined?,Payments
The card payment I attempted to make failed.,Payments
Why has my card been declined?,Payments
I went to use my new card today and the card was repeatedly declined. I would really like to use this card and need to know what to do about it.,Payments
"I was out today looking forward to paying with my new card, but the payment just kept getting declined. This is really sad, what's going on?",Payments
What is the reason my payment was not accepted?,Payments
"May monthly payment to Apple has been declined but I don't know why, they are going to re-try the payment and it must go through, can you tell me what is going on please?",Payments
You have declined my  payment.,Payments
Can you tell me why my card keeps getting declined every time I try to use it?,Payments
Can you tell me why my card is not working? I keep trying to use it but it keeps rejecting my payment. I am being careful and entering the info correctly but it still happens.,Payments
"Apparently, I went out today to use my new card and was informed my payment was decline. This is really embarrassing, what happen?",Payments
I NEED HELP WITH MY CARD!!!!! please. It keeps getting declined when I try to use it. I have tried a few times to use it and it keeps getting rejected. I have no idea why.,Payments
How do I check to see why my card payment was declined?,Payments
Why was my card declined in a shop?,Payments
The payment for the card did not go through,Payments
My card was rejected,Payments
I use this card all the time so why did it get declined at the store today?,Payments
I couldn't pay with my card,Payments
Why are all my card payments being declined?,Payments
I couldn't pay with card in a shop,Payments
Why is my payment declined? It looked like everything worked ok and my account was fine.,Payments
My card payment failed.,Payments
"My payment has been declined!! What's going on, I thought everything was alright and working well?",Payments
My latest payment was declined! What happened! I was told everything had been resolved and was back to working order again.,Payments
My card wasn't working in a shop,Payments
I'm sure I have enough money so why didn't the store accept my card?,Payments
Why has my payment been declined? I paid by card.,Payments
can you tell me why my card was declined?,Payments
My card didn't go through.  It doesn't make sense.  You told me that everything was ok.,Payments
Please explain why my payment was declined? I thought everything was good.,Payments
"When I use my card, it says decline?",Payments
My card payment didn't work,Payments
"I was just shopping and my payment was declined in a store!  It was very embarrassing, what is going on and when will it be fixed?",Payments
Why was my card declined?,Payments
I tried to make a purchase in the store but my card was declined.,Payments
My card payment wasn't accepted.,Payments
is there a reason that my payment didnt go through,Payments
My card payment did not go through.,Payments
Explain the payment that was declined!,Payments
Explain why my card payment wouldn't go through.,Payments
Why didn;t my payment work,Payments
My card couldn't pay in a shop.,Payments
My payment card was declined - could you tell me why?,Payments
"Hi, is everything in good standing with my card? I am receiving multiple ""decline"" messages.",Payments
Why didn't my card payment work?,Payments
My card payment didn't go through.,Payments
How can a payment be declined,Payments
The store card reader would not accept my card.,Payments
Why was my payment declined? I keep trying my card but it's not working.,Payments
My card was declined,Payments
my payment was rejected,Payments
I was wondering why my card was declined,Payments
"Please help me in this, as i was unable to make any payment by my new card,  it was getting declined repeatedly. I am not very happy with this incident.",Payments
Why did my card payment not work?,Payments
"my card payment has been declined, do you know why?",Payments
My credit card has been declined.,Payments
Why did my card payment get declined?,Payments
Why won't you accept my payment? I keep trying with this card and it's not working.,Payments
My card payment is being declined and I've tried several times.,Payments
For some reason my card payment didn't work,Payments
Why has my card declined,Payments
A shop I go to didn't let me pay.,Payments
Why did my payment fail?,Payments
Can you tell me why my card payment did not work?,Payments
My card would not work at a shop.,Payments
I could not get my card to work at a shop.,Payments
My card payment has been declined,Payments
I've tried using my card multiple times and it keeps getting declined.,Payments
My card was refused,Payments
Why is it saying my card payment is declined when I made it?,Payments
My card failed to work when I was shopping in a store,Payments
why couldn't I use my card at a store?,Payments
My card did not work at store.,Payments
Why does is payment not going through? Did my account get frozen or some other issue I don't know about. What can I do to fix this problem?,Payments
Why was my new card declined?,Payments
Why do you keep declining my payment?I tried several times with this card and it is just not working.,Payments
Why do you keep declining my payment? I tried several times already with this card and it is just not working.,Payments
Why am I being declined?,Payments
Could you explain why my card payment did not work?,Payments
"Hi, Today i have tried to make payment by my new card, but payment got declined many times. I am very disappointed, please look into this.",Payments
I don't know why my card payment did not work,Payments
"my card was refused, why?",Payments
I don't understand why my payment was declined. I thought everything was ok.,Payments
I tried to pay with my card and it didn't work,Payments
Why do you keep declining my payment?I tried several times already with this card and it is just not working.,Payments
The card payment is declined.  Please inform me why.,Payments
"My card payment has been declined, why?",Payments
Why would you decline my card?,Payments
My payment for my card is not working,Payments
Why would a card payment be declined?,Payments
I was so embarrassed. Why didn't my payment clear?,Payments
It seems like my card payment didn't work.,Payments
"I've tried many times to make a payment, but it's not going through.  What's wrong?",Payments
Why has my card been declined?  whats the deal?,Payments
For some reason my card payment hasn't worked. what can I do to look into that?,Payments
Could you please tell me why my card payment didn't work?,Payments
"my payment was rejected, do you know why?",Payments
My card payment doesn't work.,Payments
"I made a card payment, but it has been declined?",Payments
"Everything seems fine with my account, so why did it decline my payment?",Payments
"I'm not sure why my payment has been declined? Please tell me why, I thought it was all good.",Payments
My payment has been declined several times.  Can you help me?,Payments
I had a decline on my card. Why?,Payments
When I tried to pay in a store my card din't work,Payments
I was just needing to know why my card got declined,Payments
My payment was declined,Payments
Why was the payment on my card declined?,Payments
I made a card payment but it didn't work. Why not?,Payments
"I was out today looking forward to paying with my brand new card, turns out the payment just kept getting declined. This is pretty sad, what's going on?",Payments
Do you know the reason why my card payment was declined?,Payments
What is going on with it saying my card payment was declined?,Payments
"I keep trying to make a payment, but it doesn't work.",Payments
What could the reason be that my payment card was declined?,Payments
My card did not go through in a shop,Payments
Is there an issue with my card payment as it has not gone through.,Payments
Why wasn't my card payment accepted?,Payments
I keep trying to use my card to buy some things and you keep declining it. Why? I've tried multiple times to make it go through but it won't.,Payments
The card payment I made didn't work.,Payments
"I received my new card and tried using it today, just to have it show declined over and over again.  Why is this happening?",Payments
My card payment won't work.,Payments
My card payment has failed.,Payments
Whats the reason for my payment being declined? It looked like everything went through ok and my account was good.,Payments
I just got my new card and tried using it and it was declined?,Payments
"I know there's money in my account, why did my account decline me?",Payments
Why are the payments being declined on my new card?  I tried several times to use my new card to pay for my gas at the Shell station in my neighborhood.  I am very distressed about my new card not working.,Payments
Why would my card payment not work?,Payments
My card payment wasn't declined,Payments
Reason for my card to decline,Payments
Why have you declined my card payment?,Payments
My card was not accepted in a shop,Payments
I had a card payment that was declined.  Why?,Payments
How come my card payment has been declined?,Payments
"I have enough money in my account, so why is my card being declined?",Payments
Can you please advise if there is something wrong with my card? I have had multiple rejections and do not know the reason. Thanks!,Payments
"Card payment was declined, do you know why?",Payments
I've tried several times to make a payment and every time my card is declined? Could my card be locked? I don't know what to do.,Payments
"I had a problem with my card payment, can you help?",Payments
I tried to used my card in a shop and the transaction was declined.,Payments
"I was out today looking forward to paying with my new card, turns out the payment kept getting declined. This is really sad, what's going on?",Payments
Card payment didn't go through.,Payments
Please help to explain to me why my new card was declined when I tried to use it at my grocery store this morning to pay for the items I needed.  I tried three times to use it and it kept being declined.  I was very embarrassed standing there trying to buy my groceries.,Payments
My card payment was not successful.,Payments
Tell me why my card payment was declined.,Payments
"i put in money for vacation and its not showing. i need that money today, how long will it take",Transfers
I can't figure out why a transfer is still pending?,Transfers
"Transfers can take up to one day to process before departing for the beneficiary accounts. Please confirm that you've entered your account details correctly. SEPA transfers can take up to two working days, while SWIFT transfers can take up to five working days.",Transfers
When will my transfer finish pending?,Transfers
"How long do transfers take, mine just says pending?",Transfers
How long does it take for a transfer to finish pending?,Transfers
How long does it take for a money transfer to show up?,Transfers
Why is a transfer I have still pending?,Transfers
"Transfers may show up as pending for up to one day while they are processed by one of our payment processors. Then, they will depart for the beneficiary accounts. Please also double-check that you have entered the correct account details. SEPA transfers can take up to two business days, and SWIFT transfers can take up to five business days.",Transfers
What's the time frame on EU transfers? I purchased something a couple of days ago but the seller hasn't received my payment.,Transfers
When will the transaction post to my account?,Transfers
I sent a transfer and it has been pending for awhile. How long will it stay pending?,Transfers
"I transferred money to another country several days ago, but my transaction is still pending. i have checked that the accounts are keyed in correctly. what sees to be the problem?",Transfers
What is the reason a transfer shows as pending?,Transfers
Why is the transfer showing pending?,Transfers
Hi I am trying to transfer money to another country but it is showing pending and it has been a long time.  I have checked numbers and they are correct.  Could you please help?,Transfers
Why does my transfer say it is pending?,Transfers
What am I supposed to do if the funds haven't show up from a transfer completed this morning?,Transfers
How long do I have to wait for the transfer to be finalized?,Transfers
My payment shows that it is pending will I be charged more money?,Transfers
Why is my transfer still pending?,Transfers
Tell me why my transfer is pending.,Transfers
How long will my transfer be pending for?,Transfers
"I'm hoping you can answer my question about a pending transfer that I've had for a while now.  I know that all of the account details are correct, so why is it taking so long to go through?",Transfers
How long is a transfer in the pending status?,Transfers
Why is it taking so long for my pending transaction to post as cleared?,Transfers
"I haven't received my transfer funds yet, where are they?",Transfers
I'm confused as to why my transfer is still listed as pending on the website.,Transfers
"How long do EU transfers actually take? I recently bought something online a few days ago, sent the money immediately online but the seller says it's still not there yet.",Transfers
Why is my transfer pending?,Transfers
I sent payment with EU transfer and they still haven't received it. How long does it take?,Transfers
I bought something on line a and the seller hasn't received the money I sent could you please tell me how long an EU transfer takes?,Transfers
How long is the wait for a money transfer to show up?,Transfers
What is going on? I have checked over and over and the details of my account are right. Why is my transfer still pending? It's 2018 not 1818. Transfering money to another country can't be that hard.,Transfers
"As I double checked that I have the correct account details that i submitted , they're right for sure. Transfer is still pending so far.",Transfers
How long until transfers complete?,Transfers
My money transfer has not yet occurred,Transfers
My transfer is still pending,Transfers
Will my transfer be done soon?,Transfers
"How long do you expect me to wait for the transfer? It finally worked out, but has been pending for a long time and it's quite urgent.",Transfers
"My transfer is quite urgent, and finally worked out, but I've been waiting for it for quite some time. Can you tell me how long to expect to wait for it?",Transfers
My transfer still says pending,Transfers
"I bought something online a couple days ago, sent the money immediately online but the seller says it's still not there yet. How long do EU transfers actually take?",Transfers
The transfer was accepted but now it's stuck on pending. When will it go through?,Transfers
I have not seen any changes in my account balance(s) after making a transfer.,Transfers
I have an outgoing transaction,Transfers
"How long does a transfer to another country normally take? I check over and over again and see that my transfer is still pending. It's 2018, nothing should take this long. I have confirmed my account information, so there is no error. What is the hold up?",Transfers
I have a pending transaction,Transfers
How long is the wait for a money transfer to post?,Transfers
My money transfer hasn't appeared yet.,Transfers
Why is my transfer still pending after all this time?,Transfers
why have I got a pending transfer? I'm confused!!,Transfers
It seems like a transfer is pending.,Transfers
How long will my transfer stay pending?,Transfers
How long will the transfer take?,Transfers
How long does it take for pending to go through,Transfers
the transfer went through but now it has been pending for quite a while. i need this to go through already,Transfers
"I've been waiting for a pending transfer to go through for a while now, and don't see any reason why I've been waiting this long.  I know that I have the correct account details, so that isn't the problem.",Transfers
I am still waiting for a transfer to show up,Transfers
"My transfer is still pending, why?",Transfers
"Hey I double checked that I have the correct account details already, they're right for sure. Transfer is still pending since forever. It's not that difficult to transfer money to another country in 2018 is it?",Transfers
A transfer is pending.,Transfers
Why isn't my pending transfer finished?,Transfers
A transfer to my account shows as still pending and I wanted to know how long it is suppose to take to clear.,Transfers
Is my transfer pending?,Transfers
I did a transfer but its still pending,Transfers
How come I have pending transfers?,Transfers
I recently purchased something and the seller says my money has not arrived yet. It was in EU's. How long does this take?,Transfers
Could you please help me figure out why the seller has not received their money after I sent it.,Transfers
"How long do EU transfers actually take? I bought something online a couple days ago, sent the money immediately online but the seller says it's still not there yet.",Transfers
"How long do EU transfers take? I bought something online a couple days ago , sent the money immediately online but the seller says it is still not there yet",Transfers
"I didn't think my country-to-country money transfer would take so long. It still says that it's pending so I re-checked all of the account information--everything seems right, so what's the deal?",Transfers
My transfer hasn't appeared yet,Transfers
i transfered and yet it is still pending,Transfers
My transfer is stuck pending? How do we fix it to it goes through?,Transfers
What is the reason why the transfer shows as pending?,Transfers
I am still waiting for a transfer to show,Transfers
When will my transfer move from pending to confirmed?,Transfers
How long does a transfer take?,Transfers
I have a transfer that is still pending.,Transfers
I have a transfer that is pending.,Transfers
My transfer has been pending for a long time now. I already double checked my account info and it is correct. Why is it taking so long in 2018 to transfer money?,Transfers
My account says I have a pending transfer.,Transfers
How long would does it take for a seller to receive an EU transfer if I bought something from them and sent them the money immediately?,Transfers
Money was transferred to me and I am unable to see it,Transfers
How long does it take for pending transfer transactions to post?,Transfers
I finished my transfer. I am having an issue with it still pending. It has been a long time and i'm growing impatient,Transfers
Why is there a pending time on my transfer?,Transfers
Why does it show that my transfer is still pending?,Transfers
Can you tell me when my money transfer will go through,Transfers
How long will my transfer be pending?,Transfers
How long will a transfer be pending for?,Transfers
Why is a transfer I did recently still processing?,Transfers
I have a trasnger that is pending and wondered about it.,Transfers
I wanted to know why there is a transfer of mine pending.,Transfers
"I'm waiting for a money transfer to show, still.",Transfers
I am still waiting for a money transfer to appear.,Transfers
There has been a transfer pending in my account and I wanted to know how long it is going to take to go  through.,Transfers
What is the average pending time for a transaction?,Transfers
Can you explain why my payment is still pending?,Transfers
I did a transfer but it is still pending.,Transfers
Why is the transfer still pending?  Can I do something?,Transfers
I am having to wait for my transfer to be fully processed. It seems to be taking a very long time in the pending phase. What is the normal turn around time that I can expect to see it completed?,Transfers
when will my transfer clear,Transfers
"The transfer finally worked, but how long does it stay pending?",Transfers
"How long do EU transfers take? I bought something online a couple of days ago , sent the money immediately online but the seller says it is still not there yet.",Transfers
Why does my transfer still say it is pending?,Transfers
My money transfer has not happened yet,Transfers
I don't see a money transfer yet,Transfers
I have a transfer waiting.,Transfers
how long will it take for my transfer to stop pending,Transfers
"I double checked that I have the correct account details already, they're right for sure. Transfer is still pending since forever. It should not have been done so.",Transfers
How long do I wait for a transfer to take?,Transfers
"Hello. How long does it usually take to transfer money to another country? I've made sure all the information is correct, but the transfer still says that it's ""pending.""",Transfers
Why is my last transfer pending?,Transfers
I have an outgoing transfer,Transfers
"Transfers may show up as pending for up to one business day while they are processed, and then they'll depart for the beneficiary accounts. Please confirm that you have correctly entered your account details. SEPA transfers typically take up to two working days, while SWIFT transfers can take up to five working days.",Transfers
"How long does EU transfer take? I bought something online a couple days ago , sent the money immediately online but the seller says it is still not there yet",Transfers
My transfer's stuck on pending.,Transfers
"Hello, I went ahead and checked my account details to be sure, and they are definitely correct.  I've had a transfer pending for a while, and I can't understand why it hasn't gone through yet.",Transfers
"So, my transfer is showing as pending, when will it actually go through?",Transfers
Why is the transaction not posting?,Transfers
I made a transfer recently but it has not changed on my dashboard.,Transfers
When will my transfer move out of pending stage?,Transfers
Why is my transfer stuck on pending?,Transfers
there is a transfer pending.,Transfers
The wait for this transfer seems to be taking a very long time.  It is very important that it goes through quickly. Can you please tell me how long it may take?,Transfers
How much longer do I have to wait until my transaction is complete? I transferred money to another country many hours ago and the transaction is still pending.,Transfers
"Why is my transfer appearing as ""pending""?",Transfers
Do EU transfers happen quickly? I purchased something a few days ago and the seller hasn't received my money yet.,Transfers
"It seems like I have been waiting forever for this international transfer. Why is it taking so long? C'mon, it's 2018, things happen at a click of a button. All of the account information is correct, so how long will this take?",Transfers
"Hi, I'm trying to transfer money from one country to another, but it's taking a long time! All the account information is right, so why is it taking so long?",Transfers
Why is my transfer pending when I already made it?,Transfers
I have a pending money transfer,Transfers
"What does it mean when a transfer is ""pending""?",Transfers
For what reason is my transfer still pending now?,Transfers
The seller of the items I bought online the other day hasn't received the EU transfer yet. How long do these usually take?,Transfers
"My transfer is pending, why?",Transfers
Can you tell me why my transfer is pending still?,Transfers
I am still waiting for a money transfer to process.,Transfers
I have a transfer that was approved that I'm urgently waiting for. How long am I supposed to wait for it?,Transfers
"How long does the ""pending"" period of a transfer take?",Transfers
"My transfer went through, but it seems to be caught up in a pending status.  This was very important that it got done quickly, can you give me a status update on how long it will take?",Transfers
My transfer says pending. What does that mean?,Transfers
Can you tell me when the transfer will be completed?,Transfers
I need to know why a money transfer is available.,Transfers
I'm still waiting for a money transfer to show.,Transfers
"Pending still shows on this transfer, why?",Transfers
How do I deactivate my account?,Account
Remove my account immediately.,Account
Are you able to delete my account?,Account
How do I discontinue my account?,Account
please delete account,Account
I need you to delete my account now.,Account
"I would like to delete my account now, please.",Account
I would like to invalidate my account.  I am very disappointed with your services.,Account
I need to delete my account.,Account
Can you delete the account?,Account
"for god sake, just delete my account i am sick of this",Account
"I need to delete my account, please.",Account
unhappy with service need to delete account,Account
"This company is bad, delete my account now.",Account
How do I shut down my account and get out of this company?,Account
How do I close my account?,Account
I want to shut down my account as soon as possible.,Account
cancel my account,Account
Help me close my account.,Account
I want to close my account due to poor customer service.,Account
"I would like to close my account, as I'm not happy.",Account
What's the process for terminating an account?,Account
What steps do I need to do to delete my account?,Account
How do I delete my account now,Account
I want to cancel my account.,Account
"I want to get rid of the account, and delete personal information .",Account
if im not using my account should i close it or just let it sit,Account
i'm not satisfied with the services and no longer want to be a customer,Account
I am not satisfied with your company and wish to delete all accounts immediately.,Account
I want to delete my account.,Account
I am not happy with your company. Please delete my account asap.,Account
"How can I close my account, I don't want it.",Account
I am upset with your service.  Please delete my account.,Account
I would like to cancel my account.,Account
"I don't like the services, please close my account",Account
I'd like to delete my account.,Account
I want to stop my account,Account
Please delete my account immediately.,Account
How do I delete my account? I am dissatisfied with the service.,Account
This place has been too much work so I'd just like to close out my account & be done.,Account
do i have to talk to someone to close an account or can i in the app,Account
I want to close my account now.,Account
"your company is awful, i would like to delete my account please",Account
I hate this company! Can you delete my account?,Account
I am asking to end my account.,Account
I want to delete my account. How do I do this?,Account
I am not happy with your service and request that my account be terminated!,Account
I want to terminate my account,Account
How can I delete my account?,Account
I want to end my account,Account
Delete my account now please.,Account
Help me terminate and close my account.,Account
Your company is lame. Shut down all my account services right now.,Account
I am not satisfied with your company.  Close my account.,Account
How do I terminate my account.,Account
How to I close my account?,Account
I need to terminate my account.,Account
I'm not happy with the services I'm getting with this company. Can you please delete my account?,Account
I want to close my account. The service you provide is unsatisfactory to me.,Account
Delete all of my account information and my account right now.,Account
I want to close my account & I will never do business with you again.,Account
What are the steps to finishing up with this account?,Account
Help me delete my account.  I am not satisfied with the service.,Account
Can you close my account please?,Account
What do I do to close my account?,Account
I need to terminate my account immediately.,Account
How can I close my account?,Account
"I don't want this account anymore, how do I delete it?",Account
Please delete this account.,Account
I want to inactivate my account.,Account
I no longer want to keep this account.,Account
I am trying to delete my account.,Account
Where do I go to terminate my account?,Account
I'm not happy with service and would like to delete this account.,Account
Please delete my account now.,Account
I would like to terminate my account.,Account
how do i cancel my account,Account
"how to delete account, not happy",Account
"How do I close my account, since I'm dissatisfied?",Account
make my account go away,Account
Please help me delete this account.,Account
I would like to delete my account. I'm not happy with the service you're providing,Account
terminate my account please,Account
Your service is bad.  Close my account.,Account
I'm dissatisfied with the service and would like to terminate the account.,Account
I am looking to delete my account. I'm not happy with the service provided by you.,Account
I wish to remove my account.,Account
Close down my account.  I don't like your service.,Account
I am very dissatisfied with the services that you are providing.  I want to cancel my account.,Account
I need you to delete my account right now.,Account
I want to deactivate my account.,Account
"This is terrible, i want to delete my account",Account
I'd like my account to be deleted. I'm not satisfied with the service you provide.,Account
Is it possible to delete the account?,Account
I need to close my account.  Your company is terrible!,Account
Tell me how to delete my account.,Account
Please delete my account and personal information.,Account
"I'm not happy, I want to close my account.",Account
Delete my account please. Now!,Account
"The service here is horrible, I want to delete my account.",Account
How do I delete an account?,Account
Can you please disable my current account.,Account
"The company is no good, please terminate my account.",Account
"I am dissatisfied, I would like to close my account.",Account
I'm not satisfied with the services that you are providing.  I would like to end my services and delete my account.,Account
I need to close my account as soon as possible.,Account
I am not satisfied with your service.  Close my account.,Account
"I no longer want this account, what should I do?",Account
What do I do if the ATM took my card?,Cards
What do I do now my credit card has been swallowed by the ATM?,Cards
An ATM machine didn't give me back my card.,Cards
"My card got trapped inside an ATM, what should I do?",Cards
What do I do if I can't get my card out of the ATM?,Cards
My card got stuck in an ATM.,Cards
Your machine took my card. How do I get it back?,Cards
"I can't get my card out of the ATM, what should I do now?",Cards
My card is stuck in the ATM?,Cards
I didn't get my card back from the ATM.,Cards
"The ATM at Metro bank on High St. Kensington didn't return my card, and the bank is now closed. How do I get back a card swallowed by an ATM?",Cards
I need a new card because the ATM took mine.,Cards
The ATM stole my card!,Cards
How can I get my card out of the stupid ATM that ate it?,Cards
The ATM took my card.,Cards
The ATM won't give me my card back. I need it back now!,Cards
How do I get my card back quickly from a bank machine that it?,Cards
The ATM sucked my card in.,Cards
The ATM did not give me my card back?,Cards
I was getting cash and the card got stuck inside,Cards
What should I do since my card is trapped in the ATM?,Cards
what do I need to do if the ATM kept my card?,Cards
The ATM machine would not give my card back,Cards
I can't get my card out of the ATM,Cards
Why did the ATM take my card and keep it?,Cards
What are the steps to get my card back that was kept by the ATM?,Cards
How do I get my card out of the ATM?,Cards
Why did the ATM eat my card?,Cards
Please send a new card; the ATM ate mine.,Cards
The ATM didnt return my card!,Cards
I was removing a dollar amount from my account and now don't have access to my card.,Cards
A Bank ATM did not give my card back. What do I do now?,Cards
Why did the ATM swallow my card?,Cards
lost my card in atm,Cards
I cannot get my card out of the ATM.,Cards
An ATM machine didn't return my card.,Cards
My card is stuck inside the ATM.,Cards
The bank machine didn't give my card back how do I get a new one fast?,Cards
What should I do if the atm eats my card?,Cards
What do I do?  The ATM took my card!,Cards
The ATM kept my card?,Cards
Who do I talk to about the ATM swallowing my card?,Cards
An ATM swallowed my credit card!,Cards
What do I do if the ATM swallowed my card?,Cards
"Please help, the atm swallowed my card, what do I do?",Cards
I have lost my credit card in the ATM!,Cards
how can the money machine keep my card what do i need to do?,Cards
How do I get a new card as your machine swallowed mine!,Cards
The ATM machine ate my card.,Cards
how to get new card after atm eats it,Cards
My card was eaten by the cash machine what do I do?,Cards
What do I do after the ATM takes my card.,Cards
How can I get my card out of the ATM?,Cards
Will you please help me get my card back?,Cards
The ATM ate my card; how do I get a new one?,Cards
How do I get my card back after the ATM swallowed it.,Cards
"My card is stuck in an ATM machine, how do I get it back quickly?",Cards
atm ate my card,Cards
What are the steps I should take to recover my swallowed card?,Cards
"My card is stuck inside the ATM, what am I supposed to do?",Cards
What should I do with my stuck ATM?,Cards
A transaction shows duplicate times.,Disputes
There is a repeat charge for the same item,Disputes
How can I fix this?  There is a double charge on my account.,Disputes
My card got charged twice for the same thing!,Disputes
"My husband and I went out for our weekly ""dinner and a movie,"" and it was my turn to pick up the check. Now I see that my card was charged twice. Who should I contact about negating the second charge and getting my card credited?",Disputes
How do I query a payment on my card? It looks like I have paid for the same thing twice.,Disputes
I have duplicated transactions on my statement,Disputes
"I only made one transaction at this place, but it's appearing multiple times.",Disputes
"One of my charges was declined, but the second one went through.  But I notice on my App that one of them has gone through, and the other one is still pending.  Please ensure that only one charge is processed. Thanks",Disputes
What do I do if I've been charged twice for the same transaction?,Disputes
"I think I was charged twice, please help!",Disputes
I think there is a mistake.  I am being charged twice.,Disputes
"My transaction history is looking a little off. I have been charged twice for multiple different purchases, and would like to have those duplicate charges refunded.",Disputes
I was charged for the same thing twice,Disputes
My account was charged twice for one purchase,Disputes
"I was charged twice for a restaurant, can you take the second charge off?",Disputes
I have a transaction that shows multiple times.,Disputes
What happens when I am charged twice?,Disputes
I have been charged twice for the same transaction.,Disputes
How do I get my money back for a duplicated charge?,Disputes
I have a duplicate payment on my card.,Disputes
Several items I have charged this week are appearing twice.  Please review my statement and remove any duplicate charges.,Disputes
I have a transaction showing multiple times.,Disputes
"Hi, I just looked at my card transactions and saw that I've been charged twice for a restaurant I went to this week. Can you remove the double charge, please?",Disputes
I have been double charged,Disputes
I was double charged at a restaurant can you take the second charge off?,Disputes
I have a duplicate charge,Disputes
I got charged two times for a transaction,Disputes
What happens with the duplicate charge in my account?,Disputes
Why have I been charged twice?,Disputes
I have two of the same charges on my account!,Disputes
Why am I being charged for the same thing twice?,Disputes
Who do I talk to for transactions debited twice?,Disputes
There is a duplicate charge on my account.,Disputes
I have been charged twice this week for a couple of things on my card. Can you please check this out for me and return the double charged items back?,Disputes
I got charged twice for the same payment. Please removed the pending payment. Thank you.,Disputes
I think I got charged twice for the same thing,Disputes
It looks like I was charged twice for a single transaction,Disputes
"I had a duplicate card and bought something and it showed up twice. I canceled my card, how do I get my money back?",Disputes
There is a transaction showing up several times.,Disputes
Transaction showing up many times.,Disputes
"Looks like my card payment was made twice by mistake. I went to pay at the store earlier which rejected once, second time it worked. App is on pending for one of the payments. Can you please remove one of them as it's wrong and clearly was declined?",Disputes
Please tell me why the same transaction is showing up on my account more than once.,Disputes
I have duplicate charges for the same transaction,Disputes
I got double charged!,Disputes
"Looks like my card payment was duplicated after all. I went to pay at the store earlier, got declined once, second time it works. App still stays pending for one of the payments. Can you please remove one of them as it's wrong and clearly was declined?",Disputes
There are two of the same charges on my account.,Disputes
"Hello, I just checked my card transactions and saw that I was charged twice for a restaurant visit I did earlier this week. Is it possible to remove one of them and get my false paid money pack?",Disputes
"I'm really concerned because I only made one transaction, but it's appearing multiple times.",Disputes
"Hello,  I am a college student who I recently attended my high school reunion at a local restaurant. I paid with my credit card and now my transaction history reflects a second charge of the seemingly same payment. What could be the reason for this?  Is there any way to have the fraudulent  payment credited back onto my card?",Disputes
I was charged twice for an in-store purchase that I thought was declined.  My App says that it's still pending for one of the payments. Please make sure one of the charges is removed.,Disputes
"Good day, in reviewing my credit card activity over the last several days, I see a repeated charge for a restaurant that I went to. The charge was put through twice, so I would like one of the charges corrected and the amount that was withdrawn to be reinstated please.",Disputes
Why do I have duplicate transactions for one purchase?,Disputes
I have a payment that shows twice,Disputes
I have been overcharged.,Disputes
I have noticed that my account was double charged for a couple of items this week. Please review and refund the double charged items back.,Disputes
Why was I double charged?,Disputes
There's a duplicate charge on my account?,Disputes
Why does the same transaction appear multiple times?,Disputes
Why did I get charged twice for the same thing,Disputes
I have been charged two times for one transaction.,Disputes
Duplicate transactions appear on my account,Disputes
I made a payment and it is showing up twice,Disputes
I was charged several times for something,Disputes
My card is showing the same transaction over and over again.,Disputes
A transaction is showing more than once.,Disputes
I was charged multiple times at the same location at the same time,Disputes
Hello. I checked my transactions and saw I was double charged for a restaurant visit. Can I get my money back?,Disputes
"Hi, I was at a restaurant later the week and when I went to look at my account I noticed that I got charged twice. I would like to get my money back from one of those transactions.",Disputes
I was charged twice.,Disputes
I was charged twice for the same purchase!,Disputes
I was charged multiple times for one transaction.,Disputes
I got charged twice with a duplicate card. How do I resolve this?,Disputes
I was charged more than once for a card payment I made.,Disputes
there were two of the same charge to my account,Disputes
I was charged more than once in a single transaction,Disputes
You charged me more than once for the same transaction!,Disputes
Why do I have a transaction showing up more than once?,Disputes
Why was I charged twice for my item!,Disputes
My account is showing a double charge.,Disputes
Why did my card get charged twice for a transaction?,Disputes
Why am I being charged again?,Disputes
"I was charged twice, when I didn't purchase anything twice.",Disputes
One of my payments was doubled,Disputes
I think I was double charged,Disputes
"I should only have one charge, but it shows two.",Disputes
"My account shows I have been charged twice for the same meal. How do I get the second payment voided and returned to me? I do not eat out much and my family is living paycheck to paycheck,  mostly. I cannot afford to spend more money than necessary, as is, so I must see to it that the cost be promptly credited back onto my card.",Disputes
What do I do if I have been charged twice?,Disputes
I was charged two times for the same thing.,Disputes
"Hi, I was looking over my card receipts for the past week and I realize I had a charge put through two times for the same single restaurant visit. Can one of the charges be removed so that I can get the money back that was mistakenly taken from my account?",Disputes
Can you help me? I have a duplicate transaction on my account and I don't understand why.,Disputes
Why does a payment show up twice?,Disputes
There is the same transaction showing more than once.,Disputes
Why am i being double charged for something?,Disputes
I see a duplicate payment.,Disputes
Will the duplicated payment be refunded?,Disputes
I have been charged twice on my statement.,Disputes
I am concerned that I am being doubled charged for several items purchased in the past week.  Please review my statement and correct.,Disputes
"I went to the store and tried to make a purchase.  The first time, it was declined, but the second one went through.  But my App shows me that I've already been charged once and the second charge is still pending.  Can you make sure that I'm not charged twice?",Disputes
Why was I charged twice?,Disputes
I was charged multiple times for one purchase,Disputes
Why have I been charged more than once for the same transaction?,Disputes
"Hi, I was just checking over my card transactions and notice I was charged twice for a restaurant visit this week. Can you please remove one of these false charges from my account?",Disputes
Please delete the duplicate payment that was made to my account. One payment is still pending and I do not want to pay twice.,Disputes
A payment is showing twice. Why is that?,Disputes
"Hello, I was just went through my recent transaction on my bank account and I just noticed that I was charged twice at a place that ate at this past week. Can I get that second transaction removed from my account?",Disputes
I received duplicate charges.,Disputes
Why am I getting double charged for multiple transactions?,Disputes
After taking over my card transactions I noticed that was charged twice for a restaurant purchased from earlier this week. Can you please remove one of these transactions from my account since it is not accurate?,Disputes
I made a payment and it appears it is showing twice,Disputes
"Looks like my card payment was duplicated after all. I went to pay at the store earlier, got declined once,second time it works. App still stays pending for one of the payments. Can you remove one of them as it's wrong and clearly was declined?",Disputes
I noticed that my card was charged more than once for one thing.,Disputes
"I got double charged from something, what can I do?",Disputes
"Hi, I checked my transactions and saw that I was charged twice during a restaurant visit. I would like to get my money back.",Disputes
Why did I get charged more than once?,Disputes
Why do I have a transaction showing multiple times?,Disputes
"Help, I was charged twice!",Disputes
Hi. Please can you help me fix a double charge on my card? I'm looking at my transactions and this restaurant I went to earlier in the week has charged me twice! Please remove the additional charge for me.,Disputes
There is a duplicate payment on my card. Why?,Disputes
To many charges on my card how do I go about fixing that?,Disputes
There are two of the same charge on my statement.,Disputes
My statement shows different transaction times.,Disputes
I have a transaction showing up multiple times.,Disputes
My card is showing multiple charges for the same items on my recent statement. I was wondering what actions of needed to take to fix this issue,Disputes
My card was declined but it shows as multiple charges?,Disputes
It appears as though my card payment was duplicated. I paid at the store earlier today. The first time it was declined and the second time it worked. The app is still showing one of the payments to be pending. Please take one of these off because clearly the first was declined and is not correct.,Disputes
What do I do if a transaction shows up twice?,Disputes
Hi. I noticed I have a duplicate charge which I have not made twice. Who should I talk to take care of this?,Disputes
There is a payment that I was charged two times for.,Disputes
I got charged in double and want a refund,Disputes
I have multiple of the same transaction,Disputes
There is more than one charge on my account for a transaction.,Disputes
I need a transaction reversed from my account.,Disputes
"It seems my card payment was completed twice. I paid at the store previously and the first one did not seem to go through. After a second attempt, it did go through. I now see within the app that I have been charged twice with one of them pending. Can you please remove the pending amount because it is clearly something that was declined?",Disputes
I have been charged for one thing two times.,Disputes
How come there is a duplicate charge on my card?,Disputes
Why was I charged twice for the same thing?,Disputes
I have a duplicate payment on my account,Disputes
Why does my statement show various transaction times?,Disputes
Why are there multiple transactions showing for one purchase?,Disputes
I was double-charged for a transaction,Disputes
Why do I have two charges It should only be one charge?,Disputes
My bill shows the same charge more than once,Disputes
"I went for a meal in Seattle and paid the bill but I think they charged me twice, the first time they swiped the card I got a notification to say the money had gone out the account but then I added a tip and I think they swiped it all again. Can you refund one of the charges?",Disputes
A transaction posted twice to my account.,Disputes
I noticed a duplicate charge on my statement.,Disputes
"Hey there, I just went through my most recent credit card payments and I notice the same charge for a restaurant was processed twice. There was only one meal at this place, so I would like one of the charges to be reversed and my money to be put back in the account.",Disputes
I was charged twice for the same thing.,Disputes
Is there a reason to why I was charged twice for a transaction?,Disputes
There are duplicate transactions on my account,Disputes
My transaction is showing several times.,Disputes
"Looks like my card payment was made two time by mistake. I went to pay at the store earlier which rejected once, second time it worked. App is on pending for one of the payments. Can you please remove one of them as it's wrong and clearly was declined?",Disputes
"In reviewing my statement, I show I have two charges for the same purchase at the same time, which I have not made in duplicate? How do I get this solved?",Disputes
"Looks like my card payment was made twice by mistake. I paid at the store earlier which rejected once, second time it worked. App stays at pending for one of the payments. Can you please remove one of them as it's wrong and clearly was declined?",Disputes
"Looks like my card payment was duplicated after all. I went to pay at the store earlier, got declined once,second time it works. App still stays pending for one of the payments. Can you please remove one of them as it's wrong and was declined?",Disputes
I was charged twice for a few things this week when I only bought one. What do I do?,Disputes
"I have been double charged for a couple of things this week, and would appreciate a refund for the duplicate charges.",Disputes
How do a reverse a duplicated charge?,Disputes
The first payment I attempted for my card at the store earlier did not process so I had to make a second attempt. The second time it worked. It now appears I was charged twice. After looking at the app I see a pending charge. Please remove the pending amount because it is clearly not accurate and was declined.,Disputes
I've got a repeated tranasaction on my card.,Disputes
I got charged twice,Disputes
I have a transaction showing up more than once.,Disputes
Can you explain the various transaction times shown on my statement?,Disputes
I was charged too many times for one transaction.,Disputes
Who should I talk to or go to resolve a duplicate charge on my statement?,Disputes
Why was I charged twice for the same transaction?,Disputes
Looking at my statement I see that I was double charged for a payment I made.,Disputes
I have been charged twice for the same thing!,Disputes
I think I was charged double for something I bought - how long should I wait before reporting this?,Disputes
Why is there a payment showing twice?,Disputes
A duplicated payment was made for something.,Disputes
Why is there are there two of the same transaction?,Disputes
My account seems a bit off and getting weird charges.,Disputes
I have have multiple charges for one transaction.,Disputes
Hello. I just noticed I was charged two times for a restaurant I visited this week. Can you reverse the additional charge?,Disputes
where exactly does money come from,Account
Where did my money come from?,Account
Can I check to see where the funds came from?,Account
What are the sources for the funds in my account?,Account
need to know where money comes from,Account
Show me how to look at the source of my current funds?,Account
Can I trace where my funds came from?,Account
I have to verify my source of funds.,Account
who can put money in my account?,Account
Can I see where my money came from?,Account
My source of funds need verification.,Account
What source do my fund come from?,Account
Can you tell me where my readily available cash has come from?,Account
I would like to know where my source of funds came from.,Account
What is my source of funds?,Account
where to i get my funds from?,Account
"I need to know this, where do my funds come from?",Account
What information do I need to see my source of money?,Account
How will I know where my funds are coming from?,Account
How can I tell where the money came from?,Account
Is there a way to view the history on where my funds came from?,Account
Can I see the source of my available money?,Account
I require verification for my source of funds.,Account
what is source of my money,Account
How can I look at where my available cash is coming from?,Account
Where can I find information about where my money came from?,Account
Where can I see where funds came from?,Account
Who is giving me my money?,Account
Where do I go to see the source of my available money?,Account
Is there a way for me to check my balance?,Account
I need to know where do my funds come from,Account
Where do my available funds come from?,Account
What kind of security protects my money?,Account
Can you tell me how I would go about learning where my funds came from?,Account
Can I track history on funds?,Account
where can I see who sent me funds,Account
What do I need to do to verify my funds?,Account
My source of funds require verification.,Account
"my money, where is it coming from?",Account
I need to know where my funds come from.,Account
I would like to know where the funds are at.,Account
help me find where this money came from,Account
What do I need to see my source of money?,Account
Is there a way to see where my money originally came from?,Account
where are the transfers originating,Account
How do I verify my source of funds?,Account
I want to know where my money comes from.,Account
I need to verify the source of funds.,Account
How do I verify the source of my funds?,Account
How can I lookup the source for my available money?,Account
I need to see where my money came from.,Account
Are there steps to see where my funds come from?,Account
I would like to verify my source of funds.,Account
How do I find out where my funds came from?,Account
Can I see where my money is being transferred from?,Account
I would like to know how to work out where my funds came from?,Account
Where can I see where my funds came from?,Account
Is there a way to tell where the money came from?,Account
need to verify source of funds,Account
How do I know where my money comes from?,Account
How can I find the source for my available funds and money?,Account
Why do I need to verify my funds?,Account
My funds must be verified,Account
how do i track the moeney,Account
What is the source of funds for my money?,Account
How do I know where my funds come from?,Account
Can you tell me how to tell where my funds come from?,Account
Can I see my available money?,Account
is there a way to see where funds come from,Account
Is there a way to see my money's source?,Account
Please verify my source of funds.,Account
I must verify the source of my funds,Account
where can I get the info for my funds,Account
Can you tell me where my funds come from?,Account
Is there a way to lookup where funds came from?,Account
Verify my source of funds?,Account
How can I prove the source of my funds?,Account
How can I know where did my funds come from?,Account
How can I receive verification for the source of my funds?,Account
where is this money from,Account
How can I tell the source for my available funds?,Account
I need to verify my funds.,Account
How do I see my source of funds?,Account
I require verification of my source of funds.,Account
Where do my fund come from?,Account
I want to know the source of my funds.,Account
where can i see money source?,Account
where did my funds come from?,Account
i need to trace a deposit,Account
How can I find out the source of my available cash?,Account
can i see money source?,Account
Where can I find out where my funds came from?,Account
Show me the source of my money.,Account
Where can I find my fund information?,Account
How do I find out my source of funds?,Account
How do I know where the funds come from?,Account
Please explain to me how to know where my funds are from.,Account
Where is my top-up generated from?,Account
Where did my deposit for my source of funds come from?,Account
Can I see where my funds come from?,Account
Where can I check out the source of available funds in my account?,Account
Can someone please explain to me where my source of funds came from?,Account
want to know where funds come from,Account
Where can I check to see where the money in my account came from?,Account
How can I find out where the funds are flow?,Account
What do I do to verify my source of funds?,Account
I'd like to know where my funds come from.,Account
How can I check to see where my funds come from?,Account
is there a way i can see source of money?,Account
How can I verify my source of funds?,Account
Where do my funds originate from?,Account
What is the source of the money in my account?,Account
How do I see the source of my money?,Account
How long am I to wait before the transfer gets to my account?,Transfers
Will the transfer show up in my account soon?,Transfers
What time will a transfer from the US take?,Transfers
When will the money reach my  account?,Transfers
How long does it take to get my money,Transfers
When does my transfer from the US arrive in my account?,Transfers
"I desperately need to transfer something from China, Please give me the wait time.",Transfers
I am yet to receive the money in my account how long will this take?,Transfers
Does a US transfer take long,Transfers
How long will this transfer from europe take?,Transfers
Will I see the transfer in my account within the week?,Transfers
How long should I have to wait before I see the transfer in my account?,Transfers
When will my transfer post to my account?,Transfers
How long does a European transfer take?,Transfers
How many days do I have to wait for the transfer to reach my account?,Transfers
I am waiting for the money to enter my account. How long does it take?,Transfers
How long will an urgent transfer from China take?,Transfers
How long do transfers from Europe take?,Transfers
I have to quickly transfer something to China. How long will it take to arrive there?,Transfers
How long will I have to wait for my money to be in my account?,Transfers
"In the US, how long is the wait for a transfer?",Transfers
Where is my money transfer?,Transfers
How long does a transfer take to reach one's account.,Transfers
Where's the money from my transfer from Europe?,Transfers
How long will a transfer from Europe take?,Transfers
There is an urgent thing that I need to transfer from China. Approximately how long will it take?,Transfers
I need to transfer funds from China and quick expedition is crucial. Approximately how long does it take for a transfer from China to go through?,Transfers
How long will a transfer from the US take?,Transfers
How long do I wait for a transfer from the United States?,Transfers
What is the timeframe for a transfer in Europe?,Transfers
How long do I have to wait for a US transfer?,Transfers
"I have been waiting for my transfer, shouldn't it be here already?",Transfers
How fast can I transfer something from China?,Transfers
"My Bank is in Europe, how long will the transfer take?",Transfers
I urgently need to transfer something from China. How long can I expect it to take?,Transfers
How many days does it take for a transfer to go through?,Transfers
When will the money show in my account?,Transfers
what is the average wait for transfers,Transfers
How long until the transfer is reflected on my account balance?,Transfers
How long do I have to wait for Europe transfers?,Transfers
When can I use money sent to my account?,Transfers
How long does a transfer from the US take?,Transfers
How long is the transfer?,Transfers
"I've made a transfer, how long until the money reaches my account?",Transfers
"I'm waiting for a transfer from the US, how much longer?",Transfers
What is the estimated time on an urgent transfer from China?,Transfers
Can you please tell me how long it takes for the transfer to be available.,Transfers
Can I quickly send a transfer from China?  How long will it take?,Transfers
What is the wait time until money reaches my account?,Transfers
How long does it take for a transfer to show up in my account?,Transfers
When will my transfer be in my account?,Transfers
How long does it take in Europe to do a transfer?,Transfers
What's the wait time for European transfers?,Transfers
What is the time period for money to be transferred?,Transfers
When can I expect money to be transferred to my account?,Transfers
"How long does it take to transfer from china? Is there a way to transfer it quickly, I need it urgently?",Transfers
I need to transfer something to China. It is urgent. How many days will it take to get there?,Transfers
I need quickly transfer something from China. About how long will it take?,Transfers
I need a quick transfer from China.  How long would that take?,Transfers
How long until transfers from Europe go through?,Transfers
"I have a transfer from the US, How long is the wait?",Transfers
How do i transfer something faster than normal?,Transfers
"I need to transfer something from China, How long will it take?",Transfers
It's been a couple days how much longer do I have to wait for my transfer?,Transfers
When can I expect the transfer to be complete?,Transfers
How long do European transfers take?,Transfers
Why hasn't the transfer shown up in my account yet?,Transfers
When will the money from a transfer be made available on my account?,Transfers
How long does it take for a transfer to be in my account?,Transfers
"If I need to transfer something quick from China, how long does that take?",Transfers
"I just did a transfer, but don't see the money in my account. What's up?",Transfers
How quickly can I transfer something to China?,Transfers
How long will it take the money to appear in my account?,Transfers
How fast are transfers from Europe?,Transfers
"I need to make a transfer from Europe, how many days does this take?",Transfers
What is the longest a US transfer should take to appear in my account?,Transfers
I need to urgently transfer something from China. How long will it approximately take?,Transfers
"I need to transfer something ASAP from China, how long will it take to post to my account?",Transfers
How long will it take for the money to reach my account?,Transfers
When will my transfer from the US get here?,Transfers
"I transferred money from the US, How long does it take?",Transfers
"I need some money transferred ASAP, how long does the process take?",Transfers
How long will a transfer take from Europe?,Transfers
When can I expect my transfer to reach my account?,Transfers
What is the estimated wait time on a US transfer into my account?,Transfers
How long will it take to transfer something to China urgently?,Transfers
How long does it take transfers from Europe to complete?,Transfers
I must make a transfer from China and it is urgent. How long before the transfer is complete?,Transfers
When will my account receive the money?,Transfers
There is an urgent transfer I need to make from China.  How long will it take to get it processed?,Transfers
How long will a transfer from China take? I need to transfer something from there.,Transfers
Help! I need to transfer something to China.,Transfers
"Its been 3 days, How long will my transfer take to get to my wallet?",Transfers
How many days until my US transfer arrives?,Transfers
How long will it take to transfer something from China?,Transfers
"I must quickly transfer something from China, and I need to know how long it will take.",Transfers
how long does a US transfer take,Transfers
How long will it take to transfer from europe?,Transfers
how long does it take for a transfer from Europe to go through?,Transfers
When can I expect the transfer to arrive in my account?,Transfers
When will a transfer from the US post?,Transfers
"I'm having money transferred from Europe, how long will this take?",Transfers
When will my money be in my account?,Transfers
Will it take more than 3 days for my transfer to reach my account?,Transfers
What is the time frame for european transfers?,Transfers
When will I receive a transfer from europe?,Transfers
How long will it take to urgently transfer something to China?,Transfers
Can I transfer something urgently from China? How long does it take?,Transfers
How long does it take to get money from Europe?,Transfers
What's the transfer time from Europe?,Transfers
When will my transfer arrive from Europe?,Transfers
Estimated time arrival for transfers?,Transfers
What are the time frames for the money to be available in my account?,Transfers
How long does it take for the money to show up in my account?,Transfers
what is the time frame for transfers,Transfers
"If I get a transfer from Europe, how long until it is in my account?",Transfers
When will the money be made available in my account?,Transfers
How long does it take for a transfer to reach my account?,Transfers
What is the estimated wait time for transfers from the US?,Transfers
What is the length of time for money to reach the account?,Transfers
When can I expect a transfer from Europe to go through?,Transfers
Why hasn't my transfer from Europe gone through?,Transfers
Transfers from the US how long will the wait be?,Transfers
What is taking so long on my transfer from the US?,Transfers
How long does transfer from the US take?,Transfers
How long does a transfer transaction take?,Transfers
How long does it take to make an urgent transfer from China?,Transfers
Money transfer help? How long?,Transfers
I wanted to purchase something online but the payment was returned back to me. This has been going on for a couple of weeks. Please tell me what is going on here?,Disputes
"I tried to use my debit card, but the payment did not work.",Disputes
"Hi, I had an issue with my card payment and It shows on my account that my payment went through. Then I got contacted from the seller saying ""they did not receive my payment"" then the payment was returned to my account. so I would like to see why it did that please.",Disputes
I think my card payment has been reverted,Disputes
Tell me why my card payment would be reverted.,Disputes
Why has my card payment been reversed?,Disputes
I didn't cancel my card payment.,Disputes
Can you tell me why the card payment came back?,Disputes
How come the money from the merchant appeared back into my account?,Disputes
My payment was terminated,Disputes
I think my card payment has been refunded,Disputes
I made a payment and it was reverted and wanted to know why?,Disputes
Is it on purpose that my payment has been returned to my account?,Disputes
The app reverted the payment I made.,Disputes
Why would my payment have been returned to my account?,Disputes
I bought something and already paid for it but now I don't see it.,Disputes
"I really wanted to buy something online but seems the card is not working as the payment suddenly came back! What's going on here, I've been trying for a good week or two.",Disputes
My payment has been cancelled,Disputes
I made a payment but it was returned.,Disputes
My card payment has been cancelled,Disputes
I made a payment with my card that was cancelled?,Disputes
"Hey a seller just contacted me that my money didn't come through. It was definitely deducted from my account, but now it appears it's back with me! Sort this out asap please.",Disputes
My payment didn't work and the money is in back in my account.,Disputes
The payment I made with my card is not showing up.,Disputes
"Hello,  I noticed the money for an item I purchased online and have already received has been returned to my checking account. Was there an issue with the merchant accepting my payment? Or, possibly, with the bank sending it?",Disputes
My payment came back for something i'm trying to buy online? it's been doing it for two weeks.  do you know what the issue is?,Disputes
It looks like my card payment might have been reverted.,Disputes
Why has my payment been reversed?,Disputes
I was refunded the money for something I bought already.,Disputes
I already got my item but just got my money back,Disputes
I believe that a card payment I made was cancelled.,Disputes
Why would my card payment be cancelled?,Disputes
"I dont know what happened, but my payment was cancelled",Disputes
The card payment didn't work,Disputes
why did my payment revert,Disputes
"I would like to make a purchase, however my card has been declined. I would like to ask the reason for this. The past two weeks, the card has been working fine.",Disputes
I made a payment but the app cancelled it.,Disputes
The app reverted my recent payment,Disputes
Why would my card payment get reverted?,Disputes
I believe my card payment were reverted,Disputes
"My card has an issue, the payment has been deferred.",Disputes
Under what condition will my payment revert?,Disputes
"My card payment was reverted, why?",Disputes
What should I do if my card payment was cancelled?,Disputes
What reasons would cause my card payment to be cancelled?,Disputes
Is my card payment reverted?,Disputes
I had a payment reverted and would like to figure out why.,Disputes
"I just checked and my payment was cancelled, why?",Disputes
My money is back in my account after a seller contacted me stating they never received payment. I am positive it was deducted out of my account. Please get this sorted out right away.,Disputes
HELP. My account has been deducted already and the Seller says they haven't received the money yet? When can they expect it?,Disputes
Seems like my card payment has been cancelled,Disputes
Can you please tell me why my card payments are not going through when I try to buy something online? When I put in my card payment it takes it but it comes back a while later.,Disputes
I was checking my statement and I think one of my card payments has reverted,Disputes
Why isn't my payment showing?,Disputes
What happens when a payment is reverted?,Disputes
I received a message from a seller stating they hadn't received my money even though it definitely came out of my account. The money has now been deposited back into my account. Please get this resolved as soon as possible.,Disputes
I cancelled my card payment,Disputes
"Ive been trying to use my card for two weeks now to purchase somethings online but nothing is going through. It keeps returning my payment to my account. There shouldn't be anything wrong with my account, is it the card?",Disputes
I used my card to make a payment and wondered why the payment was reverted?,Disputes
"I bought something and received it, but the payment went back to my account. Is the seller okay?",Disputes
Looks like my card payment was cancelled.,Disputes
why would a merchant refuse a payment,Disputes
How do I fix a payment that was reverted,Disputes
I just found out from the seller that my money didn't go through. I checked my account and it was deducted at first but now it's back in my account. Can you  please fix this for me quickly?,Disputes
The seller just told me he didn't get paid. After reviewing my account it did subtract the balance but now it has added it back to my account. I need you to please take care of this promptly.,Disputes
My card payments have stopped.,Disputes
My card payment was cancelled it seems.,Disputes
Why was a payment I made reverted?,Disputes
"I need help to resolve mix up on my card payment. My account shows the money was taken out and then put back in the account. Then I received a message from the seller, It said that they did not get my payment.",Disputes
Was my transaction reverted with my card?,Disputes
"My payment was put back, I think.",Disputes
"I've got a problem - I purchased an item maybe a week or two ago, but to the payment came back to my account! I've already got what I ordered, so why are the payment funds showing up in my account?",Disputes
I think my card payment was cancelled. What happened?,Disputes
"I had a seller reach out to me saying my money didn't come through to them, but I'm sure it was removed from my account. Can you figure out what the deal is here?",Disputes
What does it mean if it says my card payment has been cancelled?,Disputes
Why was a payment cancelled on my account?,Disputes
Card payment has be declined.,Disputes
Why is a payment I made reverted back to my account?,Disputes
My payment has been returned.,Disputes
What does it mean if my payment has been reverted?,Disputes
I made a payment but the app gave the money back.,Disputes
I purchased something about one to two weeks ago but for some reason the payment was returned to my account today even though I've already received one of the items. Can you tell me what's going on?,Disputes
"I've got a problem - I bought something with my card one or two weeks ago, but now exact same amount of the purchase is showing up in my account. I like more money in my account, but this is too good to be true. Can you tell me what's happening?",Disputes
I think a card payment I made was cancelled.,Disputes
"I have an issue. I bought something within the past one to two weeks and have received one of the products; however, today the total was returned to my account. What's going on here?",Disputes
Why did you cancel my card payment?,Disputes
I did a payment but it was reverted by the app,Disputes
My payment has not been accepted.,Disputes
Unknowingly to me the payment sent to seller has been redeposied back in my account. I do not know why it would take out the payment and then put it back in my account. Can you resolve this as soon as possible?,Disputes
Can you tell me why my card isn't letting me make purchases online? It's been 2 weeks I've been trying.,Disputes
Why did my payment not go through why did it cancel?,Disputes
"Hi, I am trying to buy something online, but i think there is some issue in my card. As payment is reverted. Please help me in this as i am facing the same issue from last two weeks.",Disputes
What is the reason for my card payment to be reverted?,Disputes
My card payment's cancelled,Disputes
What does it mean if my payment was reverted?,Disputes
Please help me with my card payments which keeps getting reverted whenever i do online shopping. I am having this problem since last two weeks.,Disputes
Why did my payment go back to my account when I bought something?,Disputes
Why is my card payment cancelled?,Disputes
"Hello, I was contacted by a seller who let me know my money didn't come through on their side. It most certainly came out of my account so I need this looked at immediately because now it has been returned to me!",Disputes
has my card payment been reverted?,Disputes
I have cancelled payments to this card.,Disputes
"There's a problem - I bought something about a week or two ago but just today the payment somehow came back into my account! I already received the item though, what's going on here?",Disputes
I see a reverted payment on my account. Why has this happened?,Disputes
I think the payment from my card was revereted,Disputes
I think my card payment was reverted,Disputes
How come I can't find my payment?,Disputes
I tried to buy something online but my funds were transferred back to my account. What is happening?,Disputes
I received a returned payment that I made.,Disputes
Why did the funds for one of my purchase come back to my account?,Disputes
Why would the app revert my payment?,Disputes
It looks like my card payment was sent back.,Disputes
Can you tell me why my card payment was cancelled?,Disputes
"I purchased something and already received it, why hasn't the money taken out?",Disputes
One of my card payments has reverted,Disputes
I was just contacted by a seller that let me know they didn't get my money even though I'm very sure it was removed from my account. Now it's back in my account. Get this resolved quickly.,Disputes
My card payment has not been withdrawn from my account,Disputes
My card payment was reverted,Disputes
I just got refunded for my purchase over two weeks ago,Disputes
Please tell me why the purchase I made online returned payment. I really wanted this item and I've been trying for 2 weeks.,Disputes
I paid two weeks ago and just got refunded,Disputes
My card payment was cancelled.  Why?,Disputes
"I seem to have a problem here, I bought something about a 2 weeks ago and just now received the payment back into my account and I've already received the item. Can you tell me what is going on here?",Disputes
Why has my money been returned back to my card.,Disputes
Why would my card payment be reverted?,Disputes
"I've got a weird problem: I purchased something a week or maybe it was two weeks ago, and the funds have come back into my account! Can you explain this?",Disputes
"I purchased something and the seller hasn't received the money yet, but it has been deducted from my account.",Disputes
I think a payment I made with a card was cancelled.,Disputes
I notice that I have a card payment that's been cancelled.,Disputes
why was my payment reverted on the app,Disputes
I did a payment but the app cancelled it.,Disputes
I am not able to make a purchase because there is an issue with my card,Disputes
Explain why a card payment would be cancelled?,Disputes
What happens if my card payment is cancelled?,Disputes
Why would a merchant revert my payment?,Disputes
What happens if a merchant doesn't accept  you payment?,Disputes
"My card payment reverted back, I think.",Disputes
I sent a payment but now it's not showing up.,Disputes
How can I tell if my card payment is reverted?,Disputes
"I'm not sure what is going on here. I've received payment back into my account  for an item I've already received, from about 2 weeks ago.",Disputes
Why was my card payment reversed?,Disputes
Why have I received a rebate for my payment after a week?,Disputes
"Around one or two weeks ago I purchased something but there's seems to be an issue. I have already received one of the items, but today the money was placed back into my account. What is happening?",Disputes
Why wasn't my payment accepted by the app,Disputes
Why would a merchant revert a card payment?,Disputes
"Hi, I am facing issue with my card payment while shopping online as payment is getting reverted. I am struggling with this issue around two weeks. Please advise.",Disputes
"I cannot seem to buy something online with my card? the payment comes back, what's going on?",Disputes
Did a card payment that I made get cancelled?,Disputes
"I think a card payment I made was cancelled, can you check?",Disputes
A seller is stating that they haven't received money yet when the money has already deducted from my account.,Disputes
I an not sure but it looks as if a card payment I made was cancelled.,Disputes
The money is still in my account even though I already paid -- I don't understand what happened.,Disputes
My card payment might have been reverted.,Disputes
"I noticed my card payment was cancelled, can you tell me why?",Disputes
I am not able to purchase anything online! I have been using my card on multiple sites over a period of two weeks and none of the payments have gone through. Why is this happening?,Disputes
I believe my card payment has reverted,Disputes
What do I do if my payment was reverted?,Disputes
My payment was stopped,Disputes
My payment was cancelled,Disputes
My payment did not go through because the app reverted it,Disputes
Was my card payment reverted?,Disputes
Is it possible that my card payment was reverted?,Disputes
Is it possible for me to change my PIN number?,Account
What are the steps to change my PIN to something else?,Account
In what way can I change my PIN and where do I need to be?,Account
Can I change my PIN at any cash machines?,Account
I need to make my card PIN a different number,Account
Can I change my PIN abroad?,Account
Do I have to go to the bank to change my PIN?,Account
If I want to can I set up a new PIN?,Account
Do I have to go into the bank to change my PIN?,Account
Can I change my PIN at my local bank?,Account
"If I wanted to change my PIN, how would I do that?",Account
If I want to select a new PIN what do I do?,Account
How can I change my PIN without going to the bank?,Account
Do I need to speak to a representative to change my pin?,Account
Can I pick a new PIN?,Account
Where can I update my pin number?,Account
Can I change my PIN remotely?,Account
I need to change my card PIN.,Account
If i want to change my pin number can I directly from an ATM?,Account
Are there any specific cash machines that I have to go to in order to change my PIN?,Account
Can I change my PIN at any ATM?,Account
Can I change my pin at an atm?,Account
Can I change my PIN without being physically present?,Account
Can you tell me how to change my PIN?,Account
I want to choose a new PIN.,Account
Is there a way yo change my PIN?,Account
Can I change my PIN?,Account
Do I need to go to a physical bank to change my PIN?,Account
What cash machines will let me change my PIN?,Account
Do I need to go to an office to change my pin?,Account
Which ATM's am i able to change my PIN?,Account
Can I change my PIN without going to a bank?,Account
Can my PIN changed remotely without visiting a bank?,Account
Which countries can I change my PIN in?,Account
Can I change my pin through the app?,Account
I want a new PIN please.,Account
Can I change my PIN at a nearby ATM when in Spain? I think someone saw my PIN and I need to change it but am on vacation.,Account
Please help me set up a new PIN.,Account
I have been travelling overseas and I need to change my PIN. Can you tell me how this is done?,Account
Is there a location where I can change my PIN?,Account
I am on vacation in Spain and need to change my pin.,Account
How can I change my PIN even though I'm out of the country in Austria at the moment?,Account
Can I change my PIN in Austria?,Account
Can I change my in at all ATM's?,Account
I'm travelling abroad but I've run into a situation where I need to change my PIN immediately. Can I do this from here?,Account
I must change my PIN as soon as possible.,Account
"I think my pin has been compromised, what do I do?",Account
Where do I need to go to change my PIN?,Account
Do I have to change my PIN at a bank?,Account
Can I change my PIN on my phone?,Account
Help me with a PIN change.,Account
I want to change my PIN - do I need to be in a bank?,Account
How do I change the PIN?,Account
Where can I change my PIN?,Account
Change my pin?,Account
Can you tell me where  can change my PIN?,Account
Can I change my pin at a cash machine?,Account
Is it possible to change my PIN?,Account
I really need to know how to change my pin.,Account
Is going to a bank only way to change my PIN?,Account
How can I reset my PIN?,Account
Is it possible to change my pin if i am out of the country?,Account
How can I set a new pin.,Account
"I think someone saw my PIN and I am on vacation in Spain, can I change it locally at an ATM?",Account
Are there cash machines where I can change my PIN?,Account
"I can't freeze my account as I need the card as I am traveling, how do I change my pin?",Account
How do I change my card PIN?,Account
"While on vacation in Spain I think someone saw my PIN and I now need to change it, can I do this at an ATM in Spain?",Account
How do I go about changing my PIN?,Account
Am I able to change my PIN at certain cash machines?,Account
Your ATM pin can be changed at any VISA or MasterCard ATM with PIN services. Certain countries don't support ATM pin changes.,Account
I am on vacation in Spain and think someone saw my pin when… Can I change it at a local ATM?,Account
I'm on vacation in Europe but I desperately need to change my PIN. Can I do this from abroad?,Account
Can I reset my PIN?,Account
At what cash machines can I change my PIN?,Account
I want to change my PIN.,Account
What steps do I have to take to change my PIN?,Account
I want to change my pin number from an ATM. Is this possible?,Account
I would like to change the the PIN on my card.,Account
"I'm in Austria right now, but I really need to change my PIN right now. Can I do this even though I'm in another country?",Account
How can I alteration my PIN?,Account
I want to create a new pin.,Account
May I change my PIN?,Account
Please help me change my PIN.,Account
Set a new PIN please.,Account
Can I change my PIN online?,Account
How do I change my PIN abroad?,Account
How can I change my Rowlock ?,Account
How can I change my old pin to a new one?,Account
Changing my PIN,Account
Can I get a new pin number at any ATM using my card?,Account
Please let me know how to change my PIN?,Account
Can I change my PIN without going to a bank branch?,Account
Tell me how to setup a new PIN.,Account
Can my PIN be changed in any cash machine?,Account
Can you tell me what I need to do to have my pin changed?,Account
Am I allowed to change my PIN anywhere?,Account
I want to replace my current PIN.,Account
Help me change my PIN.,Account
Are their certain cash machines where I can change my pin?,Account
"
Which cash machines will allow me to change my PIN?",Account
How can I change my PIN?  Help.,Account
Do you know how to change my card PIN?,Account
Where do I go to change my PIN?,Account
How do I change my pin while traveling?,Account
Can I change my PIN if I want to?,Account
What ATMs will allow me to change my PIN?,Account
"Your card pin can be changed at any Visa or MasterCard ATM with Pin services, excluding countries such as Belgium, Luxembourg, Austria, Germany, Spain, and France.",Account
Do I have to go to an actual bank to change my PIN?,Account
"Can I change my pin at ATMs?  If so, what ones?",Account
Can I change my card PIN?,Account
Which atms allow me to change my pin?,Account
Is there a way to change my PIN without having to go to the bank?,Account
Tell me what ATMs allow me to change my PIN.,Account
Can I change my PIN on holiday?,Account
What is the process to change my PIN?,Account
Please tell me how to change my pin.,Account
At what ATM can I change my PIN?,Account
"If I am not in the country and I need to change my PIN, how can this be done?",Account
What do I have to do to change my pin?,Account
Can I change my pin number at a cash machine?,Account
is there something blocking me from making transfers,Transfers
What are the reasons for my beneficiary not being allowed?,Transfers
Is there something wrong with the transferring functions? I keep trying to transfer funds and only get an error message.,Transfers
What are the reasons a beneficiary would be denied?,Transfers
A transfer to my account was denied.,Transfers
Why was I not allowed to do a transfer to a beneficiary?,Transfers
I got a message that my transfer is not possible.  What is happening?  I need this to go through please.,Transfers
What is the reason for my beneficiary to be disallowed?,Transfers
Can someone explain why I'm getting a message on my screen saying my transfer isn't possible? I've done several in the past and haven't had a single problem until now. What's going on?,Transfers
I tried transferring to an account but it won't let me.,Transfers
It's not letting me transfer money to my beneficiery.,Transfers
My transfer to an account failed.,Transfers
Why is my beneficiary not allowed?,Transfers
For some reason I am unable to preform a transfer to a beneficiary.,Transfers
My beneficiary is not allowed?  Why?,Transfers
I tried to transfer funds to a beneficiary and was denied. Can you tell me why?,Transfers
What is the reason I couldn't do a transfer to a beneficiary?,Transfers
I got a message that I cannot name X as a beneficiary.,Transfers
Why am I not allowed to add a certain beneficiary?,Transfers
Why can't my beneficiary access my account?,Transfers
I'm trying to purchase crypto via the app. I haven't been able to get it to go through. Am I doing something wrong?,Transfers
Hello - I'm on the app and trying to purchase crypto. It's not going through. What am I doing wrong?,Transfers
My beneficiary didn't receive my transfer,Transfers
why didnt a transfer to my account process,Transfers
Why can I not do a  transfer,Transfers
Why didn't my transfer to a beneficiary go through?,Transfers
"For some reason, I'm unable to transfer funds.",Transfers
Why has my beneficiary been denied?,Transfers
I need to transfer to my account and cant.,Transfers
Why am I not allowed to transfer money to my cryptocurrency exchange?,Transfers
what are the reasons why you would not be able to process a payment,Transfers
Why can't I transfer to another account?,Transfers
Are there restrictions to transfers to certain accounts?,Transfers
Please tell me why I am having problems transferring to a beneficiary.,Transfers
I wanted to purchase some crypto. The app will not let me. What's going on here? I really want to make this exchange.,Transfers
My attempted transfer keeps kicking back with an error message.  Could you please help me to resolve this?,Transfers
i tried to do a transfer to an account but it didn't work,Transfers
I just got an error message saying my transfer is not possible? Why is that? I've transferred money before and it worked without problem,Transfers
Why is my beneficiary being denies?,Transfers
Why does my transfer keep generating an error message?,Transfers
I want a reason as to why my beneficiary is not allowed?,Transfers
"Hi, I am interested buying crypto currency but unable to purchase it through the application. I do want to do the exchange, Could you please let me know what is the problem?",Transfers
Why can't a beneficiary receive a money transfer from me?,Transfers
Why won't my transfer to another account work?,Transfers
My account transfer was not cleared.,Transfers
"I am getting an error stating my transfer is not possible while transferring money. Let me know the issue as its the first time i am getting error, earlier it used to work.",Transfers
I wasn't able to do a transfer to an account,Transfers
Why would a transfer to an account not be allowed?,Transfers
why is a transfer to beneficiary not possible?,Transfers
Why did my transfer to a beneficiary fail?,Transfers
Explain why I can't do a transfer to an account.,Transfers
Why can't my beneficiary get access?,Transfers
I'm suddenly getting an error while attempting a transfer that it isn't possible. Why? I've done it before.,Transfers
I cannot make a transfer to another account.,Transfers
Why can't I transfer money to a beneficiary,Transfers
why didnt my account allow a transfer,Transfers
are transfers to a beneficiary possible,Transfers
Why are you not accepting my transfer!! I've tried a couple times already now and it just keeps showing an error message,Transfers
Will a beneficiary not accept a transfer?,Transfers
Why would a transfer to a beneficiary not go through?,Transfers
For what reason can I not transfer money to a beneficiary?,Transfers
What happens when a beneficiary can't receive my transfer?,Transfers
i tried to transfer cryptocurrency into my account but was denied,Transfers
Why wasn't my payment to beneficiary X approved?,Transfers
My transfer to a beneficiary did not go through.  Why?,Transfers
I really was trying to complete this exhange. I was trying to purchase some crypto but the app won't allow me to do it. Can you tell me what's going on here?,Transfers
Why won't you let me name X as a beneficiary?,Transfers
Why couldn't I transfer funds to my beneficiary?,Transfers
Why can't I transfer money to a beneficiery?,Transfers
Am I allowed to transfer money to a beneficiary?,Transfers
Why didn't my transfer to a beneficiary happen?,Transfers
A transfer was not allowed to an account.,Transfers
Why can't I use this beneficiary?,Transfers
"I want to transfer money to a beneficiary, but I couldn't.",Transfers
My funds are not transferring to my bank. Why is this not working?,Transfers
Just received a message that my transfer is not possible??  What is going on.  I have done this before with no issues.,Transfers
I am trying  to  transfer and  it has been  stopped why is  that,Transfers
"This is frustrating, I'm at work and my transfers are not going through. I keep getting an error message, I do not have time for this.",Transfers
I am trying to complete a transfer but I keep getting an error message.,Transfers
"I normally have no issues making transfers, so why am I suddenly being told it is not possible?",Transfers
My account did not allow the transfer.,Transfers
"Why is my transfer not working? I tried multiple times to transfer money, and all that happens is an error message pops up.",Transfers
Why was my transfer stopped ?,Transfers
Why is allowance not being given to my beneficiary?,Transfers
I have been trying to exchange this for crypto but the app won't work could you please help me?,Transfers
The transfer to my account was not allowed.,Transfers
My beneficiary is unable to transact,Transfers
I need to move money to another beneficiary. Why is it not working?,Transfers
I don't understand why you aren't accepting my transfer. After a couple times trying I'm still getting an error message.,Transfers
the transfer to an account wasn't allowed is there any other way for me to do it,Transfers
I was unable to transfer money to a beneficiary.,Transfers
Why can't I use my beneficiary?,Transfers
Why is this beneficiary being rejected?,Transfers
"I have to transfer money over to my mother, and I have tried numerous times and all that keeps happening is error messages.",Transfers
why did my account decline a incoming transfer,Transfers
Why will my transfer not go through?!  Keep getting an error message.,Transfers
My transfer to a beneficiary was rejected.,Transfers
The transfer to my beneficiary has not gone through,Transfers
I wasn't allowed to transfer to my account,Transfers
I was trying to purchase some crypto and the app won't allow me to do it. What's the deal with this? I really wanted to complete the exchange.,Transfers
I have made several unsuccessful attempts to make a transfer.  I'm getting frustrated at getting error messages and it not going through.,Transfers
My money didnt go through after I transferred.,Transfers
I tried transferring to an account but it didn't go through. What happened?,Transfers
I cant transfer money into my account,Transfers
why can't my beneficiary make transactions?,Transfers
Why can't I add any beneficiary I choose?,Transfers
Why am I unable to transfer money when I was able to before?,Transfers
"Hello I am unable to exchange the crypto currency through the app, i am very keen to buy. Please let me know the issue.    interested buying crypto currency but i am unable to purchase it through the application,i do want to do the exchange, Could you please let me know what is the problem?",Transfers
Why is a transfer to a beneficiary not possible?,Transfers
Can you please explain why my beneficiary is not allowed?,Transfers
"I tried transferring money to a beneficiary, however, I was unsuccessful.",Transfers
The app won't let me transfer money to a beneficiary,Transfers
Why can I not do a transfer to a beneficiary?,Transfers
why wasn't a transfer to account approved,Transfers
"I was trying to make a transfer and got an error message telling me it was not possible to make the transfer. This has never happened before, what happened?",Transfers
Why is my beneficiary not being allowed to get payment services?,Transfers
"I have tried to submit a transfer a couple of times now, and for some reason, it continues to be unsuccessful. Do you know why this may be?",Transfers
Why can't I transfer to an account?,Transfers
I could not transfer funds to a beneficiary; is there a problem with your software?,Transfers
Why is my beneficiary not working?,Transfers
Why can't you allow my beneficiary?,Transfers
My transfer to another account was not allowed. Why is that?,Transfers
Why couldn't I transfer to a beneficiairy?,Transfers
I couldn't transfer to an account.,Transfers
My transfer failed to a beneficiary,Transfers
I was unable to transfer to another account.,Transfers
Why was I denied the option to transfer money to a selected beneficiary?,Transfers
I keep getting an error message when I'm trying to transfer funds! Why aren't you accepting that?,Transfers
Why is this not letting me exchange crypto? I need help making this transaction go through.,Transfers
I could not transfer to a beneficiary,Transfers
Why cant I transfer to my account?,Transfers
Why  am I being told this  transfer will not  go thru,Transfers
I couldn't transfer money to a beneficiery,Transfers
"While transferring money, its getting error out as my transfer is not possible. Please help me in this as earlier i was able to do it successfully.",Transfers
"Hi,  Is there any problem with app? As i am facing some issues with the exchange of crypto currency. I am extremely interested in buying.",Transfers
"Hi, I'm trying to by some crypto and the app isn't allowing it. I really want to exchange this, what am I doing wrong?",Transfers
My account transfer was blocked.,Transfers
What is preventing me from adding a specific beneficiary?,Transfers
"I couldn't transfer money to my bank, why not?",Transfers
Why cant I send money to a beneficiary?,Transfers
How can I transfer money to a beneficiary?,Transfers
It shows that the transfer on my account wasn't allowed.,Transfers
Could you please explain why I received a message that my transfer is not possible? I've never had any problems making a transfer in the past.,Transfers
Hi i received an error message informing me about the transaction failure. I have done the money transfer before and it never failed. Please let me know what is the issue this time.,Transfers
Why would I receive an error that my transfer isn't possible when I've done it before?,Transfers
My card isn't letting me purchase something and I wanted to know why.,Transfers
Why isn't my beneficiary allowed?,Transfers
is a transfer to a beneficiary allowed?,Transfers
What are then rules on beneficiaries?,Transfers
Why can't I buy cryptocurrency on the app?,Transfers
Payment did not process,Transfers
I've been trying to make a transfer and it hasn't gone through. Now I am receiving an error message.  What is the problem?,Transfers
I am having trouble transferring money to a beneficiery.,Transfers
"Why won't you take my transfer, I keep getting an error message.",Transfers
beneficiary transfer problems?,Transfers
Why would my beneficiary not be allowed?,Transfers
"I was transferring some money to a friend, which I thought would be free, but I see there is a charge.  What's up with that?",Transfers
"There is a fee for a transfer, please explain that to me.",Transfers
I didn't know there was a charge for tranferring. What is the charge?,Transfers
"I transferred money, why was charged for an extra fee?",Transfers
When I made a transfer I was charged extra.,Transfers
Is there a fee that comes with transfers?,Transfers
I shouldn't be charged any fee for transferring .,Transfers
I've been using my account while abroad for a while but only recently I've been charged a fee. Why am I only being charged a fee now.,Transfers
why am I being charged a fee for transferring money ?,Transfers
I transferred money from one account to another account and I charged a fee for it. Why is that?,Transfers
Why was I charged extra when transferring?,Transfers
During the last month I used this account to make payments for my place abroad. I noticed the fees have increased and I wonder why. Shouldn't frequent users have less fees as incentive to keep using instead of increasing them out of nowhere?,Transfers
Why did it cost money to transfer funds?,Transfers
What kind of fees will I pay when I transfer?,Transfers
My transaction went through but I was charged a fee. Why?,Transfers
"A transfer I sent was received in less than the full amount I originally sent, and now I have to send additional funds to cover the full amount. What happened?",Transfers
Should I be seeing a fee applied for my money transfer?,Transfers
Can you please tell me why I was charged an extra fee on my transfer?,Transfers
"I made a transfer and the receiver said an amount was received, but not exactly the same as the right amount. I now have to transfer more to get the remainder to the receiver. Can you alert me about this. What's been happening?",Transfers
"I made a transfer and the receiver said an amount was received, but less than the right amount. I now have to transfer more to get the remainder to the receiver. Can you tell me about this. What's been going on?",Transfers
Why is my transfer more expensive than I thought?,Transfers
Why am I being charged to transfer funds?,Transfers
I noticed additional charges when transferring?,Transfers
Why is there a charge for my transfer?,Transfers
I got charged a fee for transferring money.,Transfers
"I see a transfer fee, but to my understand, that should have been free, what happened?",Transfers
Why was I charged for transferring money?,Transfers
I found a transfer fee - is that correct?,Transfers
I did a transfer.  What is the extra fee?,Transfers
I got an unexpected charge on my transfers. How can I correct this?,Transfers
Why am I seeing a transfer fee on my bank statement?,Transfers
"I transferred money, but I think I've been charged a fee for it?",Transfers
Please explain the fee on a transfer I made.,Transfers
Why was I charged an extra fee when doing a transfer?,Transfers
"I was charged a fee for the transfer, but can you tell me why?",Transfers
"So I've been using my account frequently to manage payments for my vacation house in a different country, and now I'm getting hit with ridiculously high fees! What's with that? Ought not I be rewarded as a frequent user?",Transfers
I bought something online and it says there was a fee to transfer money. Isn't that free?,Transfers
There's something wrong on my bill. A transfer fee should never have been added.,Transfers
I did a transfer and was charged a fee that I shouldn't have been!,Transfers
Why are you charging me a transfer fee?,Transfers
Why was a fee changed for my transfer?,Transfers
"I made a transfer and the receiver did not get the right amount its lesser than what it should be,Now I have to transfer more money to make up for the missing amount . Can you please help me about this, what should be done",Transfers
Does transferring money have a fee?,Transfers
"Why did the person I transferred money to not receive the correct amount? What should I do to get them the right amount, do I have to transfer more money to them?",Transfers
Why is there a fee for my transfer?,Transfers
why is there a fee for the transfer I made?,Transfers
Why has transferring money resulted in a charge?,Transfers
Where did my extra fee for the transfer come from?,Transfers
How much do I have to pay if I want to transfer money?,Transfers
I thought transfers were free. Why was I charged to transfer?,Transfers
I made a transfer and was charged extra. Why?,Transfers
"I thought I can make transfers for free, this is not fair. I bought something online from abroad and there was some weird additional fee that I've never seen before?",Transfers
"I transferred some money recently and saw a fee on my account, what's that for?",Transfers
Is it normal to see a fee for transferring money?,Transfers
Transfers are supposed to be free.  I just got a fee tacked on  to something I bought abroad.  Not cool.  Figure out how to remove it.,Transfers
Why am I being charged for transfers? Are they not free?,Transfers
Why was I charged this extra fee while doing a transfer?,Transfers
why was i chargged,Transfers
Is there a money transfer fee?,Transfers
I was under the impression that transfers were going to be free and here I was charged for something I bought overseas!  I don't think this fee is right,Transfers
"I thought transfers were free, why was I charged?",Transfers
Why were there additional charges when I transferred funds?,Transfers
Are money transfers free?,Transfers
My transfer seems to be too expensive.,Transfers
who charged my card,Transfers
A receiver let me know that they didn't receive the full transfer I completed and that it was actually a bit less than what I sent. At this point I have to make another transfer to make up for the amount missing. Can you please follow up with what's going  on here?,Transfers
Could you inform me as to why I have been charged a higher fee for doing banking abroad.,Transfers
Someone that I had to send money to told me that they didn't receive the full amount I sent them - can you look into this?,Transfers
"I transferred 7,000 to a receiver outside the EU and they received a lesser amount than what I sent, Unfortunately, now I must send an additional transfer to the receiver so that they can receive the full amount I initially sent.  I'm not sure why they received a lesser amount than what I initially sen, but can you please look into this and let me know what happened?",Transfers
Extra charge during transfer,Transfers
I use my card internationally to manage payments and I just noticed that you are adding additional fees.  Why?  I am a good customer and this has me thinking about leaving.,Transfers
"I made a transfer and the receiver said they haven't actually received the right amount, but it's a bit less. Now I have to transfer more money to make up for the missing bit. Can you please alert me about this, what has been going on?",Transfers
I was informed that transfers were free. I noticed I have a fee but why?,Transfers
Will I be charged for transfers?,Transfers
what is this fee for transfering,Transfers
This isn't fair! I thought transfers could be made for free. I just made  a purchase online from abroad and now see some strange fee that I've never seen before.,Transfers
I had an unexpected fee,Transfers
I was charged a fee for a transfer.,Transfers
I thought you guys offered free transfers. Why was I charged?,Transfers
Why would I be charged an extra fee while doing a transfer?,Transfers
"I do not like this, I made a simple transfer but I have an additional charge for doing so.",Transfers
What is the reason for the fee charge on my transfer?,Transfers
I tried to transfer money to a receiver and they didn't get the right amount. What is going on and who do I contact to help me?,Transfers
There is a fee from a transfer that is not supposed to be here!,Transfers
I was under the impression I can make transfers for free. I made an online purchase for something that was obroad and there's some additional strange fee. I've never seen this before and this isn't fair.,Transfers
why was a extra fee added to my account for transfer ?,Transfers
Why did you charge me a fee when I made a transfer?,Transfers
Why have I been charged a fee for transferring money?,Transfers
Are transfers not free? I didn't know I would be charged for transfers.,Transfers
Why was I charged a fee for transferring money,Transfers
Am I charged a fee to transfer funds?,Transfers
Can you please explain why I was charged an extra fee for my transfer?,Transfers
Someone made a mistake on my money transfer because I was charged extra fees.,Transfers
"I've use my accounts all the time to manage my payments for my place abroad that I just got. I now see that I suddenly have new fees.I'm a frequent customer, so why are you charging me new fees instead of rewarding me?",Transfers
I did a transfer and I was charged a fee that shouldn't be there!,Transfers
Why was I charged a random fee for a transfer I made?,Transfers
Why am I seeing a fee for transferring money?,Transfers
"I've used my account frequently over the last month to manage my payments from abroad for my new place. I noticed that my fees have suddenly increased. As a frequent customer, shouldn't I be rewarded rather than suddenly being subject to a new fee?",Transfers
I used this account a lot during the last month to manage my payments for my new place abroad. Seems that suddenly fees have increased? Shouldn't you instead reward your frequent customers instead of putting an additional fee suddenly?!,Transfers
I thought that transfers are free. Why was I charged an extra fee?,Transfers
I am confused about your fee structure and was disappointed to see a fee for my transfer.,Transfers
I thought transfers were free of charge.  I bought something abroad and got charged a ridiculous fee. How do I get this problem fixed.,Transfers
Why was there an extra charge when I transferred money?,Transfers
Why is there a fee on my money transfer?,Transfers
"I made a transfer and according to the receiver ""they haven't received the right amount"" Its lesser than it should be.Now I have to transfer more money to make up for the missing amount . Can you please help me about this,what should be done",Transfers
What is this fee for transferring money?,Transfers
I have used this account overseas recently. Has there been an increase in fees that I am unaware of?,Transfers
why was i charged a fee to transfer,Transfers
I need to know how much it costs to transfer funds.,Transfers
I made a transfer and the person I transferred the money to didn't receive the right amount? Why did this happen and how do I get the rest of the money to them?,Transfers
Why did I get charged a fee for transferring money?,Transfers
Why did I get charged for a transfer?,Transfers
"I have used my account abroad for a while without any fees, why am I being charged additional fees all of a sudden?",Transfers
Can you elaborate on why I have an extra charge just for transferring?,Transfers
Why was I charged a fee to transfer money?,Transfers
Is it free to transfer money or is there a fee?,Transfers
"I was charged a fee when I transferred my funds, why?",Transfers
"I've use this account all the time, including over this past month, to pay for things from my new place abroad. I'm a really good customer, so why do I suddenly have new fees? I should be rewarded instead of charged more fees.",Transfers
"So, I see a strange fee that I've never seen before after making an online purchase from abroad. I was under the impression transfers could be made for free. I don't think this seems fair.",Transfers
Is there a fee for transferring money,Transfers
Why was money taken for a transfer?,Transfers
"I made a transfer and according to the receiver ""they haven't received the right amount"" Its lesser than it should be.Now I have to transfer more money to make up for the missing amount . Can you please help me about this, what should be done ?",Transfers
I don't appreciate the extra fees being siphoned from my account. I was helping some friends move to Japan and we were buying home decorations at the local stores. The  receipts differed greatly from what showed up in my bank account and my statement. When can I expect the extra fees to be back in my account?,Transfers
Why is there an extra fee on a transfer?,Transfers
"Hi,  I have transferred money but beneficiary's account is credited with less amount. Now i have transfer the difference of the amount. I think there is some issue, could you please look into this.",Transfers
A receiver made me aware that they did not receive the full transfer that I made. The amount was showing to be a bit less. I now have to make a second transfer just to make up the difference. Can you reach out and let me know what's going on?,Transfers
Can you explain the transfer fee that I was charged?,Transfers
Why am I being charged for transferring money?,Transfers
"After reviewing my charges, I see I was charged a fee for a transfer I did, why?",Transfers
Why do I see a fee when I do a transfer?,Transfers
How come I can see an extra charge for my transfer?,Transfers
I don't think I was supposed to be charged so much.,Transfers
I have a service fee that I've never seen before. It showed up after I bought something from an international seller online.,Transfers
When I was transferring money I was charged extra why?,Transfers
"I was charged a transfer fee, why is that?",Transfers
I have a fee listed for a transfer.,Transfers
I noticed that there was an extra charge fee on my account. Could You explain to me why?,Transfers
Hey there's a fee for a transfer on my account.  Why?!,Transfers
Does it cost anything to buy something from another country? Like is there going to be hidden transfer fees or currency conversion fees?,Transfers
Why do I have an unexpected fee on my bill?,Transfers
I just transferred some money. Why was I charged a fee?,Transfers
Why is there a fee for doing a transfer?,Transfers
Why are there additional fees for transfers?,Transfers
"After a transfer, I see an extra fee.  Why?",Transfers
Hey I thought transfers were free.  Why are you charging me?,Transfers
"I transferred money to a receiver within the EU and they received a lesser amount than expected.  Now I will have to send additional money to the receiver in order to make up the difference.  I'm not sure what went wrong, can you please advise?",Transfers
I made a transfer and was charged an extra fee!,Transfers
What is this extra fee while I was doing a transfer?,Transfers
Next time maybe let people know that buying things from another country costs extra. I used my card to purchase an item from another country and I was charged for the item and also an extra fee it looks like. I wasnt aware of this and I think I should get a refund.,Transfers
"Hi! I'm a university student studying abroad and I noticed that when I was trying to cross-reference my budget for this month that there were extra fees I was not expecting. Why is that? I've had this account for years and I haven't had any trouble so far, it might not even be on your all's end since I'm still new to international travel and finance, but I wanted to double check in case a mistake was made!",Transfers
Will I get extra charges?,Transfers
"I noticed a fee, while banking abroad, that seems different than any I have been charged before. What does this fee mean?",Transfers
I think I have an extra transfer charge.,Transfers
"I usually don't get charged for transfers, why was I this month?",Transfers
Why was my transfer charged a fee?,Transfers
I should not have been charged a fee for my transfer.,Transfers
I did a transfer and was charged a fee that should not have been charged!,Transfers
I was charged a fee for a transfer. Where did it come from?,Transfers
Why did I get charged a fee for my transfer?,Transfers
How come a fee was charged when I tranferred money,Transfers
Why was a fee charged to me for transferring money?,Transfers
Why do I get a fee every time I transfer?,Transfers
I was charge a fee that I wasn't told about,Transfers
I noticed a charge for a transfer.  Why is this?  Is it because I did an international transfer?,Transfers
Is it right that I've been charged for transferring money?,Transfers
This transfer incurred a fee that I don't think is right.,Transfers
"I just recently got a new beach condo in Bora Bora, and to furnish it I used this account a lot from overseas. It's upsetting, being a long-time customer of yours, that I saw extra fees on my account from my currency transfer. Is this what I should expect from you in the future?",Transfers
Why was I charged a fee when making this transfer when I shouldn't have been?,Transfers
"I just moved overseas and I noticed that you are charging me more fees.  I am a loyal customer, is this how you expect to keep customers?",Transfers
Im not sure why Im being charged an extra fee just for purchasing an item from another country? I paid for the item and the shipping why am I getting charged extra?,Transfers
I make payments for my place abroad using this account and since i use it so frequently I was wondering why did the fees increase suddenly rather than decreasing? I would think customers like me should receive incentives for using your service,Transfers
Why was there a transfer fee on my account?,Transfers
Can my salary be received here?,Transfers
How can my boss pay me directly to the card?,Transfers
Salary in GBP has been received. Does it need to be configured into another place?,Transfers
I am paid by my employer in GBP; do I need to do anything in the app to indicate this?,Transfers
How can my friend give me money?,Transfers
I would like to know how my friend would be able to send me money,Transfers
How can I receive money?,Transfers
I received a transfer in GBP how do I change it to a different currency?,Transfers
How can my friend send money to me?,Transfers
Can I receive my salary with this in another currency?,Transfers
Can i receive transfers from my employer to this account?,Transfers
Will my GPB update my salary,Transfers
How do I transfer funds if I am paid in GBP?,Transfers
am i able to receive my salary this way?,Transfers
What are the steps for getting money from a friend?,Transfers
Can I directly deposit my salary to this account?,Transfers
How can I receive my salary with a different currency?,Transfers
My salary is in GBP - what should I do?,Transfers
I would like to receive my salary in a different currency. How does that work?,Transfers
How can people transfer money to me?,Transfers
i want to get my salary deposited as pesos?,Transfers
My salary is deposited in GBP. Do I need to choose the currency?,Transfers
What do I need to do to get my salary through this?,Transfers
How can you transfer my salary to my correct currency?,Transfers
I need my payment in another currency,Transfers
how do i find out about transfers,Transfers
I received my salary in the wrong currency. How do I change this?,Transfers
Can I transfer my payroll to the bank?,Transfers
Can i receive transfers from my employer this way?,Transfers
Can my friend send me money if it is not in US dollars?,Transfers
"Do I need to select a preference to receive my salary payments in GBP and, if so, where?",Transfers
How do I get money from friends?,Transfers
Is it possible for a friend to personally send me a payment?,Transfers
What are the steps for my friend to send me money?,Transfers
Can I receive payments in another currency?,Transfers
What do I need to do to receive my payroll in the account?,Transfers
Please show me how my friend can send me money.,Transfers
"How do I know what my account is set to, I am paid in GBP?",Transfers
Can I receive money in a different countries money?,Transfers
Can I transfer my salary if its in GBP?,Transfers
Can my friend send me money?,Transfers
"My salary is in GBP, do I need to exchange it before putting it into my account?",Transfers
Do I need to convert my currency from GBP before transferring?,Transfers
Is it ok for a friend to send me money?,Transfers
can my husband open an account and transfer money,Transfers
How can I receive money from someone?,Transfers
What can I use to receive my salary?,Transfers
"My friend wants to send me money, can she?",Transfers
How can I receive money from my friend?,Transfers
Can I get paid for this in another currency?,Transfers
Can I use my salary for this?,Transfers
Can I transfer money using a different currency?,Transfers
Can I have a friend send money directly to me?,Transfers
Can I transfer my salary onto here?,Transfers
Can this app take my salary?,Transfers
"My salary is received in the form of GBP. Is it necessary to configure this? If so, where is this done?",Transfers
May I get my salary paid out in a different currency?,Transfers
I use GBP for my salary deposits. Must I set this up somewhere?,Transfers
"I was wondering, Can I get my pay in another currency?",Transfers
What will I need to configure if my salary is in GBP?,Transfers
what currencies can I receive my salary in with this?,Transfers
Who can send me money?,Transfers
"My salary is in GBP, is this something I need to configure?",Transfers
Can my salary be received and transferred to my current currency in my country?,Transfers
Can I transfer my paycheck to the account?,Transfers
How does one send me money?,Transfers
My salary comes in GBP can I change my options somewhere?,Transfers
How do I receive money from someone?,Transfers
How can I receive my salary in another currency?,Transfers
Are there ways for other people to send me money?,Transfers
What if I need my salary in another currency?,Transfers
How would my friend be able to send me money?,Transfers
Will my employer be able to pay me with this service,Transfers
Which foreign currencies can I get transferred into my account?,Transfers
Is there any way to get my salary in a different currency?,Transfers
What methods are available for my friend to send me money?,Transfers
How to receive transfers from my employer when I get paid in GBP?,Transfers
Am I allowed to use different currencies?,Transfers
Can I receive payment in another currency?,Transfers
Can friends send me money?,Transfers
How can my friend pay me?,Transfers
"I have obtained the salary in GBP, will it need to be configured?",Transfers
Can I use a transfer to receive my transfer?,Transfers
Can friends transfer money to each other?,Transfers
Can my job deposit my wages directly into the account.,Transfers
Do I need to do anything special for my friend to send money to my account?,Transfers
My friend would like to send me money. What are the options available to them?,Transfers
Do I need to add my salary?,Transfers
Will you accept my salary if it's in another currency?,Transfers
"If my salary is in GBP, do I need to do something?",Transfers
Can I use a different currency with my salary?,Transfers
My salary is in GBP. Do I need to configure this somewhere?,Transfers
How can I configure what currency my salary is in if it's in GBP?,Transfers
Do you support direct deposits from my employer?,Transfers
Can i get payed through this system?,Transfers
What is happening?  I have tried to transfer money 5x already.  Is the system down?  This shouldnt be happening as this is a basic transfer.,Transfers
Is there a reason that my transfer failed?,Transfers
Why didn't my transfer complete?,Transfers
Why was I unable to finish this transfer?,Transfers
"I have made 5 attempts to make a very standard survey, yet I can't get it to work. What is the problem? Is there an issue related to your system?",Transfers
"Your system is broken. My transfers keep failing, 5 times now.",Transfers
I tried to make a transfer like five different times. Why won't your system let me? Is it broke?,Transfers
Can you tell me why I wasn't able to complete my transfer?,Transfers
Why wont the other bank take my money?? Is it not good enough?? There's sufficient funds but I keep getting denied a standard transfer. Ive tried 5 times!,Transfers
Is there a problem with your system being down or something? I have already tried 5 times to issue a standard transfer but I'm getting nowhere.,Transfers
A transfer could not be completed.,Transfers
What would cause a transfer failure?,Transfers
I believe that my transfer hasn't gone through.,Transfers
Transfer isn't working?,Transfers
Can you tell me why my transfer is failing and help resolve?,Transfers
Transfer has failed.,Transfers
Did  my transfer fail?,Transfers
I tried to make a transfer but it failed. will you tell me why?,Transfers
I was unable to transfer money from my account.,Transfers
Why hasn't my transfer gone through,Transfers
I really need some help to understand why my transfer keeps failing. I'm trying to send money to a friend. Please help.,Transfers
I have tried 5 times at this point to complete a transfer that's simply standard. What appears to be the problem? Is your system messed up?,Transfers
"Hi, I am currently in the process of buying a flat and I am waiting for the mortgage to go through but it keeps showing up as an error.  Do you know what could be causing this and can you help me get the money over.",Transfers
"Hi, I'm in progress of purchasing a flat and am trying to make to make a payment.  An error is appearing, and I need assistance.",Transfers
Why did my transfer not work?,Transfers
"The transfer keeps failing - I tried to transfer some money to friends this morning but it keeps getting rejected for some reason, I have no idea why",Transfers
I've been trying to do a transfer multiple times and have failed? Is the system down?,Transfers
I have tried sending a standard transfer five times and it hasn't gone through. What is the problem?,Transfers
My transfer failed when I tried.,Transfers
Can you explain why my transfer was unsuccessful?,Transfers
Why did my transfer fail?  What can I do?,Transfers
My transfer failed.  Help!,Transfers
My transfer failed to process correctly. Is there a reason this would happen?,Transfers
Can you help me transfer money into my friend's bank account? I tried to do it but it keeps rejecting me. I need to get the money in there asap. I have enough and all the account info is correct.,Transfers
I tried to make a transfer and it didn't work.,Transfers
please help my transfer go through,Transfers
My transfer didn't work! Help!,Transfers
What could possibly be the cause of my failed transfer?,Transfers
Is there a reason behind why my transfer did not work?,Transfers
Why won't my transfer go through?,Transfers
Why can't I make a transfer?,Transfers
"I got a transfer fail message, but no explanation of why-- what happened?",Transfers
Why did the transfer fail when I attempted to do it earlier?,Transfers
"Hello.  I ran into a problem with a transfer this morning.  I was trying to send money to some friends but when I tried to send it, the transfer failed.  I don't know what is causing the transfer to be rejected.  Please let me know what is causing the problem.  Thanks.",Transfers
"So, I am in the middle of purchasing a flat. I need the money for the first mortgage payment and it is not going through. I keep receiving an error. Can you find out what's going on and help me complete this transfer?",Transfers
Can you tell my why my funds transfer did not work properly?,Transfers
Why didn't my transfer work?,Transfers
"Hi there, I've tried to make a transfer 5 different times and its not working. Is your system down or something?",Transfers
Why can I not make a transfer?,Transfers
"My transfer failed, why did that happen?",Transfers
The app says my transfer failed,Transfers
Is there a reason my transfer failed?,Transfers
Why was my transaction not approved?,Transfers
I attemped a transfer and it didn't go through.,Transfers
is the a reason why my transfer has failed?,Transfers
The transfer I tried to make failed.,Transfers
Can you please assist me in completing a transfer? I'm trying and I keep getting an error. I'm trying to purchase a flat and pay the initial mortgage payment. All I keep getting is an error. Can you find out what's happening here?,Transfers
"Why can't I transfer my money into someone else's account? I should be able to do so right? Why does it keep rejecting my transfer? There's no reason, all my info is correct and the money is there.",Transfers
"Hello, I am buying a flat and need the inital payment for the mortgage to go through. It keeps showing up as error, what is going on? Can you please help me make this transfer?",Transfers
Why can't I complete my transfer?,Transfers
"My card couldn't complete a transfer, why?",Transfers
"Hey, I'm buying a flat and I need my mortgage to go though. However, every time I check I get an error message. Is there any way you can help me with this transfer.",Transfers
"Errors keep showing up every time I try to make this transfer and I am on a time crunch,  could you please help.",Transfers
Why do my transfers keep failing?,Transfers
Why didn't this transfer work?,Transfers
"Hi, I have been transferring money to my friends since morning, but all my transactions were getting failed. Can you please look into this issue.",Transfers
"My transfer did not work, what was the reason?",Transfers
What do I need to do to correct this failed transfer?,Transfers
I tried to do a transfer and it hasn't worked!,Transfers
What went wrong when I tried to do my transfer?,Transfers
Why does it say my transfer failed?,Transfers
I don't think my transfer wen through. Why?,Transfers
How can I find out why my transfer didn't go through?,Transfers
"I needed to send my friends some money urgently.  I tried multiple times to transfer the money this morning, but the transfer keeps failing.  Can you tell me why the transfer is getting rejected?",Transfers
I tried to make a transfer and it failed.,Transfers
"After I attempted a transfer, it failed.",Transfers
I couldnt transfer money from my account.,Transfers
"What stopped my transfer, from being accepted?",Transfers
I've already tried 5 times to complete a transfer that's just standard. What's the deal? Is your system down at this time?,Transfers
What caused my transfer to fail?,Transfers
My transfer failed,Transfers
"I tried to make a transfer, but it didn't work.",Transfers
How is this transfer supposed to work? It's not working for me.,Transfers
"This morning, I tried to send money to my friends several times but each time the transfer fails.  Why does it keep failing?  The transfer gets rejected but I do not know what is causing it to be rejected.",Transfers
I'm trying to purchase a flat but i need my first payment for my mortgage to go through first. I keep getting an error. I'm not sure what is going on but i need help making this transfer.,Transfers
"My transfer failed, why?",Transfers
My transfer is failing when I try to do it.,Transfers
I can't seem to make a standard bank transfer. I have tried at least five times already but none of them are going through. Please tell me what is wrong?,Transfers
What may be the reason that my transfer did not go through?,Transfers
I tried to transfer money but it didn't go through,Transfers
My transfer didn't complete. Why can't I access funds?,Transfers
Been trying to transfer money this morning but keep getting rejected. I don't understand why this is happening.,Transfers
"Hi, I'm trying to purchase a flat and I'm needing the first payment for the mortgage to go through on the flat I'm trying to buy. For some reason I keep getting an error.can you assist in making this transfer? What is going on?",Transfers
My transfer didn't work how come?,Transfers
Hi I'm sending some money over to an investment bank I do business and the transaction is being rejected. I'm not sure why as I think I have the right details.,Transfers
I think my transfer failed. What do I do now?,Transfers
"I attempted a transfer, but it failed.",Transfers
I couldn't make a transfer,Transfers
Hello. I'm trying to transfer some money to a friend but it keeps getting rejected. can you help me?,Transfers
"The transfer keeps rejected, I tried to transfer some money to friends but it keeps getting rejected for some reason, Would you please check the issue?",Transfers
I've been trying to make a transfer and it doesn't seem to be working. (5 times) What is wrong with your system?,Transfers
Why are my transfers not going through.  I have tried over 4 times to get it to work.  This is just a simple transfer.  Is something else causing this in the system?  Is it broken?,Transfers
Why was I not able to complete my transfer?,Transfers
"The transfer keeps failing , I tried to transfer some money to friends this morning but it keeps getting rejected for some reason, Would you please check the issue?",Transfers
Why was my transaction declined?,Transfers
Why wouldn't a transfer go through?,Transfers
Can you please tell me why my transfer failed?,Transfers
I did a transfer earlier but see that it failed to go through.,Transfers
Why has my payment not transferred?,Transfers
I tried to do a transfer but it didn't go through.,Transfers
The attempted transfer failed.,Transfers
I need help making this transfer. I keep getting an error. I'm trying to purchase a flat but i need my mortgage payment to go through first. Can you help?,Transfers
Why does my transfer keep failing? I've tried 5 times and they all failed.,Transfers
A mortgage payment I'm making is giving me an error message.  This is the first time I'm making this payment and want to know what's wrong.,Transfers
"Hi, can you tell me why my transfer keeps being rejected? I've been trying to send money to my friends this morning but failed every time and I have no idea why?",Transfers
I need assistance completing a transfer. I'm trying to purchase a flat and need the money for the initial mortgage payment. I keep getting an error and the transfer is not going through. What is going on here?,Transfers
What are the reasons that my mortgage payment won't go through? I'm getting an error and don't know how to correct to get this transfer to go through.,Transfers
Why was I unable to complete my transfer?,Transfers
"Hi, I'm buying my son Bertie a starter home in London.  I'm just trying to send the 5% deposit over to the agent. It's only £200,000 but seems to be throwing an error.  What is going on?  If I wait any longer the house prices might rise, can you look in to it please?",Transfers
I'm trying to make a bank transfer but It's not going through. Could there not be enough funds to transfer or something? Have I done it too many times?,Transfers
I need to know what is going on. I'm attempting to purchase a flat and need the money to pay on my initial mortgage payment. I'm only getting an error. Can you find out what's going on and help in making the transfer?,Transfers
Can you please explain why my transfer failed?,Transfers
I think youre system may be broken because I have tried transfer money 5x and it isnt working!  I'm not doing anything complicated it is what I usually do.,Transfers
I am trying to transfer money and something is going wrong.,Transfers
I am unsuccessfully trying to make a transfer can you help?,Transfers
"I can't transfer any money from my account to my friend's account, it keeps rejecting it. Can you tell me why? I have enough funds in my account to transfer.",Transfers
Why did the bank reject my transfer?,Transfers
"I tried and tried, but I could not complete my transfer. Tell me what is wrong.",Transfers
I'm getting an error when trying to make a payment. I want to purchase a flat but my mortgage payment needs to go through. Can you help me?,Transfers
The transger I tried to make failed.,Transfers
"When I tried to transfer funds to my friend today I was unable to do so, why?",Transfers
"I've tried to send money to my friends and I keep getting rejected. Can you please tell me why, I don't understand.",Transfers
why do i have a failed transfer,Transfers
I've tried completing a very standard transfer and have already attempted it 5 times. What's going on here? Is there a problem with your system?,Transfers
"When I attempted to make a transfer, it failed.",Transfers
Why can't my transfer complete?,Transfers
Why can't I complete the transfer?,Transfers
I want to transfer money. How do I do that for my account?,Transfers
How do I transfer money into my account?,Transfers
How can I link my bank to my top up account?,Transfers
I have an account that is empty of funds. Can I transfer some from another bank?,Transfers
HOW DO I TRANSFER MONEY FROM MY BANK ACCOUNT?,Transfers
Whats the transfer process,Transfers
How can you assist me on topping up on bank transfers to my account?,Transfers
Can I add money to my account via bank transfer?,Transfers
I want to op up my account by using bank transfer. How do I go about it?,Transfers
I have questions about how to transfer money to my account.,Transfers
I need to add money to my account. Can I do so via bank transfer?,Transfers
Can I use my bank account to send me more money?,Transfers
I can't figure out how to transfer money into my account.,Transfers
Can you please explain how to transfer money using the bank transfer process?,Transfers
How simple is it to transfer money into my account?,Transfers
How can my account have money transferred into it?,Transfers
"I am in desperate need to transfer funds from another account that i have into this one, how do i do that?",Transfers
How do I use bank transfer to top up my account?,Transfers
How do I top up?,Transfers
Why can I not transfer money into my account?,Transfers
How can I move money from an account at another bank to this one?,Transfers
What process should I use to transfer money into my account?,Transfers
"I want to transfer money into my account, what do I do?",Transfers
I need to deposit money to my account,Transfers
Can you transfer money to your card by bank transfer?,Transfers
What do you do to transfer money to my account?,Transfers
How can I move money from my account at a different bank to the account I have at this bank.,Transfers
Please provide details on how to top up my account using transfer option,Transfers
Where can I find out how to transfer money into my account.,Transfers
How does it work when I transfer money into my account?,Transfers
I need assistance with transferring funds to another account.,Transfers
How can I add money to my account from another account I have?,Transfers
I have money in a foreign account that I want to send to this account.,Transfers
How can I transfer money into my account?,Transfers
I need to move money from another bank to this account.,Transfers
I need to transfer money into this account from my other bank account.,Transfers
How do I go forth with bank transfers for top up accounts?,Transfers
"I have an account at another bank, but I want to transfer some of the money to my account here.
.",Transfers
"I want to do a bank transfer to this bank, from an account at another bank.",Transfers
What are my bank details so I can do a transfer?,Transfers
How would I use a bank transfer for topping my account?,Transfers
I would like to know how to transfer money into my account.,Transfers
My account is devoid of funds. Am I permitted to submit additional money via bank transfer?,Transfers
How does a bank transfer for topping my account work?,Transfers
I'd like to know how transferring my money into my account works.,Transfers
How is my money transferred to the account,Transfers
How do I top up my account with a bank transfer?,Transfers
I need to transfer money to my account from another bank,Transfers
I would like to transfer money into my account.,Transfers
I would like to transfer money from my checking account to my savings account.,Transfers
I want to transfer money into my account,Transfers
What transfer methods do you accept?,Transfers
"I need to transfer money into my account, and I don't know how to do that.",Transfers
"I need to transfer money into my account, HOW?",Transfers
Can I transfer money to my card via bank-transfer?,Transfers
How can I transfer some money into a foreign account?,Transfers
I need to know the process to transfer money into my account.,Transfers
Can I add money to top up my account via a bank transfer?,Transfers
What currencies can I use to top up my account?,Transfers
How do I top up my account using transfer?,Transfers
Account topping up bank transfers to my account assistance please?,Transfers
I want to take some funds from my other bank account and add them to this one.,Transfers
I need more money in my account. Can I add more by transferring?,Transfers
How do I go about transferring money into my bank account?,Transfers
How do I go forth on transferring a sum of money from one account to another?,Transfers
How do I initiated a bank transfer to top up?,Transfers
How can I transfer money between accounts?,Transfers
Whats the process of tranfering money into an account?,Transfers
"I would like to top up my account with a bank transfer, is that allowed?",Transfers
How can I deposit money to my account?,Transfers
I have zero dollars in my account. Can I submit additional funds via bank transfer?,Transfers
What are the steps for  making a transfer for topping up?,Transfers
"For my account, how do I transfer money in?",Transfers
How do I transfer money between two of my accounts?,Transfers
What is the procedure to transfer money to my account?,Transfers
Is a bank transfer acceptable for topping up my account?,Transfers
I have no more money in my account.  Is there a way to do a bank transfer to put money into my account?,Transfers
I need to transfer funds from my other bank account into this bank account.,Transfers
I want to transfer a sum of money from another bank account I have into this one,Transfers
Can I transfer money to my account with the app?,Transfers
Can you tell me how transferring money into my account works?,Transfers
Help! My account doesn't show any funds. Is transferring funds an option I can use?,Transfers
How do I transfer cash my into my account?,Transfers
How can I top up my account by bank transfer?,Transfers
I was wondering about transferring money into my account and how it works.  Can you tell me about that?,Transfers
My money is all gone. What ways are okay to add money to my account?,Transfers
I need to move money from one of my other accounts to this one.,Transfers
What is the process for transferring money into my account?,Transfers
Tell me how to top up my account using bank transfer.,Transfers
Can I top-up my card using a bank transfer.,Transfers
Can I use a bank transfer to add money to my account?,Transfers
"I want to top up by transfering accounts, What do I do?",Transfers
show me how to transfer to my account,Transfers
How does your app transfer the money,Transfers
How do I deposit through bank transfer?,Transfers
My account is depleted. Can I transfer funds from another bank?,Transfers
Can you please explain the topping up transfer process?,Transfers
What can I expect if I use bank transfer to top up my account?,Transfers
I want to transfer some money from my other bank account into this one.,Transfers
I want to transfer money from another account into this one.,Transfers
I would like to move money from one account to another to top off my account. Can you explain how I can do that?,Transfers
Can I withdraw money from another bank and transfer it into my empty account?,Transfers
How can I go about transferring money to my account?,Transfers
How can I transfer money to this account from another bank?,Transfers
can i transfer money i the app,Transfers
How do I transfer money from one bank account to another?,Transfers
What steps are taken to transfer money into my account?,Transfers
I am out of money in my account and I was wondering if I could do a bank transfer is put more in it?,Transfers
Can you please explain how bank transfers work?,Transfers
Can you help me transfer funds from another bank account to this account?,Transfers
I am looking to transfer some money from my other bank account into this one.,Transfers
where do i go to transfer money from one account to this one,Transfers
I need money put into this account from another one.,Transfers
Do you know how I can verify that I did a top-up to my card?,Topups
where is the code for verifying the top up card?,Topups
The top-up card is verified how?,Topups
Tell me about verifying top-up,Topups
What is the verification code for my top up card?,Topups
Explain to me how to verify the top-up card.,Topups
How can I verify my top-up card?,Topups
Can you show me how to verify the top-up card?,Topups
Can you explain to me the way to verify my top up has gone through?,Topups
I can't find the top-up card verification code.,Topups
I would like to receive instructions showing the verification process for top up cards..,Topups
Where is the top-up verification code located?,Topups
For what reason must I authenticate the top up?,Topups
what's my top-up verification code?,Topups
Why do the top-ups need to be verified?,Topups
Does the top-up need verified?,Topups
I am having trouble finding the top-up card verification code.,Topups
Why do you ask for top-up verification?,Topups
Where can I find the top up verification code?,Topups
How is top-up verified?,Topups
Do I need to verify my top-up card?,Topups
How do i verify my card?,Topups
What is the point of verifying a top up?,Topups
How do I verify my top up?,Topups
How do I find the top-up verification code?,Topups
Why does top-up need to be verified?,Topups
why do i have to verify top up?,Topups
"I'm trying to verify my top-up card, but I can't find the code...?",Topups
How can I verify the top-up card?,Topups
how do I find the code to verify the top up card?,Topups
I need to find the top up verification code,Topups
Please help me find my top-up verification code,Topups
Where can I find the verification code for the card top-up?,Topups
Do I need to verify my top-up?,Topups
Why do we need to verify a top-up card?,Topups
I have a top up card. Where is the verification code?,Topups
How do I find the code needed in order to verify my top-up card?,Topups
How do i find my top-up card's verification code?,Topups
How do I verify the top-up?,Topups
How many digits identify the top-up verification code?,Topups
What is the significance of verifying the top-up?,Topups
Why do we need to verify top-up?,Topups
Please verify my top-up card,Topups
Is there a reason why top-up needs verifying?,Topups
I don't know where the top-up verification code is.,Topups
Verifying the top-up seems like a hassle.,Topups
I can't see a verification code anywhere,Topups
Verify top-up card help?,Topups
What do I do to verify a top-up?,Topups
Is there a way to verify a card top-up?,Topups
How to verify top up card?,Topups
Why are top-ups being verified?,Topups
why verify the top up? it doesnt make sense,Topups
The top-up verification code is not visible.,Topups
"I just tried to top-up and now I'm getting an additional verification message, why?",Topups
Where do I find my code to verify my top-up card?,Topups
Why verify the top-ups?,Topups
can you tell me where to find the top-up verification code?,Topups
How do I verify the top-up card?,Topups
Help me verify the card used on a top-up.,Topups
"On a card top-up, where can I verify?",Topups
"I'm trying to verify my top up card, how do I do that?",Topups
What is the verification process used for?,Topups
Where is my top-up verification code?,Topups
Where can i find my top-up verification code?,Topups
Where is the top-up verification code?,Topups
I don't see a code anywhere on my top-up card? Where can I find it? I need to verify!,Topups
Why do i have to verify my top-up card?,Topups
Do I have to verify the top-up?,Topups
Why do I need to verify the top-up?,Topups
Where can I find the verification code for the top up card?,Topups
I can't see a top-up top-up verification code.,Topups
I don't see the verification code for my card transfer.,Topups
Why does top-up require verification?,Topups
is there a reason i need to verify top up,Topups
Is the verification number on the top up card,Topups
What  is the verification process for a top up card?,Topups
Where is the top-up card verification code?,Topups
How do I verify the top up?,Topups
I am looking for my top-up verification code and cannot find it.,Topups
How do i authenticate a top-up card?,Topups
Do I need to verify the top-up?,Topups
What's the deal with verifying the top-up?,Topups
Can you tell me where to find my top-up verification code?,Topups
Where Is the top up verification code found?,Topups
Please tell me how to verify my top up card.,Topups
How do i secure a top-up card?,Topups
What's up with verifying top-ups?,Topups
Why do I need to verify a top-up?,Topups
Can I verify my top-up card?,Topups
Why is it necessary to verify the top up?,Topups
Why should I verify the top-up?,Topups
this verifying the top up is annoying,Topups
Why do we need to verify top-ups?,Topups
How are top-ups verified?,Topups
Tell me how I can verify a card top-up.,Topups
Do i need to verify my top up?,Topups
My top up card needs verification and I don't know how to do it,Topups
Where's my top up code?,Topups
Where do I find the verification code for the card I'm topping up?,Topups
Where can I find the verification code for a top-up?,Topups
Where do i verify a top-up card?,Topups
What is the top up code for?,Topups
why do you verify the top up,Topups
Tell me why I need top-up to be verified?,Topups
"I just want to top-up, why do I need to verify anything?",Topups
Verifying top-up cards necessary?,Topups
Where is the top-up verification code sent?,Topups
What's a verification code?,Topups
Tell me how to verify a top up.,Topups
Where is the verification code display?,Topups
What can I do to verify my card?,Topups
Why is top-up verified?,Topups
Why do I need top-up to be verified?,Topups
How do I authenticate my top-up?,Topups
What is the verification process for my card?,Topups
i don't see the top-up verification code anywhere,Topups
I'm being asked for a verification code. Where do I find it?,Topups
Why does a top- up need to be verify?,Topups
Help my find the verification code on a top-up.,Topups
How can I verify my top up?,Topups
I need help finding the verification code on the top up card.,Topups
What does top-up verification do?,Topups
I CAN NOT FIND THE TOP-UP VERIFICATION CODE.,Topups
How do I go about verifying the top-up card?,Topups
why do i need to verify the top up?,Topups
Are extra charges added for sending out additional cards?,Cards
I'd like to order an additional card,Cards
I want some extra physical cards.,Cards
"I would like open a second card for my daughter, how can you assist me?",Cards
Am I gonna be charged for sending out more cards?,Cards
Would I have to pay anything if I need an additional card?,Cards
Is it possible to get a second card for my daughter?,Cards
Can I get a few more physical cards?,Cards
What's the limit on total number of cards I can have?,Cards
Is there a charge for sending out more cards?,Cards
How much does it cost to get more cards?,Cards
How can I create another card linked to this account?,Cards
May I order another card?,Cards
Can I order another card?,Cards
Can I order a second card?,Cards
Can I have more physical cards?,Cards
How many physical cards am I allowed to have?,Cards
I want to get few more physical cards,Cards
Please tell me if I'm going to be charged for sending out more cards?,Cards
Can I get more cards just incase?,Cards
Would I be able to get a second card?,Cards
Do you charge for sending out more cards?,Cards
I need a second card on this account for my daughter.,Cards
How can I get another card?,Cards
Can I have a third card?,Cards
I have left my card at my parents house. Can you send me a spare one please to use in the meantime?,Cards
I'd like to provide my daughter with a card - could I get an additional card from my account to give her?,Cards
What is the price for an additional card?,Cards
Can I get a second card for free?,Cards
Will I be charged if I add more cards to the account?,Cards
How many cards am I allowed?,Cards
"Can my daughter also have a card issued in her name, but linked to my account?",Cards
I'd like to order another card,Cards
Can I have a supplementary card?,Cards
"I lost my card and need a new one, will it cost me?",Cards
My daughter need a card from this account. Is that possible?,Cards
My daughter would like a card from my account?  Can I do this?,Cards
Are there any fees to get additional cards?,Cards
Can you send me more cards for my account?,Cards
"I would like some more physical cards, what is my limit?",Cards
Can I have a duplicate second card?,Cards
"I want to give a second card for this account to my daughter, would this be possible?",Cards
What is the procedure for me to get more cards on my account?,Cards
Am I permitted to have a spare card?,Cards
I was wondering if I could get a second card on this account? I would like my daughter to have one.,Cards
Do I have to pay for a second card?,Cards
I would like to purchase another card.,Cards
Is it possible to order another card?,Cards
I'd like to have extra cards. Will I have to pay for that?,Cards
How do I get a spare card?,Cards
How do i request more physical cards?,Cards
What steps do I need to get another card?,Cards
I would like more physical cards,Cards
Is there a charge for getting more cards?,Cards
Can I have a second card issued to another family member?,Cards
How do I obtain a second card?,Cards
How much is it to buy another card? I was hoping to buy another one.,Cards
Where do I order additional cards?,Cards
How much would an extra card cost?,Cards
I would like an extra card.,Cards
Do you send duplicate cards?,Cards
I would like to use one of my cards for a family member. Is that allowed?,Cards
Can another family member hold a card for this account in addition to mine?,Cards
I need another card,Cards
"If I need an additional card, is there a fee for that?",Cards
I want a new card,Cards
Will I get charged for sending out more cards?,Cards
How many different cards can I have for my account?,Cards
I need more physical cards.,Cards
Am I allowed to carry an additional card?,Cards
Does it cost extra to send out more than one card?,Cards
How do I get extra physical cards?,Cards
Can I get spare cards?,Cards
Is it possible to get another card?,Cards
I need more physical cards than I have right now!,Cards
Is a new debit card free?,Cards
How many cards can I have?,Cards
"If I want to send out more cards, do you charge extra for that?",Cards
Do you charge extra for duplicate cards?,Cards
I would like to get additional physical cards at this time,Cards
How do I receive more physical cards,Cards
"If I want to be able to give my daughter a card for my account, would I be allowed to get one for her?",Cards
Would it be possible for me to get a second card?,Cards
"I am interested in giving a second card to my daughter, how can I make this happen?",Cards
Is it possible for me to give my daughter a second card for this account?,Cards
"daughter needs card, how do i add her",Cards
Is there any way to get another card on the same account?,Cards
If I need more than cards will I have to pay a fee to receive them?,Cards
I need a new card.,Cards
I'd like to get another card,Cards
"If I get another card, what kind of fees am I looking at?",Cards
Will there be a charge for sending out more cards?,Cards
I would like to get a few more physical cards.,Cards
How many active cards can I have?,Cards
How much does it cost for additional cards?,Cards
What should I do if I want to get another card for someone in my family?,Cards
How do I order another card?,Cards
I'm looking to get an additional card.,Cards
Can I get another card?,Cards
I would like to get some extra cards?,Cards
Is it free to send out more cards?,Cards
Is it possible to purchase more physical cards with my account?,Cards
Is there a fee for sending out more cards?,Cards
How much is it to send out additional cards?,Cards
Will it cost me to get a second card?,Cards
How do I get another card,Cards
Is there a fee for sending additional cards?,Cards
Is it possible to have a second card?,Cards
I would like a second card.,Cards
What is the charge for sending out more cards?,Cards
"I would like to give another card to my daughter, how can I proceed?",Cards
What's the process to receive a second card?,Cards
how is it possible to add another card to account,Cards
How do I go about ordering another card?,Cards
How do I get extra cards?,Cards
Do you send more than one card?,Cards
Are extra cards free?,Cards
Do you charge for sending more cards?,Cards
Can I have another card in addition to my first one?,Cards
"I need a second card, can I have more than one?",Cards
I want a backup second card. Is this possible?,Cards
Physical cards are what I need more of,Cards
Can I have a spare card for this account please?,Cards
I need two cards. Is this possible?,Cards
Can I have more than one card?,Cards
I need another card for a member of my family. Is this possible? How soon can I get one?,Cards
Is there any way I can get more physical cards to use with my account?,Cards
Can I give a second card for this account to my daughter?,Cards
Is it possible to give a second card from my account to my daughter?,Cards
"Help me please, I need to top up cash.",Topups
Do you have any options to top up with a cheque on my account?,Topups
Is there somewhere I can send a check to add to my account?,Topups
Will a cheque suffice?,Topups
I can't find any option to top up with a cheque?,Topups
How do I top up with a cheque?,Topups
Can I use a check to get gas?,Topups
Can I deposit a check?,Topups
where can i deposit a check,Topups
How can I put more money into my account?,Topups
Is there anyway to use a cheque to top up?,Topups
How do I top up with cash?,Topups
Can I add money to my account with cash?,Topups
I want to top up by cheque,Topups
Can I top up using cash?,Topups
Can I mail in a check to top up?,Topups
How do I use a cheque to top up?,Topups
Where's the button to top up with a cheque?,Topups
I can't find how to top up my account with a check.  Where is that?,Topups
Do you take checks?,Topups
Is there such thing as top up by cheque?,Topups
I got a cheque that I want to top up with?,Topups
What is not accepted in order for me to top up my account?,Topups
Can I only top-up digitally? Or could I use cash?,Topups
I want to top up my account with a cheque,Topups
How can I add physical money to my card?,Topups
I need to top up using a cheque,Topups
Can I top up with cash,Topups
How do I top up by cheque?,Topups
I want to do a cash deposit to top up. How do I do this?,Topups
Who do I make a check out to if I want to top off my account?,Topups
What types of top-up methods do you accept?,Topups
How can I top up with a cheque?,Topups
can i top up with check?,Topups
Can I cash deposit to top up my account,Topups
What apps can I use to top up my account?,Topups
How dp i top up with a cheque ?,Topups
I would like to use this cheque to top up.  Can you tell me how to do that?,Topups
What are the steps for depositing cash into my account?,Topups
Can I top-up by cheque?,Topups
Can I use a cheque to top up my account,Topups
I'm trying to use a cheque to top up,Topups
How do you top up with a cheque?,Topups
"I need a hand here, I need to top up cash.",Topups
where do I go to top up with cash?,Topups
Will I be able to top up by cheque?,Topups
Can I top up using my cheque?,Topups
Why can't I top up by cheque?,Topups
Where do I find how to top off with a check?,Topups
Can I write a cheque to top up?,Topups
Can cash be used in physical locations to top up?,Topups
Is topping up with cash allowed?,Topups
What are my payment options for topping off my account?,Topups
I wish to top up using a cheque.,Topups
Where do I look for cash top up?,Topups
Where can I find top up by cash deposit?,Topups
how do i find top up for cash deposit,Topups
How do I deposit cash?,Topups
i would like to top up with check,Topups
can i deposit a check here?,Topups
Is it possible for me to top up with cash?,Topups
I would like to use cash to make a top-up?,Topups
I wish to be able to top up with cash.,Topups
Where do I top up?,Topups
Do you accept cheques for top-up?,Topups
How do I use a check to top up?,Topups
Is it possible to top up using a cheque?,Topups
Where is the option to top up with a cheque?,Topups
What is the procedure for topping up with a cheque?,Topups
Can I use check to deposit?,Topups
Where can I deposit cash to top up?,Topups
Is there an option to top up with a cheque?,Topups
"Help, I need to top up my account. Where do I send a check?",Topups
I'll send a check to top up my account,Topups
Is it possible for me to top up with a cheque?,Topups
If I need to top up with cash where should I look?,Topups
I want to deposit my check to top up my account,Topups
What physical locations can I use cash to top up?,Topups
Can you tell me where to find top up by cash deposit?,Topups
How do I use cash to top up my account?,Topups
How do I top-up my card with a cheque?,Topups
Am I able to top up with this cheque I received?,Topups
I would like to pay by cheque.,Topups
I want to use a cheque to pay.,Topups
Can I purchase with cash or cheque?,Topups
Where would I find top up by cash deposit?,Topups
Can I add to my account using a cheque?,Topups
Is there a way to use a cheque to top up my account?,Topups
how do i get top up with cash deposit,Topups
Do you accept cash?,Topups
May I transfer a cheque into my account?,Topups
Can I use a check to top up?,Topups
No option to top up with a cheque ?,Topups
How can I fill up my gas tank using a check?,Topups
how can i add money to my account if you don't accept cash,Topups
I want to use cash to top up.,Topups
What form of payments can I use for topping up?,Topups
i have been trying to top up my account with a check but it won't work,Topups
How do I add cash to my account?,Topups
Are cheques accepted for a top up?,Topups
can i use check to top up,Topups
How do you top-up using cash?,Topups
Can I top up my balance with a cheque?,Topups
I tried to deposit a cheque into my account and it is not letting me.,Topups
Can I top up online?,Topups
What's the best way to use a cheque to top up?,Topups
How would I top up with a cheque?,Topups
What is your check-cashing policy?,Topups
Can I use cash to top up,Topups
I can't find out how to top-up my account using cash.,Topups
How long before a check I send clears?,Topups
How can I top up my account with a cheque?,Topups
Can I top up my account with a check?,Topups
Do you accept cheques for top ups?,Topups
How much does it cost for a physical card?,Cards
Where can the cards be delivered?,Cards
What do i do to get a physical card?,Cards
Can I request a card?,Cards
Do I have to pay for a physical card?,Cards
"I need an actual card that I can hold in my hand, how do I do that?",Cards
what steps do i do to get a real card,Cards
Can you tell me exactly what fees I will expect to see in regards to your cards?,Cards
What do I do to get ahold of my own card?,Cards
Are cards delivered to my location?,Cards
Is it possible to get a physical card?,Cards
I would like to request a card.,Cards
I need to order a new card.,Cards
Can you send me the actual card?,Cards
"I would like to get a physical card, but I don't know how. Can you help me?",Cards
how do i get a new card,Cards
Where do you need to live to receive card,Cards
How do I get a real card?,Cards
How do I go about getting an actual card?,Cards
Please tell me how I can receive a physical card,Cards
I would like a physical card,Cards
Where are your cards delivered to?,Cards
Can I order a card please?,Cards
tell me how I can order my card.,Cards
Does it cost anyting to get my own card?,Cards
Is a physical card also available,Cards
Do physical cards cost money?,Cards
Are physical card available?,Cards
I want to request a physical card,Cards
Is there a charge for a physical card?,Cards
Do you ship your cards anywhere?,Cards
I want a real card,Cards
Where do you deliver cards to?,Cards
Where are the cards delivered to,Cards
What do I owe for a new card?,Cards
Is it possible to order a card?,Cards
What areas are cards delivered to?,Cards
Where can I order a card?,Cards
Is there a fee to get an actual card?,Cards
do i need to add money before i order a card,Cards
What does the bank charge for lost or stolen card replacements?,Cards
Is there a fee for physical cards?,Cards
How can receive a physical card,Cards
Can I have a tangible form of my virtual card.,Cards
Where will I get my card?,Cards
Help me order my card.,Cards
Where do I go to order my card?,Cards
"Can I get a physical card for free, or is there a charge?",Cards
How do I get my card?,Cards
Is a physical charge extra,Cards
Where do your cards get delivered to?,Cards
Do I receive the physical card for free,Cards
I really want a physical card. How do I get one?,Cards
can i get a physical card online,Cards
What do I need to do to get a card?,Cards
I would like a card please.,Cards
I need to get hold of a physical card?,Cards
Can I get a new card?,Cards
Can I get a card in person?,Cards
How can I order a card?,Cards
Can I order a card?,Cards
Where do you export the cards to?,Cards
Can I receive my card anywhere?,Cards
how do I ask for a physical card?,Cards
How to order my card?,Cards
Where can I get a physical card?,Cards
How much for an actual card?,Cards
Can you tell me how do I get a card?,Cards
How do I actually obtain a card myself?,Cards
Card delivery services? Where?,Cards
Can I get an actual card,Cards
I would like a  physical card sent to me.,Cards
How can I order my card?,Cards
Do I get a card to keep in my wallet?,Cards
How do I order a card?,Cards
What is the process for getting an actual physical card?,Cards
What is the price for a physical card?,Cards
At which locations can I order a card?,Cards
Is it possible to get a real card?,Cards
I would really like a physical card.,Cards
Can I get a physical card,Cards
Where do we mail the card?,Cards
How to receive the actual card,Cards
What is the cost for physical cards?,Cards
Do I get an actual card?,Cards
how much does a card cost and why do you charge me,Cards
How do I order my card?,Cards
How do I receive a card?,Cards
Can cards be delivered? Where?,Cards
Is there a fee to order a physical card?,Cards
How do I go about ordering a card?,Cards
"I need to get a card, how do I do that?",Cards
What do I need to do in order to get a new card?,Cards
Show me where to order my card.,Cards
IS there anywhere that a card cannot be delivered?,Cards
How do i receive a physical card?,Cards
I need a physical card.  What are the fees?,Cards
how much for a physical card?,Cards
Where do I order a card?,Cards
Where do you mail physical cards?,Cards
Is payment required to get a card of my own?,Cards
I still don't have a card. How do I get one?,Cards
Where do I find our how to get a physical card?,Cards
What are the places that you deliver cards to?,Cards
Where are cards available to order?,Cards
What locations are cards delivered to?,Cards
How much is a physical card?,Cards
Do I get a real card?,Cards
What fees do you charge for the standard card?,Cards
I want a physical card,Cards
Will you charge for a physical card?,Cards
I'm interested in getting a card. How does one go about doing that?,Cards
How would I go about getting a physical card to use in stores?,Cards
Will there be a fee to receive a physical card?,Cards
I would like to have a physical card to carry around and use. How can I get one?,Cards
What's the procedure for getting a card?,Cards
Where are the cards transported to?,Cards
What fees are charged for a physical card?,Cards
can i order cards on the app,Cards
Can I revive a physical card.,Cards
Why isn't my disposable virtual card working?,Cards
Can I use my virtual card to complete transactions for memberships?,Cards
Why won't my virtual card work?,Cards
My virtual card is just not going through.,Cards
My virtual card isn't working.,Cards
My disposable virtual card was rejected.,Cards
My disposable virtual card got rejected,Cards
Why was my virtual card rejected?,Cards
My throwaway virtual card won't work,Cards
My disposable virtual card wouldn't process my payment?,Cards
The virtual card won't work.,Cards
Is there a reason why my virtual card won't work?,Cards
Help me get the virtual card working.,Cards
I can't seem to get my virtual card to work.,Cards
My disposable virtual card isn't working.,Cards
I tried paying with my disposable virtual card earlier but it was rejected. What can I do to fix this?,Cards
I can't use my virtual disposable card,Cards
How do I get this damn virtual card to work?,Cards
I can't get the virtual card to work,Cards
This disposable virtual card is not working.,Cards
i cannot get virtual card to work,Cards
My virtual car is not working.,Cards
I cannot get my disposable virtual card to work,Cards
I cannot get my virtual card to function.,Cards
What is the reason I got rejected for using my disposable virtual card to pay a subscription to the gym?,Cards
I can't get my virtual card to work at all,Cards
I can't get my virtual card to work.,Cards
I can't do any business with this virtual card.,Cards
"I received my Virtual card information, but was unable to use it to make a purchase. Why did this happen and what can I do?",Cards
Why can't I make multiple payments with my virtual card?,Cards
Please help me.  My disposable virtual card won't work right.,Cards
Can I use my virtual card for recurring monthly payments?,Cards
virtual card won't work for me,Cards
My disposable virtual card won't work.,Cards
I tried to use my disposable virtual card to pay a subscription to the gym and it got rejected. Any ideas why?,Cards
Why is my disposable card not working?,Cards
What do I have to do to get the virtual card to work?,Cards
What do I do if my disposable virtual card doesn't work?,Cards
I can't make purchases with my virtual card.,Cards
I have a disposable card but it does not work?,Cards
My Virtual card was rejected for a car rental. Why?,Cards
The wrong exchange rate was applied to me while pulling out cash.,Disputes
I got less cash because of the exchange rate.,Disputes
Why is the fee for taking money out so high?  I feel I was overcharged and I would have never used this ATM if I would have known ahead of time.,Disputes
I believe a wrong exchange rate was applied towards a cash transaction I made abroad.,Disputes
"When I got my cash, the amount was not what it should have been, based on the exchange rate.",Disputes
"I tried using a foreign currency at an ATM, but the ATM provided me an incorrect rate. Why is that?",Disputes
"Over the holiday I withdrew cash from the ATM and it seems that I was severely overcharged. Had I known that I would be charged those fees, I would not have used the ATM!",Disputes
I think when I withdrew money when out of country the exchange rate was wrong.,Disputes
Why did my exchange rate change?,Disputes
"Hello, in these holidays i have been overcharged on the amount i have withdrawn on one of your ATMs. I did not had any clue about the horrible charges otherwise i would not have withdrawn.",Disputes
Can I make a withdraw in my home currency at an ATM? I'm on vacation and don't have cash with me. This is cause for a bit of concern. Is it possible to withdraw here without additional fees?,Disputes
"I have made a withdraw from an ATM this last holiday, why is there such a high charge from this transaction?",Disputes
The exchange rate is incorrect for my cash withdrawal transaction.,Disputes
I think the exchange rate for my for my cash withdrawal is wrong,Disputes
"When I got cash, the exchange rate applied was wrong.",Disputes
"While abroad, I got cash, and the exchange rate applied is wrong.",Disputes
I think I was charged a different exchange rate than what was posted at the time.,Disputes
Foreign currency rates were put in wrong at an ATM i used.,Disputes
"I was overcharged at an ATM while on vacation. I needed cash so I had to use it, but your charges are outregous and I wish I would have known beforehand.",Disputes
The exchange rate for my withdrawal was wrong.,Disputes
"Hi, I have withdrawn cash from the ATM on holiday and i guess withdrawal amount has been overcharged. I did it as i was not aware of these charges.",Disputes
I withdrew  money from the ATM and was overcharged.  It said nothing about an extra fee.,Disputes
I think the exchange rate was incorrect.,Disputes
The exchange rate for the money I took out in a foreign country is wrong.,Disputes
When I made a cash transfer abroad the wrong exchange rate was applied,Disputes
what are weekend rates for getting cash,Disputes
I believe I got a wrong exchange rate when I got cash.,Disputes
The exchange rate was messed up from the ATM,Disputes
"Do any of your machines provide cash from my home country? I don't have any money on me and I'm on holiday so I'm concerned. Also, will I be charged anything to do this?",Disputes
"After I got my cash, I found out my exchange rate was wrong.",Disputes
Can you check the exchange rate on a cash transaction I did overseas,Disputes
"I was abroad and needed some cash, but I think the wrong exchange rate was applied to the transaction.",Disputes
Why did you give me so little currency?,Disputes
"I traded some of my money from my native country into an ATM to exchange for foreign currency, and the money I received was a different equating amount!",Disputes
what are the exchange rates for getting cash,Disputes
Someone may have made an error in figuring out the rate of exchange.  I should have received more cash than I did on my most recent withdrawal.,Disputes
Is there extra fees for making a withdraw in a different country at a cash machine.,Disputes
I had trouble with an incorrect rate being applied when using the ATM with foreign currency.,Disputes
I didnt get the correct exchange rate for getting cash,Disputes
Do you offer free ATM withdrawals of ones hometown currency while on holiday?,Disputes
Can i get money in my home currency at some ATM ? As I am on holiday and bit concerned because i do not have any cash with me . Is it possible to withdraw without any additional cost.,Disputes
I used the ATM to get money out and did not realize I would be charged as much as I was or I would not have done that!,Disputes
I didn't get the right amount of  cash because of the exchange rate.,Disputes
"Hello,  In my most recent ATM transaction, I didn't receive nearly as much cash as I thought I would - what is your exchange rate policy?",Disputes
Using international ATMs messes up the exchange rate.,Disputes
You've incorrectly calculated the exchange rate for my cash withdrawal,Disputes
I was needing you to see if the exchange rate is correct from when i got cash,Disputes
I did not get the right exchange rate while getting my cash out.,Disputes
Why is the exchange rate different than expected on my transaction?,Disputes
I think the bank made a mistake on the exchange rates,Disputes
Is there a fee associated with using foreign exchange ATMs?,Disputes
When I exchanged currencies the value of my money changed.,Disputes
Can i get money back in my home currency at  ATM? As I am on holiday and bit concerned because i do not have any cash with me . Is it possible to withdraw without any additional cost.,Disputes
The wrong exchange rate applied to my cash withdrawal.,Disputes
I don't think the exchange rate was right.,Disputes
I exchanged cash when traveling and the rate was incorrect.,Disputes
what is the exchange rate when i get cash,Disputes
I noticed my exchange rate was incorrect when I got cash.,Disputes
Why is the exchange rate so high? This should have been a much higher amount of cash for that to apply.,Disputes
Is it possible to use an ATM when I am not in the country and make a withdraw with out extra fees?,Disputes
"This past holiday I made a withdraw at the ATM machine, and it seems I've been charged too much.",Disputes
My exchange rate is wrong when I get cash.,Disputes
Why did I only receive this much currency?,Disputes
When I got cash the exchange rate was wrong,Disputes
An overseas cash transfer did not work correctly,Disputes
I didn't receive the correct amount of cash when I exchanged it overseas.,Disputes
"I needed some cash while abroad, and I'm pretty sure the wrong exchange rate was applied.",Disputes
I believe that the rate of exchange for my cash withdrawl is incorrect.,Disputes
what is the correct exchange rate for getting cash,Disputes
I'm unhappy with the exchange rate your cash transactions.,Disputes
I think that the exchange rate for the withdrawal of my cash is not right.,Disputes
The cash withdrawal I took seems to be off. The exchange rate is wrong.,Disputes
I got cash abroad and the exchange rate applied is wrong,Disputes
I wasn't applied the correct exchange rate when getting cash,Disputes
"I need an accurate exchange rate, when I make my withdrawals.",Disputes
Can I withdraw money in my hometown currency while on holiday without any additional fees?,Disputes
Why is the exchange rate wrong for my cash withdrawal?,Disputes
I noticed the exchange rate for cash withdrawal isn't right.,Disputes
what is going on with my cash withdrawal? the exchange rate is wrong,Disputes
When I was abroad the exchange rate for me was wrong.,Disputes
What on earth is up with the exchange rate! This should have been a much higher amount of cash,Disputes
Can the exchange rate change while I am in the process of making a withdrawal?,Disputes
The exchange rate was wrong?,Disputes
how come when i got cash the exchange rate was different than it should be,Disputes
My rate is not right when I used my card in a different country's money.,Disputes
How can I get money in my home currency while I'm traveling internationally? I wanted to take it out of a local ATM but am worried that I will get charged extra fees.,Disputes
I got cash abroad and need to check the exchange rate,Disputes
Can I get money in my home currency at an ATM? I'm on vacation and don't have cash with me. This is cause for a bit of concern. Is it possible to withdraw here without additional cost?,Disputes
Can I make a withdraw in my home currency at an ATM? I'm on vacation and am a bit worried because I don't have cash with me. Is it possible to withdraw here without any additional costs or fees?,Disputes
The amount of cash I requested to withdrawal did not match what I received when exchanged,Disputes
I did not have the right exchange rate applied to my situation of pulling out cash,Disputes
The exchange rate was different when I got cash,Disputes
how come my withdrawal rate is wrong for my cash withdrawal,Disputes
I had the wrong exchange rate applied to some cash I got abroad.,Disputes
I believe my exchange rate is incorrect,Disputes
I found the exchange rate for my cash withdrawal is wrong,Disputes
The cash abroad exchange rate is applied wrong.,Disputes
The ATM I used for foreign currency provided the wrong exchange rate.,Disputes
what is the exchange rate for foreign ATMs,Disputes
The exchange rate for me was wrong when I was abroad.,Disputes
"Help me!  When I was abroad, the exchange rate was wrong.",Disputes
My cash withdrawl has the wrong rate of exchange.,Disputes
"While abroad I got cash, and a wrong exchange rate was applied.",Disputes
I got money overseas and the exchange rate was wrong,Disputes
the exchange rate I got for cash was wrong,Disputes
The exchange rate for case abroad is applied wrong.,Disputes
"When I received my money, it was not in the correct amount. The exchange rate was not what it should have been.",Disputes
I tried withdrawing money in another country and the exchange rate was wrong.,Disputes
I withdrew some cash and the exchange rate seems to be wrong.,Disputes
I withdraw money abroad but I didn't get the right amount.,Disputes
The applied exchange rate is wrong for the cash I got abroad.,Disputes
I am reluctant to use ATMs international because I don't get an accurate exchange rate,Disputes
I didn't receive the correct exchange rate when I got cash.,Disputes
How did you arrive at the rate of exchange? I thought that I would get more cash.,Disputes
I think the exchange rate for the cash I withdrew was wrong.,Disputes
Can i get money in my home currency at my ATM ?I am on holiday and bit concerned because i do not have any cash with me .Is it possible to withdraw without any additional cost.,Disputes
When I received my cash; they had my exchange rate incorrect.,Disputes
I was given the wrong exchange rate when getting cash,Disputes
I thought I was going to receive more currency?,Disputes
While on vacation I used an ATM to get cash and was overcharged. These charges are ridiculous and had I known about them I would have never used it.,Disputes
What is wrong with the exchange rate? This should have been a much higher amount of cash for that to apply.,Disputes
"When I got cash, my exchange rate was off.",Disputes
Please tell me how the exchange rate is determined. I was expecting more money for the transaction.,Disputes
the exchange rate was different than expected,Disputes
I think that there was an error in calculating the exchange rate.  I recently withdrew cash and received much less than expected.,Disputes
what are the exchange rates for foreign currency ATMs,Disputes
I'm upset because I got charged a ridiculous fee when making an ATM withdrawal over a holiday weekend.  It didn't notify me beforehand either or I wouldn't have ever done it.,Disputes
"When I received my cash, the exchange rate was wrong.",Disputes
"I was using foreign currency at an ATM, but the rate was typed in wrong.",Disputes
"On my last trip, I received the incorrect exchange rate.",Disputes
the exchange rate for my withdrawal is wrong,Disputes
The exchange rate applied was incorrect when I was traveling outside the country.,Disputes
Whats wrong with my currency exchange?,Disputes
Can you please check the exchange rate when I was getting cash?,Disputes
The exchange rate for my cash withdrawal was incorrect,Disputes
The wrong exchange rate was used for my cash withdrawal,Disputes
I'm looking for a machine of yours that will provide me cash from my home country. I went on holiday and don't have any cash on me. Will your machine charge me extra to do this?,Disputes
I withdrew cash and I think the exchange rate is wrong.,Disputes
How do you figure out the exchange rate? Can you explain why I got less money than expected?,Disputes
I got cash and the exchange rate should have been different than it ended up being.,Disputes
Rates were applied wrong while using foreign currency at an ATM.,Disputes
I was charged an incorrect exchange rate for a withdrawal.,Disputes
"My ATM transaction shorted me on cash, and I think the exchange rate was wrong. Did I receive the correct rate?",Disputes
"I draw out money from your ATM during holidays, and was charged insanely. I wouldn't have done it, if i had a little sense about the shocking charges.",Disputes
In a recent withdrawal I received less cash than I expected to receive.  Did someone make an error with the exchange rate?,Disputes
When I got cash I believe that the exchange rate was wrong,Disputes
The rate applied to my foreign currency at an ATM was incorrect.,Disputes
I tried to use the ATM with foreign currency. The conversion rate applied was wrong.,Disputes
I am perplexed. Why is it that I received an extremely wrong rate when I tried to use an ATM using a foreign currency?,Disputes
I made an ATM withdrawal over the holiday and then later realized I was charged an exorbitant fee!  I never would've made this withdrawal if I'd known I'd be charged so much.,Disputes
I am travelling and I tried to withdraw cash but didn't get what I was supposed to get.,Disputes
I got some cash out of the ATM over the holiday and it seems that I've been grossly overcharged. I wouldn't have done that if I knew of these outrageous charges!,Disputes
The exchange rate was wrong in the foreign country I got cash in.,Disputes
The exchange rate for foreign ATM currency is wrong.,Disputes
"Can I get money in my home currency at some ATM? I'm on holiday and am a bit concerned because I don't have any cash with me, it is possible to withdraw here already without any additional cost?",Disputes
I think the exchange rate for the cash I withdrew wasn't correct.,Disputes
The rate of exchange for my cash withdrawal is wrong.,Disputes
"I have a question about ATM transactions. Can I take money out of an ATM when I'm traveling abroad? And, can I get the money in my home currancy?",Disputes
you got the exchange rate wrong for my cash withdrawal,Disputes
I withdrew cash abroad and the exchange rate applied is wrong.,Disputes
You applied the wrong exchange rate while I was traveling outside the country.,Disputes
Why was my cash withdrawal given the wrong exchange rate?,Disputes
I think the exchange rate is wrong for my ATM withdrawal,Disputes
What do you use disposable cards on?,Cards
How do I get a disposable virtual card as well?,Cards
"I want a disposable virtual card, how do I do that?",Cards
What are the disposable cards for?,Cards
I need a disposable virtual card. Please tell me how to order one.,Cards
What systems do you have in place for my security when using my card for everyday purchases?,Cards
Why use a disposable card?,Cards
How can I get disposable virtual cards?,Cards
Can you tell me about these disposable virtual cards?,Cards
Do you offer disposable virtual cards too?,Cards
can i get a virtual card online,Cards
How do I request a disposable virtual card?,Cards
How can I create a disposable virtual card?,Cards
When will you be taking orders for disposable virtual cards?,Cards
Who can purchase a disposable virtual card?,Cards
How does a disposable virtual card work?,Cards
What is the function of the disposable cards?,Cards
Do I need a disposable card?,Cards
Is there a disposable virtual card?,Cards
Please tell me how disposable virtual cards work?,Cards
how do I get a disposable virtual card?,Cards
Can you please explain disposable virtual cards for me?,Cards
How do I create a disposable virtual card?,Cards
Why would I need a disposable card?,Cards
What are the disposable cards used for?,Cards
What are these disposable virtual cards all about?,Cards
What is the process to create a disposable virtual card?,Cards
Will you tell me how I am supposed to use the disposable cards?,Cards
How about disposable virtual cards?,Cards
Please send me a disposable virtual card.,Cards
I want to make an online purchase but I don't want to use my credit card. Can you tell me how a disposable virtual card works and where I can apply for one?,Cards
What can I do with a disposable virtual card?,Cards
Do you have the option for a disposable virtual card?,Cards
What are disposable virtual cards?,Cards
I want a virtual card that is disposable,Cards
"I would like a disposable virtual card, could I get one?",Cards
Please can i get a disposable virtual card as well?,Cards
disposable virtual card can be ordered where?,Cards
Where do I get a disposable card,Cards
In what way can I use the disposable cards?,Cards
How can I go about getting a disposable virtual card?,Cards
how do the cards work?,Cards
I need to get a disposable virtual card?,Cards
How can I get a disposable virtual card?,Cards
Can I get a disposable virtual card?,Cards
How can disposable cards be used?,Cards
Please explain how I use the disposable cards?,Cards
Can you tell me more info about virtual disposable cards?,Cards
I need a disposable virtual card.,Cards
"Can you point me in the right direction of where to go to roder a disposable virtual card, I can't seem to find it.",Cards
What is the procedure for depositing a virtual card,Cards
can i get a virtual card,Cards
I would like to know more about what a disposable virtual card is?,Cards
Are there any disposable virtual cards?,Cards
Please tell me about disposable cards.,Cards
How would I use a disposable card?,Cards
How do I order a disposable virtual card?,Cards
Where do I order a disposable virtual card?,Cards
Can you provide me a disposable virtual card?,Cards
"The disposable cards, what are they for?",Cards
Can you help me get a disposable virtual card?,Cards
Can I order a disposable virtual card?,Cards
Are there virtual disposable cards?,Cards
Is it possible to get a disposable virtual card as well?,Cards
Can you tell me what are disposable cards for?,Cards
Can I use a disposable virtual card for any purchase?,Cards
What can you use the disposable cards for?,Cards
Where do I get a disposable virtual card?,Cards
How do I use disposable cards?,Cards
Can you tell me what the disposable cards are used for?,Cards
Is there a way to use this app with a disposable virtual card?,Cards
What are the uses for disposable cards?,Cards
Tell me more about getting a virtual disposable card.,Cards
How can I get a virtual card for a one-time transaction?,Cards
Can you tell me where I can order a disposable virtual card?,Cards
"I don't understand what a disposable virtual card is, can you help?",Cards
What are these disposable cards meant for?,Cards
What do the disposable cards do?,Cards
How do I receive a disposable virtual card?,Cards
Is there a disposable virtual card option?,Cards
Please explain how disposable virtual card work.,Cards
I'm not sure how disposable virtual cards work. Please help.,Cards
How do I use the disposable cards?,Cards
How do I know if i need a disposable card?,Cards
Am I able to order a disposable virtual card?,Cards
Can you tell me how to get a disposable virtual card?,Cards
How can I obtain a disposable virtual card?,Cards
Can you tell me where to go to get a disposable virtual card?,Cards
Is there any way i get a disposable virtual card as well?,Cards
I'm interested in learning more about disposable virtual cards.,Cards
How to a go about ordering a disposable virtual card?,Cards
I need a single use card for shopping online,Cards
"I need to deposit my virtual card, how do i do that.",Cards
What are the benefits of a disposable card?,Cards
What is the disposable card for?,Cards
I have heard about these disposable virtual cards but don't understand how they work.,Cards
The disposable cards - what are they for?,Cards
I think my top-up has failed.,Topups
Top-up is not working,Topups
My top up is not working,Topups
"My top-up hasn't gone through, what happened?",Topups
My top-up was rejected by an app.,Topups
For what reason did my top-up fail?,Topups
I can't add any more money.,Topups
Why won't my top up work,Topups
I topped up but the app denied it,Topups
My money I added isn't on my card.,Topups
"Hi, My card is getting declined continuously when i am trying to top-up. Request you to look into this issue or tell me any other alternatives.",Topups
My credit card was declined for top-up. Can you see if there is enough funds in my account?,Topups
Why did my credit card get declined for top up?,Topups
"Hello, there was an error while attempting top-up with my card this morning. I was able to use the card two days ago with no issues. Could you please assist?",Topups
"I've been trying to transfer funds to top-up my card, but the transaction is not going through.  Is there something I'm doing wrong?",Topups
Seems like my top-up has failed,Topups
I really need to top-up my card today urgently but my card keeps getting declined!! Can you please resolve this problem or try an alternative,Topups
"Hey, I attempted to top up my card today and for some reason it didn't work. When I did it the other way it worked just fine. Could you help me figure out why this is happening please?",Topups
I believe my top up has failed,Topups
I tried using my credit card with top up but it didn't work! I thought it was supposed to?,Topups
My credit card for was not approved for a top-up transaction.  What happened?,Topups
Why isn't my topup working?,Topups
My credit card did not go through. Can you see if it has insufficient funds?,Topups
Can I tell if my top off didn't work?  It doesn't seem to have.,Topups
"Hi, My card is getting declined during top-up. As it urgent, could you please resolve this issue, or guide me with other alternatives if any.",Topups
My top up is giving me problems. What is wrong with it?,Topups
I got my card a few days ago but am unable to top up. I'm thinking about closing my account because of this. What is going on?,Topups
Looks like my top up failed.,Topups
I urgently need to top-up my card but its getting declined. Please help me in this or advise with other options if any.,Topups
The top-up I ordered didn't process.,Topups
I don't think that my top-up worked.,Topups
Tell me why my topup wouldn't go through?,Topups
"I did a bank transfer to top up, but the money is not available.",Topups
What reasons would a topup fail?,Topups
"I tried topping up my account but it failed, can you help me?",Topups
Why has my top up failed?,Topups
"So my top-up failed, could you tell me why?",Topups
Why has my top-up failed?,Topups
I need to top-up my card today urgently but my card keeps getting declined!! Can you please resolve this problem or let me know if you have any alternatives,Topups
I tried to top up with my card but it was declined. I was able to a couple days ago and it worked. Is something wrong? Can you check it for me please?,Topups
Can you find out why my credit card didn't process payment? It was declined for top up so what's the deal?,Topups
How can correct Top up with the app to work correctly?,Topups
Is there any reason why my card didn't work when I tried to top up?,Topups
The app rejected my top up,Topups
My top-up didn't go through,Topups
Can you tell me why my top-up failed?,Topups
My credit card seems to have been declined for top up. Why is it not going through? Can you tell me what's going on?,Topups
My top-up didn't work.,Topups
My top-up never worked,Topups
It looks like my top up didn't work.  Why?,Topups
I topped up my card but the app rejected it.,Topups
"I attempted to top-up with my card this morning, but the transaction was unsuccessful. I received the card two days ago and was successful using it previously. Could you please help me?",Topups
I tried to top-up but it got denied.,Topups
My top up was denied,Topups
I think the top up failed,Topups
My credit card was just denied for top up! Can you tell me why this happened and what's going on?,Topups
My top up didn't go through,Topups
My top up has failed,Topups
Why is it failing to top-up?,Topups
I can't get the top-up to work! What's going on here.,Topups
How do I know if my top up worked?,Topups
Why can't I topup my account?,Topups
My top-up was declined,Topups
Why is my card being declined when I try to do a top-up? How can this be immediately resolved?,Topups
The app has rejected my top up.,Topups
"I attempted to top up my car today, it failed! I just got it a couple of days before and it worked then. What is going on with it?",Topups
Why was my top-up rejected?,Topups
My credit card got declined for top up! What's going on? Can you check on why it didn't go through?,Topups
My top up isnt working,Topups
Trouble with my top up,Topups
I'm confused as to why my top-up did not go through.,Topups
I added money but my top-up wasn't processed by the app.,Topups
I really need to top-up my card today urgently but my card keeps getting declined!! Can you please resolve this problem or let me know if you have any alternatives,Topups
"I have the funds, why can I not use my top-up?",Topups
"Hello, I trying to top up with my card today but it didn't work. When I tried last time it worked but today it isn't. Could you take a look at it for me?",Topups
Why are you keeping my money from me by declining my card? What is going on?,Topups
"I desperately need to top-up my card, so why is it being declined? Can you solve this for me? I need to use my card immediately!",Topups
Why did the app deny my top-up?,Topups
My top-up was rejected,Topups
Fix my top up,Topups
My top up doesn't work,Topups
I am having problems with a top-up.,Topups
What's the problem? My card keeps getting declined for top up. I need to know what is going on.,Topups
I was trying to top up my account and it isn't working,Topups
I believe my top up did not work.,Topups
I need help reapplying my top-up. It seems it isn't working.,Topups
Could you please recommend what I should do if my card keeps getting declined?  I planned to top-up today but I am unable to get it to work.  I need a fast solution to this problem.,Topups
My credit card transaction was declined for a loan payment.  Can you tell me why?,Topups
Why did the top-up fail?,Topups
I requested for a top-up but it has not reflected,Topups
"I tried to top-up, why didn't it work?",Topups
I tried to top up with my card but it's not working. I had just done this a couple days previously and it worked. Can you tell me what's going on here please?,Topups
I wanted to top up my account and it doesn't look like it worked,Topups
"My top-up does not seem to have worked, what  went wrong?",Topups
I'm not sure if my pop-up went through.,Topups
Top up did not work on the app.,Topups
I tried to top up but the app rejected it.,Topups
It does not appear that my message went through.,Topups
What if my top up didn't work?,Topups
I didn't see the money I added to my card.,Topups
The top up failed,Topups
I have been trying unsuccessfully to top-up my card.  Is the system down or not working properly?,Topups
I am having a huge problem with my card being declined and it's really important that I top-up today.  Would you please look into this further and let me know how I can get this fixed?,Topups
"My card keeps getting declined when I try to use it.  I would like to top-up, but it is not going though.",Topups
"I just topped up, and the app denied it.",Topups
Why did my top-up not work?,Topups
"Hi I've been trying to top up my card for the past day but it gets declined, I need it topped up urgently! Can somebody get back to me to resolve this or explain any different ways I can top up my card?",Topups
Please explain why my top-up didn't go through.,Topups
Can you tell me why my credit card was declined while trying to top-up?,Topups
I need information explaining why my top-up failed to go through,Topups
"Hi, I am experiencing problems while trying to top-up with my card. I have never experienced any problems doing this before. Could you please help me?",Topups
The top-up did not go through.,Topups
"I could not get a top-up to work, why?",Topups
I don't know why my credit card was declined while I was trying to top-up. Was it something on my end or was there something wrong with the top-up function?,Topups
Problems with my top up,Topups
why is my top up failing,Topups
"I tried again to top up my card after doing it a couple days ago when it had worked. Now, it doesn't seem to be working. Can you tell me what the deal is here please?",Topups
Top up keeps failing,Topups
"Hello, I tried to top up with my card, but it didn't work. I just got it a couple days before and it works fine. What's the deal? Can you check into this?",Topups
What was the issue with my topping up?,Topups
My topping up didn't go through.,Topups
Why would the app deny my top-up?,Topups
"I need to add more funds to my card today because it keeps being declined, and I need to use it immediately. Can you fix this or tell me alternatives?",Topups
Why has my top-up been denied?,Topups
I tried to charge my card but it was declined. A couple days ago I was able to charge it and it was accepted. Is something wrong? Will you double check for me please?,Topups
I could not get the top-up to go through,Topups
I can't access my money. Is it because somethings wrong with the top-up? I set it up correctly.,Topups
I was trying to top-up and my credit card was declined. Can you tell me why?,Topups
I topped up my account but the app failed to process it.,Topups
Looks like my top-up has been cancelled,Topups
My top-up is not working. Why is that?,Topups
"Um, my top up didn't work",Topups
"I need assistance finding out why I am unable to top-up my card, it keeps getting refused.  It is extremely imperative I get this resolved quickly.",Topups
I don't think my top up worked,Topups
I added funds to my account but the app didn't process it.,Topups
Why has my top-up not worked?,Topups
Why did my top-up fail?,Topups
is there a way to fix my top up,Topups
I tried to top up my account and it didn't work,Topups
Won't let me top my card up!! Who can get it sorted out for me? It's urgent! How do I find out what the problem is with my card and how else to top it up?,Topups
There has been a red flag on my top up.,Topups
Was there a problem with topping up?,Topups
"Hi, I tried to top up my card today and it did not work. I have tried it in the past and it worked just fine but it won't do it anymore. Can you help me out?",Topups
My top-up failed to go through.,Topups
I really need to top-up my card today urgently but my card keeps getting declined!! Can you please help me with this problem or let me know if you have any alternatives,Topups
help my money isnt showing up,Topups
how do i see what i transferred,Topups
Hello. Can you help figure out why the recent transfer from my UK bank account isn't showing up?,Topups
I've made a transfer from France two days ago but I was wondering if international transfers take longer to arrive because it hasn't made it yet.,Topups
After I transferred money the balance remained the same.,Topups
Where is the money that I transferred.,Topups
"About two days ago now, I made a transfer from France but it hasn't arrived yet. Is it possible that the international transfer just takes longer?",Topups
Why is my balance the same after a transfer?,Topups
How long will it take for a bank transfer to show up on my account? It's been a couple hours but I havnt seen anything yet. Also it's from a UK account if that makes any difference.,Topups
The transfer I made isn't reflected in my balance,Topups
Can you please check my UK Account to make sure everything went alright?  I made the transfer a couple of hours ago.,Topups
"Hi, I am unable to see transaction in my account which i made couples of hours ago from my UK account. Please help me in this.",Topups
"Hello I made a bank account transfer from the UK. The transfer was a couple hours ago, nothing has shown up yet.  Can you check to see if everything okay. Please.",Topups
My balance didn't change after I transferred some money.,Topups
I've transferred money into my account but the balance is the same,Topups
Money that I have transferred hasn't arrived yet,Topups
I made a transfer from France two days ago now but there hasn't made it there yet. Do international transfers take longer?,Topups
I transferred money but the balance did not update.,Topups
I am wondering about a transfer from a different country that doesn't show up yet?,Topups
I just made a transfer from a UK account. How long does that typically take to show up? I just want to make sure it worked alright.,Topups
I just made a transfer from France 2 days ago. It has not yet reached my bank. Is it possible it takes longer because it was an international transfer?,Topups
Im going to need to make a transfer from a UK account but I need it to go through ASAP. Is that going to be possible or will it take forever?? Im hoping it will be a couple hours and not a couple weeks.,Topups
How long before a bank transfer shows up in the account?,Topups
How soon will my balance be updated to reflect my transfer?,Topups
My transfer into my account isn't showing up.,Topups
How can I fix my bank transfer to show up on my bank account?,Topups
when does my balance update for a transfer,Topups
There is a transfer not showing on my account.,Topups
It is common for an international transfer to take 2 days or longer? I made a transfer from France 2 days ago and I have not seen it yet.,Topups
I did a money transfer to my account and it is not showing there.,Topups
I was wondering if international transfers take longer than normal because I made a transfer from France a couple of days ago and nothing has happened yet?,Topups
What's the time frame normally for a UK account transfer? I just made one and it's not showing up anywhere. I want to be sure that everything is good.,Topups
My latest transfer seems to be missing.,Topups
Is there a longer processing time for international bank transfers?,Topups
Balance hasn't been updated following a bank transfer,Topups
Why isn't the transfer to my account showing up?,Topups
Where is my money that I transfered?!,Topups
"The other bank confirmed a transfer I made, but this account is not reflecting it yet.",Topups
Why can't I see a transfer to my account?,Topups
"Hi, I made a transfer from France two days ago and thought it would be here by now. Can you give me an update please?",Topups
My balance doesn't include my latest transfer,Topups
How long do bank transfers take to clear,Topups
How long to UK transfers usually take? I made a transfer but it didn't pop up in my history yet. I just want to make sure it went through.,Topups
I had transferred some money but the balance hasn't changed.,Topups
My balance was not updated after transferring money.,Topups
"For you, how long do transfers normally take from a UK account? I completed one just now but nothing appears. I just need to be sure everything is okay.",Topups
Do international transfers take longer?? I made a transfer from France 2 days ago but it's still not there yet...,Topups
I am still waiting for a transfer I did,Topups
How long does it take for a bank transfer to show on my balance?,Topups
I transferred some funds but I don't see it,Topups
"How long do transfers to international banks take? I made one to france a couple of days ago, but it's still not there.",Topups
The money that I have transferred hasn't arrived yet.,Topups
How long do transfers take to show up in my account?,Topups
How long does it take for a transfer to post,Topups
My money hasn't been transferred yet.,Topups
What is the normal time to make an international transfer? I made one a few days ago that still hasn't arrived.,Topups
Tell me why my balance did not change when I tranferred cash.,Topups
I completed a transfer that isn't showing up on my account.,Topups
How long does transfers take?,Topups
I did a transfer but the balance is the same.,Topups
I made a transfer but my balance hasn't been updated,Topups
I transfered my balance a while back.  Why doesn't my account reflect this?,Topups
When will I see an updated balance after a transfer?,Topups
I am still waiting on my bank transfer,Topups
There is a missing transfer on my account,Topups
After making a transfer from a UK account it's not showing up. How long do these transfers normally take for you? I want to be certain everything is all right.,Topups
Can you check if my money has reached my account since it is not showing up yet?,Topups
Why hasn't my money transfer shown up yet?,Topups
Please check to see if the band transfer I made a while ago from my UK account has safely arrived.,Topups
Where is the transfer to my account?,Topups
"I made a bank transfer earlier from my UK account.  I don't see it yet, can you check the status?",Topups
Why isn't my balance reflecting a transfer I did?,Topups
"I made a bank transfer from my UK account today, but it's not showing.  Can you check status?",Topups
How long do I need to wait to see an update after I make a bank transfer?,Topups
Why isn't my balance updating?  I did a bank transfer and it isn't current.,Topups
"Hello, can you please inform me about international transfers? I am expecting a transfer I made from France two days ago and would like to know when it will arrive.",Topups
I added money through a bank transfer and it is not showing in my balance.,Topups
when will the balance on my account change form a transfer,Topups
What is the time frame that transfers normally take from a UK account? I just completed a transfer and nothing shows up. I need to know if everything is alright.,Topups
I have transferred some money but the balance hasn't changed,Topups
The balance does not appear to have updated.,Topups
Why hasn't my account updated to reflect my current balance?,Topups
Where is the transfer that I did?,Topups
After transfering some money my balance hasn't changed.,Topups
"How long does a transfer from a UK account take? I just made one and it doesn't seem to be working, wondering if everything is okay",Topups
The transfer on my account is not showing up.,Topups
When will my transfer come through?,Topups
I haven't yet received money that I transferred,Topups
"How long do transfers from a UK bank account usually take for you? I just made a transfer and I'm not seeing anything, wondering if it worked",Topups
How long does a bank transfer take to show up in available funds?,Topups
The balance has not been updated.,Topups
"Although I transferred some money, it has not as of yet, arrived.",Topups
I am wondering if International Transfers take longer. I a made a transfer from France two days ago and believed it would be here already. Please let me know when I will get it!,Topups
I don't see any change in my balance.,Topups
"I just transferred some money into my account and do not see it updated yet, can you assist?",Topups
I can still see money in my account after making a payment,Topups
I need to know if everything is okay here. After making a transfer from a UK account it doesn't show up. How long does this normally take to process?,Topups
I made a bank transfer but it doesn't seem to have gone through?,Topups
How long does it typically take to make a transfer from a UK bank? I just made one and it hasn't shown up in my account yet.,Topups
"Hi. A couple hours ago I make a transfer from my UK bank account, but it hasn't shown up. Please, would you see what the delay is?",Topups
Why hasn't my money transfer showed up yet?,Topups
My transfer to my account is missing.,Topups
MY transfer has still not appeared.,Topups
Why is  my balance not updated?,Topups
I'm wondering how long it takes for my money to get to me after a bank transfer.,Topups
"Hi. About two hours ago I made a transfer from my bank which is in the UK, but I don't see it yet! Would you check what's going on with it, please?",Topups
When does a UK transfer show up?,Topups
I do not see the money I transferred into this account,Topups
How long before transferred money shows up?,Topups
How long do transfers take to go though,Topups
"Can you tell me how long it would take, to make a transfer from France? I made one 2 days ago and its not there yet.",Topups
I made a transfer from France a couple days ago and don't see the transaction yet. How long does an international transfer take?,Topups
"Transferred to account is not successful, help please?",Topups
My transfer is pending too long.,Topups
Why isn't the transferred money there?,Topups
"How long does an international transfer take? I made the transfer from France 2 days ago, but it is not showing up in my bank yet.",Topups
My account balance has not updated to reflect my recent transfer.,Topups
Why hasn't the money I transferred into my account shown up yet?,Topups
"Bank transfer to account did not show up, please help?",Topups
How long does it take for money to transfer?,Topups
Where's the money I transferred into my account?,Topups
Why am I still waiting for a transfer?,Topups
Why is it taking so long to update my balance transfer?,Topups
I transferred some money but it hasn't arrived yet,Topups
I made a transfer a couple hours ago but my balance has not been updated. Why is this? Shouldnt this be instant?,Topups
I made a transfer from my UK account a couple of hours ago.  Could you please make sure everything went alright.,Topups
Where is the transfer to my account that I made?,Topups
I've made a bank transfer but the money doesn't seem to be in my account.,Topups
I can't see a transfer to my account I made.,Topups
what amount of time does it take for a transfer to reflect and be available,Topups
"When is my balance going to update, I just transferred some money",Topups
When will the money from my bank transfer be available?,Topups
I transferred some money but the balance stayed the same.,Topups
Good afternoon. I made a transfer from my UK bank account.  I haven't seen anything on the account in the pass few hours. Please check the account to make sure everything is fine.,Topups
I did a bank transfer and my balance isn't current.,Topups
I want to be sure that everything is okay here. I just made a transfer from a UK account and it is still not showing up. How long does this typically take?,Topups
I recently transferred money to my account when will it show up?,Topups
I transferred money but the balance hasn't changed.,Topups
"How long do tranfers from a UK account usuallt take for you? I just made a transfer and nothing shows up, so just wondering if things went ok",Topups
Why is my transfer not showing,Topups
Why didn't the money I transferred into my account get added to my balance?,Topups
Help me find the transfer that I did.,Topups
"I recently transferred some cash, but the balance has not changed.",Topups
What's the normal time frame for a transfer from a UK account? After just making a transfer it doesn't appear at all. I need to know if things went okay.,Topups
Can you see my new balance yet?,Topups
How long does it take for money to transfer as my balance hasn't been updated,Topups
How long do I have to wait for my bank transfer to appear in my account?,Topups
How long does a transfer from the United Kingdom take? I haven't seen it show up yet in my bank account and want to make sure I get the transfer.,Topups
Are bank transfers immediate?,Topups
I transferred money to my account but it is not showing.,Topups
What happened to the transfer I did?,Topups
I transferred some money a couple days ago but haven't received it yet. How long should I expect to wait?,Topups
How long does it take for money to reach my account?,Topups
"I did a transfer to my account, but it hasn't shown up",Topups
My account isn't showing a transfer I made.,Topups
The funds I transferred are not in my account,Topups
How long do bank transfers usually take?,Topups
Hello I have a UK account.  Can you please check if everything is alright with it?  I made a transfer a couple hours ago but it doesn't show up yet.,Topups
How long does a transfer from the UK account usually take? After completing the transfer it is not showing up. I need to know that everything I actually went okay.,Topups
Can you tell me why the transfer isn't showing up on my account?,Topups
Balance is not up to date.,Topups
my transfer isn't there,Topups
I made a bank transfer and the balance hasn't updated yet.,Topups
Why wasn't my bank balance updated?,Topups
How long do I have to wait until the transferred money shows up?,Topups
A few hours ago I made a bank transfer from my UK account but I don't see that it has arrived.   Can you check and see if all is ok please?,Topups
I can't see the transfer that I put in.,Topups
When will my transfer process?,Topups
"Is something wrong with my account, my balance didn't change after I transferred some money",Topups
"It has been a couple of hours but I do not see my balance updated, can you help?",Topups
What is the amount of time transfers usually take from the UK? I had just completed a transfer and nothing seems to be showing up so I need to be sure things are alright.,Topups
I looked on the app and it says I withdrew cash.  I didn't!,Disputes
I didn't withdraw the amount of cash that is showing up in the app.,Disputes
"I saw on the app that a cash withdrawal was completed on my account; however, I did not complete it.",Disputes
I got a notice from my app that I withdrew cash but I don't remember doing so. How do I fix this?,Disputes
"Someone has a copy of my card !! I definitely still have it here but someone just made a 500£ cash withdrawal, HELP!",Disputes
Why do I see a random withdrawal in my app?,Disputes
"Hello, Please look into this matter urgently. As i have lost my wallet and i can see one withdrawal, now i do not want to loose more money.",Disputes
"Someone has a copy of my card. I have my card with me, but someone just made a 500£ cash withdrawal. Help me.",Disputes
There is a withdrawal on my account that I don't remember initiating.,Disputes
"I got a message saying I made a withdrawal from the bank machine, but I did not.",Disputes
"Someone has copied my card. I have my card with me, but someone just made a 500£ cash withdrawal. Please help now.",Disputes
"help, I see money missing I didn't take out.",Disputes
My wallet was taken and I see that someone is using my card!   Please help me!,Disputes
I see cash withdrawal activity in the app that is not mine.,Disputes
There is a withdrawal on my account I didn't make.,Disputes
"A 500 pound cash withdrawal was just made from my account, but I didn't make it. I am pretty sure my card has been compromised - can you help me?",Disputes
I just lost my wallet and I think someone is using my card to withdraw my money. Can you please cancel or freeze my card?!!,Disputes
The app is showing a cash withdrawal that I didn't make.,Disputes
What is this witdrawal,Disputes
There's a cash withdrawal I didn't make,Disputes
I think someone stole money from my card,Disputes
I have a cash withdrawal on my statement that I am unsure of.,Disputes
The app says I got cash from an ATM but I didn't,Disputes
I see money go out that I didn't withdraw.,Disputes
I lost my wallet and I think someone is withdrawing cash with my card. Please help. It is urgent.,Disputes
Somebody stole my wallet and is using my card! Can you do something so they can't keep taking my money?,Disputes
"Help! I think someone has a copy of my card - I still have my card, but a five hundred pound cash withdrawal that I didn't authorize is shown on my account.",Disputes
I believe my card has been compromised as there's a cash withdrawal I don't recognize.,Disputes
I was checking my account when I saw a $500 cash withdraw that I know I didn't do.  I have my card so I don't understand how this happened.  Please help me.,Disputes
"Hi, Could you please help me as someone has stolen my wallet few hours ago. And a withdrawal is made, please help immediately. As i don't want to suffer more.",Disputes
What should I do if I see an unauthorized withdrawal on my statement?,Disputes
"A WD was just made on my account, but it was not me and I still have my card.  What to do?",Disputes
Why is there extra cash in my account?,Disputes
What is this cash withdrawal I don't recognize?,Disputes
I believe my card has been compromised as there are funds showing that I did not receive.,Disputes
THere is some cash that is showing up on my app.,Disputes
My wallet was just stolen and I see my account already has a withdrawal. Can you please help me.,Disputes
Somebody made a withdrawal from my account for 500. I have my card so how can this be? Does somebody have a duplicate card or something? Help please.,Disputes
There is a cash withdrawal from an ATM listed but I don't remember making this withdrawal.,Disputes
I saw there is a cash withdrawal from my account via the app which I did not complete.,Disputes
The app says I made a cash withdrawal even though I didn't.,Disputes
What is this cash withdrawal on my statement?,Disputes
My app shows cash I didn't get.,Disputes
I see non-received cash in my app.,Disputes
The app is saying I made a withdrawl but I didn't.,Disputes
I see cash in my app but I did not get it.,Disputes
My app statement shows I took out cash from an ATM but I did not. What can I do?,Disputes
I think someone may have cloned my card or something.  My card isn't lost but I just saw a charge of $500 cash withdraw.  Can you help me?,Disputes
My card shows a cash withdrawal I don't recognize.,Disputes
I got a strange cash withdrawal in my statement,Disputes
Help! I just realised someone has apparently withdrawn money using my card! It's from some odd remote town where I definitely haven't been. Please freeze it immediately!,Disputes
My app is showing a cash balance that I did not receive.,Disputes
Help!  The app has an ATM withdrawl that I didn't make.,Disputes
"I am seeing in the app, some cash witdhrawals that I did not authorize.",Disputes
Some cash shows up on my app.,Disputes
"I am seeing unathorized transactions in the app, on my account.",Disputes
I AM MISSING CASH FROM MY BANK ACCOUNT ACCORDING TO MY APP,Disputes
There are funds in my app that I did not receive.,Disputes
A cash withdrawal has been done that I didn't do.,Disputes
I do not know what this cash withdrawal is,Disputes
There is unexpected money in my account.,Disputes
I see a cash withdrawal in the app that I did not do.,Disputes
Someone stole my wallet a couple of hours ago now and they have taken money from my account. Is there any way that you can help so I won't lose any more of my money.,Disputes
"Hi, It's urgent, please freeze my card. As someone has withdrawn money using my card in odd remote town. Since i have not done this withdrawal. Do it fast.",Disputes
The app says that I got cash in an ATM and I didn't,Disputes
Please help me figure out the reason for the odd withdrawal amount from my account?,Disputes
What do I do if I do not recognise a cash withdrawal?,Disputes
I hope you can help me. Someone has stolen my wallet and now I have noticed that they have been taking money from my account.,Disputes
"There was money taken out of my account, and I'm pretty sure I didn't do it.",Disputes
I was the victim of someone stealing my wallet.  My card is being used and it isn't me.  What should I do?,Disputes
I think there's been an unauthorized cash withdrawal from my account.,Disputes
What do I do if I see a cash withdrawal on my account that I don't remember making?,Disputes
I am seeing inside the App a some cash withdrawal that is not mine,Disputes
My app shows a money withdrawal that I did not do.,Disputes
"I was trying to use my card and it was declined, when I tried to find out what happened I found cash withdraw for $500 that I didn't do.  Can you please help figure this out?",Disputes
I believe my card has been compromised because of a strange withdrawal,Disputes
There is money missing from my account.,Disputes
"According to the app, I got cash from an ATM but I haven't made any transactions.",Disputes
It is urgency. Please freeze my card now. As someone in some odd remote town has withdrawn some money by using my card. As i did not withdraw any money.,Disputes
I am confused why there is cash I did not accept in my account,Disputes
I hope you can help me. My account has been compromised from a different town that I haven't been to. Can you please place a hold on my account until I can make it to the bank?,Disputes
There is a cash withdrawal in my account that isn't mine.,Disputes
There is a cash withdrawal on my statement that I did not make,Disputes
I am seeing in the App a some cash withdrawal that does not belong to me,Disputes
"My bank app said that I got cash from an ATM, but that's a mistake.",Disputes
"In the app, I see a withdrawal I didn't make.",Disputes
"There are incorrect charges on my account, there was a WD that was made by someone else.  I still have my card though.",Disputes
I did not get the cash that is showing up in my app.,Disputes
"Someone withdrew money from my account, and it wasn't me.",Disputes
there is money in my account that i didnt put there,Disputes
Somebody is taking money out of my account without my approval in another town separate from me. Please place a freeze on my account until I can make it to the bank.,Disputes
My app says I withdraw money from my account from an ATM.,Disputes
Can you tell me what the cash withdrawal is in my statement?,Disputes
My identity has been stolen. I still have my physical card but there are charges I didn't make on my account. How do I cancel this card or dispute the charges?,Disputes
"There was just a withdrawal but it wasn't me, I've never even visited the town where the withdrawal happened.",Disputes
"I am using the app, and I see cash withdrawals that I did not authorize.",Disputes
I did not make a cash withdrawal that is on my statement,Disputes
The app shows a withdrawal that I did not make or authorize.,Disputes
"Money was taken out without my consent,",Disputes
I don't recognize this withdrawal on my statement,Disputes
How do I report a cash withdrawal that wasn't me?,Disputes
Why is there some cash that I did not deposit in my account?,Disputes
There's an unauthorized cash withdraw,Disputes
Help!  The app says I took out cash but I didn't!,Disputes
"Hello, Just now i got to know withdrawal of money from of my account. As someone used my card to withdraw amount in any odd remote area. Since i have not been in that area, please freeze my card immediately.",Disputes
There has a recent suspicious withdrawal on my bank account. Is it possible to freeze my card?,Disputes
There's a cash withdrawal that  didn't make that is showing up.,Disputes
I see an unauthorized withdraw.,Disputes
I am seeing in the App a some cash withdrawal that I did not do,Disputes
I think somebody made an unauthorized copy of my card.  My account has a cash withdrawal for 500£ that I did not make.  Please help.,Disputes
My account shows that I made a cash withdrawal but I cannot remember doing so!,Disputes
"Someone is using my card to purchase flights to New York it's not me because I'm not going to New York, please can you cancel the card and refund the money?",Disputes
I noticed that there is a withdrawal in the app that is not mine.,Disputes
"Some cash was withdrawn in the app, but I did not do it.",Disputes
My wallet got stolen a couple hours ago and now I've seen there already is a withdrawal. Help this is absolutely urgent I don't want to loose more money,Disputes
A withdrawal is showing that I don't recognize,Disputes
There's a cash withdrawal I am certain I did not make,Disputes
What is this withdrawal as I do not remember making it.,Disputes
I have my card here with me and someone has just made a withdrawal for 500. Please help!,Disputes
I have a cash withdrawal that I do not recognise.,Disputes
Someone else used my card to withdraw cash from an ATM,Disputes
Some cash has been withdrawn but I didn't do it.,Disputes
I want my card frozen right away. Money was taken out in an odd location I have never heard of.,Disputes
I need my card frozen cause it was used without my consent to take money out. It was in an odd place.,Disputes
There's a $200 withdrawal on my statement that seems fishy to me.,Disputes
There's a cash withdrawal on my account that I didn't make,Disputes
Why is there a cash withdrawal I didn't make?,Disputes
The app says I made a cash withdrawal that I didn't make,Disputes
Help! I think someone has made a cash withdrawal with my card!,Disputes
What do I do when a charge has been made that I did not make?,Disputes
I need your help immediately.  There is a 500£ cash withdrawal that I know nothing about.  I think my account has become compromised.,Disputes
Can you tell me what this cash withdrawal is?,Disputes
How can I verify if a cash withdrawal was made from my account? I still have my card with me but I did not authorize the withdrawal that just occurred.,Disputes
"I think someone might have a copy of my card because a 500 dollar withdrawal was made, and it wasn't me. Can you please help?",Disputes
"Someone has access to my card info.  I still have the card, but someone just withdrew cash.  How do I get this corrected/stopped?!",Disputes
Why is my app showing me taking money that I did not take out?,Disputes
"I see in the app some cash was withdrawn, but it's not mine.",Disputes
There is a withdrawal in my account I didn't make.,Disputes
What is the strange cash withdrawal on my statement?,Disputes
Why would the app show a withdrawal that I did not make?,Disputes
I have a cash withdrawal in my statement. Why is that?,Disputes
i didnt put that money in my account,Disputes
Some cash withdrawal that I didn't make showed up in the app.,Disputes
There is a cash withdrawl I don't remember.,Disputes
"Someone stole my account, there's a withdrawal but it wasn't me, can we put a stop to it please?",Disputes
There are funds showing in my app that I did not receive.,Disputes
I didn't withdraw cash but I see that transaction on my app,Disputes
I have a cash withdrawal that I don't recognize.,Disputes
"My wallet was just stolen, and they've already used my card! Please help, I can't afford to lose more money!",Disputes
"Please help me, its urgent. Someone has withdrawn money from my account as few hours before my wallet has been. Now i want to stop withdrawal of more money.",Disputes
Help!  There is a cash withdrawl on the account that I didn't make!,Disputes
There is a cash withdrawal on my statement that I don't recognize,Disputes
The app is showing mt withdrawals that aren't  mine.,Disputes
"My app says I made a withdrawal, but I didn't.",Disputes
There is random cash in my account.,Disputes
A cash withdrawal that I didn't authorize is shown on my account - can you please cancel my card as soon as possible?,Disputes
Cash I did not get showed up in my account,Disputes
My app says I withdraw funds from my account through an ATM.,Disputes
"There has been an unusual withdrawal from my account, can you help?",Disputes
Some cash I didn't get shows in my app,Disputes
How much is the exchange fee?,Payments
Are there any hidden extra fees for currency exchanges?,Payments
If I exchange currencies on a frequent basis can I receive a discount?,Payments
Is there any cost to change foreign money to local?,Payments
What are the currency exchange fees?,Payments
Do you charge a fee on currency exchange?,Payments
What is the current exchange fee?,Payments
Will I be charged an extra fee if I need to exchange currency?,Payments
Currency exchanges have any extra fees?,Payments
Does it cost extra to exchange foreign currencies?,Payments
Is there any type of fee for currency exchange?,Payments
How much more do you charge for currency exchange?,Payments
"When exchanging currencies, is there an extra fee?",Payments
Exchange fee help?,Payments
What's the exchange fee?,Payments
exchanging currencies costs what?,Payments
How much will I be charged for a cross-currency exchange?,Payments
How much extra will I be charged for exchanging foreign currency?,Payments
Do I pay extra for exchange?,Payments
Do I need to pay extra for exchanging currencies?,Payments
How much to exchange currencies?,Payments
Could you help my figure out the exchange fee?,Payments
IS there a fee to exchange currency?,Payments
Do I get a discount if I exchange currencies a lot?,Payments
What kind of costs are involved for exchanging currency?,Payments
Are there any discounts in exchanging currencies frequently?,Payments
Do you offer any discounts for someone who exchanges currencies frequently?,Payments
Is there a pay structure for currency exchanges?,Payments
would I need to pay extra for exchanging currencies?,Payments
What is the charge for exchanging currencies?,Payments
Are there any discounts for frequent currency exchanges?,Payments
how much do I have to pay for exchange of currency?,Payments
I need to exchange foreign currency will i be charged?,Payments
"Since I need to exchange currencies frequently, would you be able to offer me a discount?",Payments
"always exchanging currencies, do you offer a discount?",Payments
How much do I have to pay to accept an international transfer?,Payments
is there a foreign currencies charge?,Payments
I exchange my currency quite a bit.  Do I get an exchange price break?,Payments
"If I exchange currencies on a regular basis, is there a discount?",Payments
Do you charge extra for exchanging currencies?,Payments
Will there be a charge for exchanging foreign currency?,Payments
What's the cost for exchanges?,Payments
How much does currency exchange cost?,Payments
My currencies needed to be exchanged often and I was wondering if there were any discounts available for this?,Payments
is there a frequent currency discount?,Payments
Would I need to pay extra for currency exchanges?,Payments
Are there any extras for exchanging currency?,Payments
Will I get charged on a foreign currencies exchange?,Payments
Fees for currency exchange,Payments
"I travel a lot, can I get a bulk currency exchange discount?",Payments
what is the cost for exchanging currencies?,Payments
Do exchanges cost more?,Payments
Do currency exchanges cost extra?,Payments
Is there an additional cost to exchange currencies?,Payments
"I've been to several different countries, can I exchange the cash with a discount for a large transaction?",Payments
What do you charge for an exchange fee?,Payments
I exchange currencies a lot.  Can I get a discount?,Payments
Is there a charge for exchanging foreign currencies?,Payments
What is the fee for accepting money from a foreign country?,Payments
Is there a fee for currency exchange?,Payments
How much do you charge for exchange rates?,Payments
Will I have to pay extra to exchange money?,Payments
"If I exchange foreign currency, are there any other charges?",Payments
What is the cost for currency exchanges?,Payments
Do yo charge a fee for exchanging foreign currencies?,Payments
What is the exchange fee that is charged?,Payments
How much does it cost to exchange my balance into a foreign currency?,Payments
Are there discounts for frequent currency exchanges?,Payments
What is the currency exchange fee?,Payments
Do you offer a discount for those who perform frequent currency exchanges?,Payments
What kind of charges should I expect to exchange currencies?,Payments
What is your currency exchange fee?,Payments
I have foreign currency i would like to change how much will it cost me?,Payments
Is there a charge for exchanging foreign currency?,Payments
"If I exchange currency frequently, can I get a discounted rate?",Payments
Will there be a cost if I exchange currency?,Payments
What fee will be charged for exchanges?,Payments
Can I have a discount if I exchange currency often?,Payments
Will you charge me for exchanging foreign currencies?,Payments
What is the rate for exchange fees?,Payments
What is the charge for exchanging currency?,Payments
Is there a fee for exchanging currency?,Payments
Does a discount apply if I exchange currencies frequently?,Payments
How high is the exchange fee?,Payments
"If I exchange currencies frequently, is there a discount?",Payments
How much is the charge for a foreign currency exchange?,Payments
How much will I be charged for exchanging foreign currency,Payments
Will I be charged for exchanging foreign currencies?,Payments
Is there a few for exchanging foreign currencies?,Payments
Please tell me what the exchange fee is.,Payments
Please provide currency exchange rates,Payments
What are the charges if I exchange foreign currency?,Payments
Do I get any sort of discount on volume for a lot fo currency exchanges?,Payments
Any extra charges for exchanging currencies?,Payments
Are currency exchanges free?,Payments
Will there be any extra fees if I exchange currencies?,Payments
Does it cost anything to do currency exchanges?,Payments
Is it free to exchange currency?,Payments
"If someone in a different country sends me money, do I have to pay a fee?",Payments
how much is it to exchange currency,Payments
Do I have to pay more for exchanges?,Payments
Can I be charged for exchanging foreign currency?,Payments
"Would you be able to offer me a discount, since I need to exchange currencies frequently?",Payments
Is it possible to have a discount for exchanging currency frequently?,Payments
What's the fee for exchange of foreign currencies?,Payments
"My job requires me to do a lot of exchanging currency, and I was wondering about any possible discounts or lower prices.",Payments
I wanted to know what discounts were offered for current exchanges as it is something that occurs frequently.,Payments
Are there any fees when exchanging to foreign currencies?,Payments
are there any exchange fees,Payments
Is there an extra fee to exchange currencies?,Payments
What is the fee for a foreign currency exchange?,Payments
Do I need to pay more for exchanging currencies?,Payments
where do i find out about exchange fees,Payments
What exactly is the exchange fee?,Payments
I need to exchange some foreign currency. What's the charge for doing that?,Payments
Is there an additional charge to exchange currencies?,Payments
Is there an extra charge to exchange different currencies?,Payments
Is there a discount for multiple currency exchanges?,Payments
Can you tell me about the exchange fee?,Payments
Can you tell me what the exchange fee is?,Payments
What commission do you take for currency exchage?,Payments
What is the charge for using a Top up card in the US?,Topups
What is the fee for topping up a US card?,Topups
What fees are charged when I top up,Topups
Is there a charge for topping up by card?,Topups
Which US cards have top up charges?,Topups
Will you charge me if I top up by card?,Topups
how much does it cost to add money to my card,Topups
How much are the fees for adding funds using an international card?,Topups
Does it cost money to top up?,Topups
should i add money via bank transfer instead,Topups
Do I have to pay extra if I use an international card to top up my account?,Topups
What are the charges for topping up US card?,Topups
Do you charge if I use a European bank card for top up?,Topups
"I need to top up, but I have to use an international card.  Is there a cost for that?",Topups
how much does it cost to add money,Topups
Will I be charged for topping up?,Topups
Do you have any fees if I want to add money using an international card.,Topups
"I am wanting to refill my card, is there a charge?",Topups
Is there a fee to add money to an international card?,Topups
Does it cost to add money to my card?,Topups
Do I get charged for a top up from a European bank?,Topups
Are their fee's for top ups?,Topups
Does it cost to top up my card?,Topups
how much is the fee for topping by card,Topups
What is the fee if I use a European bank for a top up?,Topups
Are there any charges for using a bank card to top up,Topups
I was wondering if you will take any fees in exchange for top ups?,Topups
Are there any charges for European bank card for top up?,Topups
Are there still fees for european top-ups?,Topups
How much are you going to charge me if I top up my US card?,Topups
Will I be charged a fee to top up using a debit or credit card?,Topups
If I top up using a European card is there a charge?,Topups
Will I see fees from adding money with an international card?,Topups
Do you charge extra for topping up with a debit or credit card?,Topups
Is there a fee for european bank cards?,Topups
What are the top up charges for all US cards?,Topups
When I add money to my international card do you charge a fee to do so?,Topups
Is there a top charge for US cards?,Topups
Are there going to be fees from adding money with an international card?,Topups
What is the charge for topping up a card?,Topups
Does it cost anything to top up?,Topups
Are there any charges for topping up a US-issued card?,Topups
What fees to you have for top ups?,Topups
Is there a fee to top up a US card using a debit or credit card?,Topups
Do I get charged if I top up with my European bank card?,Topups
How much is the charge to top up via credit card?,Topups
Are you going to charge me to top up my card?,Topups
What do you charge to top up US cards?,Topups
Are there top up charges for US cards?,Topups
How much does it cost to top up a US-issued card?,Topups
Will you charge me for topping up with a European card?,Topups
Do you charge a fee for adding money in USD?,Topups
Are there charges for using a bank card to top up,Topups
Are there fees for using an international card to top up?,Topups
I topped off my card is that something you will charge me for?,Topups
how should i add money to my card,Topups
is it free to add money to my card,Topups
Will I be charged any fees if I want to add money with an international card?,Topups
Can I top up for free using a European card?,Topups
Is topping up free?,Topups
Is USD free to top up with a US card?,Topups
how much do you charge to top up US cards?,Topups
Is it free for top ups?,Topups
what is the fee for topping up by card?,Topups
Is there a charge to use a Top up card in the US?,Topups
Will I get charged fees when I add money with an international card?,Topups
Are there any charges for topping up my card?,Topups
Is there a top-up fee if you add money in USD?,Topups
Will I get charged for topping up with an international card?,Topups
how much for topping up by card?,Topups
Is there a fee for topping off a US card?,Topups
Do you charge a fee for topping up a card?,Topups
Do you have any card fees if I want to add money using an international card?,Topups
What is the Top up rate charge for using a card in the US?,Topups
Is there a fee for topping up a card?,Topups
Will you charge me more if I use a European bank card for a top up?,Topups
Is there a fee when I add money to my international card?,Topups
Is there any fees for top ups?,Topups
Can I get information on topping up?,Topups
Is there a fee for topping up by charge card?,Topups
Are there any charges for top ups?,Topups
What are the top-up fees for my card?,Topups
Would I be charged any fees if I added money to my account using an international card?,Topups
Where can i top my card for free?,Topups
What top up charges are there for US cards?,Topups
Is there a charge for using an European bank card for top up?,Topups
Will you charge an extra fee for top ups?,Topups
What do I need to know about topping up?,Topups
Will it cost extra to add money to an international card?,Topups
What options do I have when topping up a US card?,Topups
Is there a charge for top-ups?,Topups
How much does it cost to us US cards?,Topups
I am worried about fees for top up cards?,Topups
Will I be charged a fee for topping up using a European card?,Topups
I need to know what charges I will incur for using a European card for top up.,Topups
"If I add money with an international card, are there any fees?",Topups
can I be charged for topping up by card,Topups
What fees are there for adding money using an international card,Topups
What are the top up fees for using an European bank card?,Topups
Are there fees for adding money with an International card?,Topups
European bank card for top up will come with any extra fees?,Topups
Are there any fees if I want to add money using an international card?,Topups
"If I were to use a European bank card for a top up, will I incur a charge?",Topups
Will you charge me more if I top up with an international card?,Topups
Will I be charged for adding money using an international card?,Topups
How much is it to use my US debit or credit card to top up?,Topups
Will there be extra charges regarding to adding money into my international card?,Topups
Will you assess me more fees if I top up with an international card?,Topups
Is there a fee for adding funds with a credit card?,Topups
Will there be any fees for top ups?,Topups
"If US cards have a top up charge, what is it?",Topups
What are the fees for using a European bank card?,Topups
How much does top up fees cost?,Topups
"I want to add money to my international card, so are there any fees charged to do this?",Topups
Please help me with my card.  It won't activate.,Cards
I tired but an unable to activate my card.,Cards
I want to start using my card.,Cards
How do I verify my new card?,Cards
I tried activating my plug-in and it didn't piece of work,Cards
How do i activate my card,Cards
Can someone assist me with activating my card?,Cards
My card needs to be activated.,Cards
I was unable to activate my card.,Cards
Is my card ready for use or does it need activated and if so how?,Cards
Help me activate my new card.,Cards
Do I need a photo ID to activate a my new card?,Cards
"I just got my new card, how do I activate it?",Cards
Can I have my card activated?,Cards
i cant seem to activate card,Cards
It won't let me activate my card.,Cards
I tried activation my card and it didn't employment,Cards
I want to use my card. How do I activate it?,Cards
Activate my card,Cards
Can I get some help activating my new card?,Cards
Is my card activated?,Cards
I would like to activate my card.,Cards
Can I call to get my card activated?,Cards
How can I activate my new card? I didn't recieve any information with it about how to do so.,Cards
How do I activate my new card I just got?,Cards
will you be able to activate my card,Cards
Can I get some help to get me card activated?,Cards
I want to activate my new card.,Cards
What would II do if I wanted to activate my new card,Cards
What needs to be done to activate and use a card?,Cards
Can I activate my card?,Cards
I need assistance activating my card?,Cards
I need assistance with activating my new card.,Cards
How do I get my card active?,Cards
What do I have to do to activate my card?,Cards
What is needed to activate my card?,Cards
How can my new card be activated?,Cards
Can you activate my card pls,Cards
How do I turn on my new card?,Cards
Please assist me in activating the card.,Cards
Would you be so kind as to activate my card? Thanks,Cards
I tried activating my card and it doesn't work how do I solve this problem?,Cards
Can I activate my card with the app?,Cards
"I want to start using my card, how do I activate it?",Cards
What is the process to activate a card,Cards
"Hi, would you please activate my card?",Cards
What do I need for activation of my card?,Cards
"How do I activate my card, so that I can start using it?",Cards
I need my card activated.,Cards
I would like to be assisted with the activation of my card.,Cards
I just received my card and I'd like to activate it.,Cards
can you assist me in activating my card?,Cards
How do I activate my card to start using it?,Cards
Instructions for activating card,Cards
What do I need to do for the card activation?,Cards
"I am unable to activate my card, it won't let me.",Cards
When are you going to activate my card?,Cards
I need to activate my card.,Cards
How can I activate my new card?,Cards
What do I do to activate?,Cards
What steps do I have to take to activate my card?,Cards
"My new card just arrived, how can I activate it?",Cards
I am having trouble activating my card.,Cards
My card is not able to be activated how do I get it to work?,Cards
I'm not able to activate my card how do I fix this problem?,Cards
I cannot activate my card.,Cards
How can I activate the new card i got?,Cards
how long should i wait ti activate my card,Cards
How do I activate a card?,Cards
What is the procedure for activating this card?,Cards
My card needs to be activated asap,Cards
What is the most efficient way to activate my new card?,Cards
I couldn't complete card activation.,Cards
Who do I call to activate my new card?,Cards
"You can activate your card in a few seconds by going to account, hitting activate, and just following the directions.",Cards
Tell me what I need to do to activate my card.,Cards
What is the process for activating a new card.,Cards
My card activation is failing.,Cards
"I need to activate my card, how is that done?",Cards
I would like to activate my card what do I need to do?,Cards
I have my card now how do I activate it?,Cards
How long does it take to activate my card?,Cards
How do I activate my card so I can start using it?,Cards
Explain the activation method for this card,Cards
Can someone assist me with activating my new card?,Cards
What is the process for activating my new card?,Cards
I would like to have assistance with activating my card.,Cards
Tell me how to renew my new card?,Cards
My new card came in.  How do I activate?,Cards
How do I active this card?,Cards
what are the steps to activate my card?,Cards
I have a new card and need to activate it,Cards
I would like to get help from someone in your customer service department with assisting me with activating my card.,Cards
What are the steps that I need to take to activate a new card?,Cards
I tried activating my card and it didn't work,Cards
I need my card to be activated right now.,Cards
What information do I need to gather in order to activate my card?,Cards
what do i need to have with me to activate card,Cards
What am I going to need in order to activate my card?,Cards
Show me how to activate my card,Cards
I need more assistance with how to activate my card.,Cards
Can you tell me how I go about activating a new card?,Cards
My new card needs activating.,Cards
Where do I activate my card?,Cards
Do you know the process how to activate my card?,Cards
How can i make my card active?,Cards
Please help me with the activation of the new card.,Cards
Can you help me activate my card,Cards
My card activation attempt failed.,Cards
"I just got a new card, and I want to know how to activate.",Cards
Would it be possible to activate my card?,Cards
Card activation steps,Cards
What is the process for activating my card and using it?,Cards
I have a new card and I need to activate it.,Cards
Do I have to go somewhere to activate my card?,Cards
What do I do to activate my new card?,Cards
I just got a new card how do I get it to start working?,Cards
I need assistance to activate the card on my account.,Cards
I can't activate my card?,Cards
"My new card is here, what's the process for activating it?",Cards
Where can I activate my card?,Cards
How can I switch on my new card?,Cards
"With my new card, how may I activate it?",Cards
Help me activate my card.,Cards
"How long does it take to activate the card, as it does not look like its working?",Cards
"You can do that in just a few seconds. Go to account, hit activate, and follow the directions from there.",Cards
Card activation is not working. What do i do?,Cards
What identification is required to activate my card?,Cards
I need to do a card activation.,Cards
"I want to activate my card, how do I do it?",Cards
I want to activate the card.,Cards
I am planning activating my card was it possible?,Cards
The activation process for my card isn't working.,Cards
Could you please tell me how to activate my new card?,Cards
I need to actuate my card.,Cards
I need info on activating my card?,Cards
I would like my card activated.,Cards
How can I make my card ready to use?,Cards
Can I use my new card?,Cards
What steps do I have to go through in order to activate my new card?,Cards
I have a new card. How do I activate it?,Cards
"The activation process did not work, please help?",Cards
I just got my card and cannot get it to work.,Cards
"Just received my replacement card, what steps do i need to take to activate it?",Cards
"I want to use my card, how would I activate it?",Cards
How do I activate my new card,Cards
"What are the steps to activate the card, as it does not seem to work?",Cards
I just got my new card.  How can I activate it?,Cards
Please assist me with activation.,Cards
Where do I go to activate my card?,Cards
"If you to to account, hit activate, and follow the instructions, you can activate it in just a few seconds.",Cards
Is my new card activated?,Cards
Help my activate my card.,Cards
i cannot seem to activate card,Cards
What do I need to do in order to use my card I just got?,Cards
"My new card has arrived, what's the activation procedure?",Cards
How can my new card be renewed?,Cards
What is the proper way to activate a card?,Cards
How do I activate my card that just arrived?,Cards
Why is there a charge when I took out money?,Payments
Why have I been charged a fee for cash withdrawal?,Payments
I made a cash withdrawl and there is a charge.  What is this?,Payments
I am inquiring about why there was an extra fee charged when I used an ATM.,Payments
Why am I being charged extra when I withdrew money?,Payments
Why am I charged to get money from the ATM?,Payments
I saw I was charged extra for money I withdrew?,Payments
Is there an extra fee for using an ATM?,Payments
Why did they take more money out then I withdrawed?,Payments
I withdrew cash and was charged,Payments
why has a cash withdrawal charged me?,Payments
I was charged for getting cash.,Payments
"Hello, I have a question concerning an unfamiliar fee that I notice on my account. I see that you guys charge for ATM withdrawal. Never notice this fee until now. Can you please explain?",Payments
Why am I charged a fee for withdrawing cash?,Payments
Why was there a fee for my cash withdrawal?,Payments
I don't understand why I was charged extra for withdrawing money?,Payments
I made a transaction at an atm and was charged extra for it.,Payments
"I was charged extra when I made a cash withdraw, why?",Payments
Why was I charged for cash withdrawal?,Payments
Why was there a fee on my cash withdrawal?,Payments
Why was I charged for a cash withdrawal at the ATM?,Payments
Since when do you charge to make a withdrawal? I've always done it for free. So how much is it now?,Payments
WHY IS THERE AN EXTRA FEE FOR USING THE ATM??!!!,Payments
Is the fee with my cash withdrawal a mistake?,Payments
Why did using an ATM cause me to have an extra fee charged?,Payments
"Why am I being charged for ATM cash withdrawals? The only reason I use it is because it's been free! Now you expect me to pay for them, and how much is that going to cost me?",Payments
Why was my account assessed a fee for an ATM transaction?,Payments
Why am I being charged for ATM fees?,Payments
Why have I been charged for pulling cash out of my own account?,Payments
Why was i charged for making a withdrawal? After i went grocery shopping i withdrew some money from my account and now there is another charge.,Payments
Do you charge for making a withdrawal? I took some money out of my account earlier and I was charged for this.,Payments
"So, I was just charged for my recent ATM withdrawal and any withdrawal prior to this has been free. What is the issue here?",Payments
Why was I charged an extra fee when using an ATM?,Payments
When I got cash I was charged an extra fee!  Explain!,Payments
"I am not supposed to be charged a cash withdrawal fee, but I was.",Payments
I have a question about fee for cash withdraw.,Payments
Could you explain your rules for ATM fees?,Payments
How do I avoid a fee to use an ATM?,Payments
How much can I withdrawal in one month without incurring fees?,Payments
Am I charged more for using the ATM?,Payments
"I just pulled money out of the ATM and was charged a fee, WHy?",Payments
Why was I charged for withdrawing cash?,Payments
"When I withdrew my money, why was there an extra charge?",Payments
I took out money and there is a fee.  Why?,Payments
Is there a cash withdrawal fee? Because I just got charged?,Payments
"Hello, I wanted to get some more information about ATM Withdraw Fee. I have been withdrawing money for years and notice this charge on my account. I always thought it was no fee since its you guys ATM company that I am withdrawing. Can you please explain?",Payments
How much money can I withdraw before fees? I noticed a fee on my card but I didn't think I had hit the limit of how much I could withdraw in a month.,Payments
"This is not right, I was told I could take out cash at the ATM for free?",Payments
How come I got to pay to get my money from the ATM?,Payments
"I just saw a charge for a cash withdrawal that I made! ATM withdrawals have always been free in the past, so why is there suddenly a charge? What is it going to cost me now?",Payments
"Why are you charging for cash withdrawals? I went to withdraw some money earlier today after getting my groceries, and it appears there is a fee that wasn't there before",Payments
What's up with the fee for getting cash?,Payments
"I was told that withdrawing cash from the ATM is free, but I'm charged a fee. Why is this?",Payments
Why are fees charged for cash withdrawals? I went to withdraw some money earlier today after shopping. There's a new fee that there.,Payments
"When I withdrew money from my account the other day, I noticed that there was a fee.  I didn't think that there were any fees for withdrawals...?  How much will I be charged?",Payments
I thought it was free to make a withdrawal. So how much does it cost now?,Payments
I just had a look at my statement. Why have I been changed for using the ATM?,Payments
Why are you charging me for ATM withdrawal? It has always been free before.,Payments
Is there a reason I was charged an extra fee for using the ATM?,Payments
There was an extra fee when I was at the ATM.  Why?,Payments
"I hate this ATM, it charged me an extra fee, Why did it charge?",Payments
Why is it I am charged an extra fee when I use the ATM?,Payments
What's up with the extra fee I got?,Payments
Tell me why there is a charge on my cash withdrawl.,Payments
Why was I charged for getting cash?,Payments
Why am I being charged to make cash withdrawals? I thought they were supposed to be free!,Payments
I should not have been charged a fee for cash withdrawal.,Payments
I got charged a fee that shouldn't be there from my cash,Payments
I was charged a fee for withdrawing cash.,Payments
"I want to get some cash from the ATM using my card but I dont want to be charged any fees. Ive taken some money out before with no fees, but recently Ive been getting charged. Why?",Payments
"I got this stupid fee after taking cash out, why?",Payments
"I was charged for a cash withdrawal, why?",Payments
I got cash and was charged a fee that shouldn't be there!,Payments
Please help!  There was an extra fee when I got cash.,Payments
Why have I all of a sudden been charged for my ATM withdrawal? I thought the withdrawals were free because this is the first time I've ever had this problem.,Payments
Can you tell me why I was charged to withdraw cash?,Payments
Why was I charged a fee when I withdrew money?,Payments
How come my cash withdrawal came with an unnecessary fee?!,Payments
A percentage fee was charged to my withdrawal.,Payments
Will I be charged for a cash withdrawal?,Payments
Explain the extra ATM fees.,Payments
"I just took some cash out of a cash machine in Heathrow airport because I wanted to buy some new sunglasses for my holiday but you've added a fee to the withdrawal, what is this?",Payments
The bank charged me fees for withdrawing cash!,Payments
Why am I charged a fee for getting cash?,Payments
I used an ATM and wanted to know why I was charged an extra fee.,Payments
Is there a fee for a cash withdrawal?,Payments
"I was charged a fee when withdrawing cash, can you explain why?",Payments
"I received a fee for obtaining cash, is this correct?",Payments
Today I noticed a charge for an ATM withdrawal on my account. Can you please fix this? It's supposed to be no charge.,Payments
Why are you charging fees on cash withdrawals? I went to withdraw some money earlier today after buying groceries. There's a fee that wasn't there before.,Payments
Is there a charge for cash withdrawals? I always thought it was free.,Payments
Tell me why there is an extra charge when I used an ATM?,Payments
Why did you charge me extra for withdrawing money?,Payments
Is there always a charge when withdrawing money?,Payments
I have a fee for cash withdrawal,Payments
Make me understand why I am charged an extra fee when I use the ATM.,Payments
Why am I being charge a fee when using an ATM?,Payments
I was under the impression ATM cash withdrawals were free. Why was I suddenly charged for my most recent ATM transaction?,Payments
I didn't realize that there were any fees for withdrawing money from my account--this has never happened to me before.  What exactly are the fees?,Payments
Are there ATM fees?,Payments
"Do you charge for cash withdrawals?  I want to get my hands on my own money and you appear to be charging me for the pleasure! Why is this, you'd never get this with my high street bank!",Payments
"Is there a fee when I get cash from an ATM? Is there a limit I can take out? If there is a fee, what is it?",Payments
Why was there a fee when I pulled cash?,Payments
"The ATM charged me an extra fee, Why?",Payments
Why am I being charged for withdrawing cash but haven't in the past?,Payments
Why did I get a fee for getting cash?,Payments
I have been charged a fee for getting cash,Payments
Why did I get charged when getting cash?,Payments
I made a cash withdrawal and was charged a fee incorrectly can you help with this?,Payments
I got charged fees for withdrawing cash!,Payments
Since when were there charges for taking out cash from my account? It's always been free for me to do this before.  How much are the charges going to be?,Payments
There was an unexpected fee for my cash withdrawal!,Payments
There was an extra fee on my account when I got cash.,Payments
"While getting cash, I was charged a fee.",Payments
Why did I get charged for a withdrawal?,Payments
How come I got charged extra for withdrawing cash?,Payments
Why am I being charged for getting cash?,Payments
Why do I see extra charges for withdrawing my money?,Payments
Anytime I've made an ATM withdrawal before it has always been free. I now say that I have been charged for my most recent ATM withdrawal. What's going on here?,Payments
What's going on? I was just recently charged for an ATM withdrawal. I've never seen this charge before and before it's always been free.,Payments
I saw a fee on my receipt from withdrawing money while shopping earlier.  Is there supposed to be a fee for this type of transaction?,Payments
Why was I charged an extra fee from the ATM?,Payments
"extra fees on a cash withdrawal, not cool.",Payments
Why am I being charged certain fees? I noticed a fee after I withdrew some money for groceries earlier today.,Payments
Have you started charging for cash withdrawals? I always thought it was free until I noticed this fee. How much is the fee?,Payments
Can you tell me why I was charged extra when I withdrew money?,Payments
"It seems I've suddenly been charged for my recent ATM cash withdrawal. What's up with that? I though withdrawals are free, you never charged me so far!",Payments
I believe i was charged for making a withdrawal after i went grocery shopping. Are you guys charging for this now?,Payments
Why was I charged when taking out money?,Payments
is there a charge on withdrawals?,Payments
Are there charges for cash withdrawals?,Payments
Do I get charged for withdrawals?,Payments
I was recently charged for withdrawing money from my bank ATM. How can that be possible when I haven't been charged for using it before?,Payments
Why did I get charged for withdrawing cash?,Payments
When did you start charging to make a withdrawal? How much is it now? I always thought it was free.,Payments
What was the extra charge for withdrawing money?,Payments
I was charged a fee with my cash withdrawal that I shouldn't have been charged.,Payments
Why is there a fee for cash withdrawal?,Payments
Why did using an ATM cause me to be charged an additional fee?,Payments
Why did I get a fee from the ATM?,Payments
to cash withdrawals charge me?,Payments
Why was I charged a fee on a cash withdrawal?,Payments
i withdraw cash from the ATM and was charged a fee,Payments
"Why did I get charged a fee, I thought it was free?",Payments
"I have never been charged for making an ATM cash withdrawal before, but I am now being charged a fee to withdraw cash. What happened?",Payments
I withdrew cash and was charged. Why?,Payments
Why do I have a charge for an ATM withdrawal? I thought these were free?,Payments
I got a strange fee when I used the ATM.,Payments
I used my card the other day to get cash from an ATM and was charged an extra fee. I don't understand why I am being charged a fee all of a sudden. I thought it was free to withdraw from an ATM?,Payments
Why was there a fee with my cash withdrawal?,Payments
what is this extra charge for a withdrawal?,Payments
Is there a charge for getting cash?,Payments
"Hello, I have noticed a problem on my recent withdrawal at the banks atm machine.  I made a transaction and upon receiving my funds from the machine, a fee was assessed to my withdrawal.  Are these types of transactions free of charge?",Payments
I have a strange transaction on my account which appears to pertain to a cash withdrawal I made outside Nandos in Leeds.  What is that for?  Is it fraud?,Payments
Why did you charge me for taking out cash?,Payments
"The past few times I've been to the ATM, I was charged a withdrawal fee. Have your policies changed regarding fees?",Payments
Why am i being charged for withdrawing cash funds?,Payments
What is your policy on withdrawing cash from an ATM? There is a fee on my account that wasn't there before I paid for my groceries.,Payments
What is the extra fee I was charged when using an ATM?,Payments
Why am I charged whenever I withdraw cash?,Payments
Why did you charge me extra when I withdrew cash?,Payments
I used an ATM and there was an extra charge.,Payments
"that fee should not be there, you charged my cash for an unnecessary thing.",Payments
Why was there an extra charge with the withdrawal of my money?,Payments
Why did you charge a fee when I withdrew from an ATM?,Payments
"Why is there now a charge for making cash withdrawals? I wanted some cash after I went to the grocery store, and there's a new fee!",Payments
Why am I being charged to withdrawal money?,Payments
Why was I charged a fee for my withdrawal?,Payments
Why did withdrawing money cost me extra?,Payments
Why was I charged a fee for withdrawing money off my card?,Payments
What is the fee for a cash withdrawal?,Payments
"I withdrew money and got a fee, please explain",Payments
I used my card to get cash then I was charged a fee that I shouldn't have been charged.,Payments
I noticed a different charge while I was taking my money out.,Payments
Why was I charged a fee for withdrawing money?,Payments
Do cash withdrawals cost anything?,Payments
Why is there a fee for getting cash?,Payments
Are there any express fees if i want my new card faster?,Cards
Do I need to do something to get a new card once it expires?,Cards
"I am overseas in China, can I get a replacement card?",Cards
Can I get a new card with new expiration date in China?,Cards
Are there restrictions on new cards in China?,Cards
"Need a new card, mine is expiring.",Cards
"I need a new card to replace an expired one. Will it cost anything, and how soon?",Cards
My card expires next week. How do I get a new one?,Cards
What is the cost and time frame of getting a new card?,Cards
Is it possible to get a new card in China?,Cards
Does it cost much or take long to get a new card? Mine is about to expire.,Cards
Are there steps I need to take before my card expires?,Cards
My card is about to expire.  How do I get a new card?,Cards
Will I receive a new card when mine expires?,Cards
My card is due to expire,Cards
What do I do if my card expires soon?,Cards
"If I am in China, can I still order a new card and if so, how?",Cards
"In a month, my card will reach its expiration date, am I required to request the next card?",Cards
What happens if my card expires?,Cards
"My card's expiring a month from now, should I place an order for the new card?",Cards
Will I be sent a new card before mine expires?,Cards
The date my card expires is coming up,Cards
How can I replace an expired card?,Cards
How do I get a new card sent to China?,Cards
After my card expires what should I do?,Cards
My card is about to expire. What do I need to do to keep using my card?,Cards
"My card will expire soon, do I need to order a new one?",Cards
Where can I have a new bank card sent to China?,Cards
I'm in China and need a new card. Please help.,Cards
Tell me what I should do after my card expires.,Cards
How do I know when my card will expire?,Cards
What is the procedure for an expired card?,Cards
How do I order a new card when my old one is ready to expire?,Cards
What do I do if my card is about to expire?,Cards
What happens after my card expires?,Cards
Where can I order a card when I am in China?,Cards
How do I replace a card that's going to expire?,Cards
If my card becomes expired what can I do?,Cards
What steps should I take before my card expires?,Cards
I need a new card before it expires.,Cards
"When will I get a new card when I order it, and how much will it cost.",Cards
Can I wait for you to send me a new card when mine's about to expire?,Cards
"When my card expires soon, how fast is the replacement card sent and what are the costs?",Cards
How do I order a new card? The current one is about to expire.,Cards
Can I order a new card to China?,Cards
Is ordering a new card from China available?,Cards
What to do if my card is about to expire?,Cards
My card is about to expire.  Are there any costs with a replacement card?  How quick do you mail it to me?,Cards
Is there a way to order a new card while in China?,Cards
"The expiration date on my card is very soon, and I need to get a new one.  What are the price and delivery options for my replacement card?",Cards
If my card is about to expire how long would it take to receive a new one and how much would that cost me?,Cards
My card is about to expire.  How do I order another?,Cards
"My card is expiring soon, How do I order a new card?",Cards
I need to order a new card as my old one will expire soon. Can you tell me how to order a new one?,Cards
When my card expires what is the cost of a replacement and how fast?,Cards
I will need a new card because mine is almost expired.  How fast do I get a replacement and what is the cost?,Cards
Do I need to order a new card if mine is expiring?,Cards
"My card will expire next month, will I need to order a new one?",Cards
Am I able to get this shipped to China?,Cards
My card expires very soon.  What is the cost and delivery time to get a new one?,Cards
"The expiration date for my card is coming up, how do I get a new card?",Cards
Tell me how to replace my expired card.,Cards
Can I order a new card by phone?,Cards
My card is expiring soon.,Cards
My card is about to expired what will happen?,Cards
What should I do when my card reaches its expiry date?,Cards
Please inform me how to get a new card as mine is about to expire.,Cards
"My card expires soon, will you send me one automatically?",Cards
want a new card what are the fees,Cards
My card's expiration date is close.,Cards
What will happen after my card expires?,Cards
Can I get a new card in China?,Cards
"My card is about to expire, what do I do?",Cards
Can I order a new card with the app?,Cards
How do I replace my card before it expires next month?,Cards
My card is expiring so how fast can I get a new one and how much will it be?,Cards
"I need a new card, my old card is expiring.",Cards
How do I replace my card before it expires?,Cards
What can I expect at card expiration?,Cards
"If I order a new card, how much will it be and how long will it take me to get it?",Cards
How can I get a card sent to China?,Cards
What should I do once my card expires?,Cards
How do I order a new card if my current one is about to expire?,Cards
"I want to get a new card before my current one expires, how much will it cost me and how long will it take to get here.",Cards
"My card is going to expire, what do I do?",Cards
Do I need to order a new card before it expires?,Cards
Does it cost anything to get a new card? Mine's about to expire and I'd also like to know how long it takes to get the new one.,Cards
"My bank card has expired, how can I get a new physical card?",Cards
how to get a new card in china,Cards
How do I go about ordering a new bank card?,Cards
"I have a card that expires in the coming month, do I have to specifically ask for the updated card?",Cards
"If my card expires next month, will I need to order a new one?",Cards
"The expiration of my card is near, how do I order a new card?",Cards
What do I do after my card expires?,Cards
Do I need to re-apply to order a new card when my old one's about to expire?,Cards
I need to renew a card that's about to expire,Cards
"If my card is going to expire this month, do I need to order a new one?",Cards
"Soon my card will expire, how do I get a new one?",Cards
Can I order a new card?  Mine is about to expire.,Cards
My card is due to expire soon.,Cards
Can I keep using my card after it expires?,Cards
How do I replace my card?,Cards
Are new cards available from China?,Cards
My card is almost going to expire.,Cards
I'm in China and really need a new card.,Cards
"My card will expire soon, When do I need to order a new one?",Cards
Does it cost anything and how long would it take to get a card if I need a new one? My card is about to expire.,Cards
My card is about to expire. Do I have to go to a branch to order a new card?,Cards
Will you send me a new card in China?,Cards
What do I do about my expired card?,Cards
Can I have a new card shipped to China?,Cards
Am I able to have a card sent to China?,Cards
"My card's expiration is approaching, how do I replace it.",Cards
How do I get a new card when my old one expires?,Cards
What happens when my card expires?,Cards
What is the process when my card is due to expire?,Cards
My card expires soon,Cards
My card is almost expired.  How fast will I get a new one and what is the cost?,Cards
What is the process to get a new card when your old one expires?,Cards
Help me order a new card that's going to be expired soon.,Cards
What do I do when I get close to the expiration date of my card?,Cards
My card is about to expire.  Where do I get a new one.,Cards
want to get a new card in china,Cards
Can you give me info about what to do when my card expires?,Cards
"My card has an expiration date, will you send a new one automatically?",Cards
Can I get a new card even though I am in China?,Cards
"My card is expiring, how do I get a new one?",Cards
"I think my card is expiring, what happens then?",Cards
How do I get a new expiration date?,Cards
"Hi, I have an apple watch. How do I use it to top up my card?",Topups
Can I use google pay to top up?,Topups
why top up is not working even if I got my American Express in Apple Bay?,Topups
Can I deposit money using Apple Pay?,Topups
Can I use google pay for topping -up,Topups
I do I top up from my Apple Watch?,Topups
"I need to top up, can I use google pay?",Topups
How do I go about topping up with Google Pay?,Topups
google pay top up did not work,Topups
Google play top up help?,Topups
What currencies does google pay top up accept?,Topups
Can I use my American Express card with Apple Pay?,Topups
Why can't I get my top up to work in Apple Pay?,Topups
Can I use my apple watch to top-up?,Topups
Is top-up possible with Apple Pay?,Topups
Why isn't my google top-up pay working?,Topups
What do I do if my Google pay top up isn't working?,Topups
Can I top up with Google Pay?,Topups
Am I able to use Apple Pay?,Topups
"I got my American Express in Apple Pay, why is top up not working in my country?",Topups
Can I add funds directly from my Apple Watch?,Topups
"Apple watch top up help, please?",Topups
"I am having a slight problem with my American express in apple play, can you help me fix the problem with top up?",Topups
"In regards to top-ups, can I do them via Google Pay?",Topups
How do you Top Up on the apple watch?,Topups
Am I able to top up with Apple Pay?,Topups
Can I use top-up with Apple pay?,Topups
"I want to top up from my Apple Watch, can I?",Topups
Can I use the apple watch to make a top-up?,Topups
"My American express works with my apple pay, why is top up not working?",Topups
I would like to know if I can top up with Google Pay.,Topups
Can I top-up via Apple Pay?,Topups
Can I top up using my apple watch?,Topups
Why is top up not working for my apple pay app,Topups
Can I use Apple Pay to top-up?,Topups
Why doesn't my Google pay top up work?,Topups
How can I set up Google Pay on my device?,Topups
Can you show me how to top up with Google play?,Topups
I seem to be having trouble with my Google Pay Top. Can you please help?,Topups
Does Google Pay offer a top up option?,Topups
"I got my American Express in Apple Pay, why is top up not working on my device?",Topups
How do I get Top Up to work in Apple Pay?,Topups
is apple pay a top up service?,Topups
How do I top up using my Apple Watch?,Topups
I want to top up my account. Can I do it with Google Pay?,Topups
Can I use my apple watch to top up?,Topups
"I received my American Express in Apple Pay, is there a reason why top up is not functioning properly?",Topups
Can I use my Apple Watch to pay for gas?,Topups
I would like to use top-up with my Apple Pay.,Topups
how do I get top up to work for my card,Topups
My google top-up pay is not going through,Topups
how do i set up my apple pay watch to connect to my account,Topups
need help with google pay top up,Topups
My Google pay top up isn't working.,Topups
"Help me please, My Apple Pay American Express top up does not work.",Topups
Are top-ups allowed using Apple Pay?,Topups
Is topping up with Apple Pay possible?,Topups
what can I do if I got my American Express in Apple Bay but top up is not working?,Topups
Top up is not working even though I have my AMEX in apple pay.,Topups
where do I top up my google pay?,Topups
"Using Google Pay, can I top up?",Topups
Why is top up not working if I use my American express with my apple pay?,Topups
Unable to use my American Express with Apple Pay to top up my account,Topups
Does my top up and apple pay work together?,Topups
I can't use top up on Google Pay.,Topups
"I have received my American express in apple play, looks like top up has an issue, please help?",Topups
Why isn't my google pay top up working?,Topups
Is it possible for me to top up with Google Pay?,Topups
Can apple pay handle top up exchanges?,Topups
Am I able to Top Up with Apply Pay?,Topups
How do i top up my google pay?,Topups
I want to top up with my Apple Watch.,Topups
Could google pay and top up be together?,Topups
I can't get google pay to work right.,Topups
Does google play offer the service to Top up?,Topups
Can I top-up my google pay?,Topups
Can I use American express with apple pay? Why does it make my top up not work?,Topups
Can I top up my account with Google Pay?,Topups
I cannot get my google pay to work.,Topups
Is there a way to top up using my Apple Watch?,Topups
I can't get my Google Pay Top to work. Are there any issues on your end?,Topups
can I top up an apple pay?,Topups
Can you explain why my Google Pay Top isn't working?,Topups
Am I able to do top-ups with Google Pay?,Topups
What are the steps needed to top up with Apple Pay?,Topups
"i received my American Express in Apple pay, is there a reason why top up is not working?",Topups
Google Pay Top up isn't working,Topups
Can you help me get Top Up to work in the Apple Pay function?,Topups
Will be Apple Watch be able to let me top up?,Topups
How can I top up with my apple watch?,Topups
What services can I use to top up?,Topups
Can an apple watch be used to tup-up?,Topups
Can I use my Apple watch to fill my gas tank?,Topups
Why isn't my Google Pay top up working for me? Did I do something wrong?,Topups
What should I do to top up using my Apple Watch?,Topups
my google pay seems to be acting up.,Topups
"top up google pay, is it possible?",Topups
is it possible to top-up with google pay.,Topups
how do i setup my apple pay,Topups
is there a way to do top up with apple pay,Topups
top up for my american express card is not working,Topups
How to activate Google Pay for top up?,Topups
My Google pay top up isn't working. Help.,Topups
I can't see my Google Pay top up. Is it not working correctly?,Topups
How can I get my Google pay top up to work?,Topups
Google pay top up not working.,Topups
My Apple Pay top up with my American Express card is not working? Please tell me why,Topups
Is it possible to top up with Google Pay?,Topups
Can top ups be done from an apple watch.,Topups
Can you assist on apple watch top ups?,Topups
"i received my American Express in Apple pay, why is top up not working?",Topups
How can I top up using google pay?,Topups
"i have been trying to add money with apple pay but it wont work, why?",Topups
Google Pay isn't working. What is wrong?,Topups
Google Pay won't let me top up.,Topups
"Apple pay is not accepting my American Express card, can you assist me with this problem?",Topups
"I got my American Express in Apple Pay, why is top up not working correctly?",Topups
"Can you please assist me in Apple Pay, in getting Top Up to work?",Topups
Can I use google play as my primary app to Top up?,Topups
Does Apple Watch support the topping-off of my account?,Topups
I'm trying to use my Apple Watch to top up my google pay. Do I need a special app?,Topups
Can I pay for my gas using my Apple watch?,Topups
"Can Google Pay be used for top up, please help?",Topups
How can I top up with Google play?,Topups
How can I top up with Apple Pay?,Topups
Is it possible to use my apple watch for topping up?,Topups
What do you require for identity verification?,Account
How can I prove I am me?,Account
I need to verify my identity. How do I do that?,Account
How do I verify my identity?,Account
How do I verify my identity online,Account
I'm not sure how to complete the identity checks process.,Account
why must I prove ID,Account
What am I going to need in order to verify my identity?,Account
How do I prove I am who I am?,Account
How and where can I find the identity checks?,Account
What are the requirements to verify my identity?,Account
What do I need to do to perform identity checks?,Account
Show me how to verify my identity?,Account
How recent do my documents need to be for verification?,Account
Can you tell me what I need to do for the identity check process?,Account
What documents are required for proof of identity?,Account
What documents do I need to validate my identity?,Account
Hi! What documents can I use to verify my identity?,Account
what steps do you take to check identity,Account
What will I need to verify my identity,Account
How can I verify my identity?,Account
What proof of identification is needed?,Account
How do I perform identity checks?,Account
What do I need for the identity verification?,Account
Can you tell me what I need for identity validation?,Account
What do you need for the identity verification,Account
What documents do I need to get together to verify my identity?,Account
How do I go through the identity checks?,Account
What steps do I need to take for the identity checking process?,Account
What are the steps to verify identity?,Account
What is the identity verification process?,Account
What are all of the different steps for identity checks?,Account
Where do I go to fill out the identity form?,Account
Please tell me how I verify my identity.,Account
How can I prove who I am?,Account
What works for identity verification?,Account
What do I need in regards to identification?,Account
Please tell me the steps to verify my identity.,Account
What forms of ID do you need for identity verification?,Account
Where can I verify my identity?,Account
I'm not sure what I need to verify my identity.,Account
Can you tell me what i need for the identity check?,Account
What do you require to verify someone's identity?,Account
What are the steps for identity checks?,Account
How do I verify my ID?,Account
If I don't have all my documents can they still verify my identity?,Account
why do I have to show my ID,Account
I don't know how to verify my identity.,Account
Do I need any kind of proof for the identity check?,Account
Can I get a full list of instructions for identity checks?,Account
Let me know what the steps for the identity checks are,Account
What do I need for the verification check?,Account
Where do I go to verify my identity?,Account
What needs to be provided for identity verification?,Account
"I was told to verify my identity, how do I do that?",Account
Can I use my social security card as a form of identity?,Account
with what can I verify my identity?,Account
what documentation do I need for the identity check?,Account
How do I fill out the identity check?,Account
What documentation do you accept for the identity check?,Account
can i verify my identity i the app,Account
What has to be done to verify my identity?,Account
I have to verify my identity. What do I need to do?,Account
What type of ID do you accept?,Account
What do I need for the identity check?,Account
"If I'm getting my identity verified, what all do I need?",Account
Explain how to verify my identity?,Account
What forms of ID work for verification?,Account
What are the steps of verifying an identity?,Account
Can I verify my identity?,Account
Where can I go to find out how to verify my identity?,Account
How do I validate my identity.,Account
im worried about fraud how do you protect my account,Account
What do you demand for identity verification?,Account
"I'm trying to verify my identity but can't figure out how, what do I do?",Account
What documentation is needed for the identity check?,Account
Which documents do I need for this identity check?,Account
What can I use to verify my identity?,Account
What all is needed for the identity verification?,Account
"For the identity check, do I need any kind of documentation?",Account
What is needed for identity verification?,Account
Tell me what the steps for the identity checks are,Account
What are acceptable documents to prove my identity?,Account
"For the identity verification, what do you need?",Account
What documents do you need to verify my identity?,Account
How do i change my identity?,Account
Can I get information on the identity checks?,Account
Where in the app do I go to verify my identity?,Account
How can you assist on verifying my identity?,Account
How do I go about verifying my identity?,Account
why do I need to show ID,Account
What do you require for identification verification?,Account
What forms of ID should I use for verification?,Account
What are the steps for the identity checks?,Account
What ID do I need to verify my identity?,Account
How do I complete the ID check?,Account
How do you check my identity?,Account
What documents do I need for the identity check?,Account
What do I use to verify my identity?,Account
What is needed for the identity verification?,Account
"For the identity check, what kind of documents do I need to have?",Account
What form of identification is accepted?,Account
What is necessary for the identity verification?,Account
what documents do i need to verify who i am,Account
Which countries are you available in?,Account
Where are you cards supported?,Account
How do I get a card if I live in the US?,Account
Please list the countries you support.,Account
Are these cards available in europe?,Account
If I live outside of the UK am I still eligible for a card?,Account
Can I get a card in the EU?,Account
Can I use my card in Austria?,Account
Do you have to be in the UK to get a card?,Account
Can I use this all over the world?,Account
Can I get a card even though I live in the US,Account
Do you provide cards to people not in the UK?,Account
What countries are you located in?,Account
Which countries does your service work in?,Account
Which countries do you operate in,Account
From what countries can I use an account?,Account
Can the card be mailed to Europe?,Account
Who gets support?,Account
i live in portugal. do you operate here?,Account
I live in the EU - can I get a card?,Account
What countries do your accounts send and receive to?,Account
How do I get a card in the EU?,Account
How does a US resident go about acquiring a new card?,Account
Can you tell me the countries you operate in?,Account
As far as courtries go which ones are supported?,Account
May I get one of your cards?  I live in the EU.,Account
can i get a card if I live in the usa?,Account
What countries do you operate in?,Account
Where are you present globally?,Account
What are the countries that you operate in?,Account
Which countries are supported,Account
Is this open to residents of all countries?,Account
Is it possible to get one of your cards in the European Union?,Account
Are you located in other countries?,Account
"Although I am not located in the UK area, may i still receive a card?",Account
can usa residents get a card?,Account
What countries can I use my account in?,Account
What countries are you available in?,Account
Is it possible for a person who lives in the US to get a card?,Account
Are your cards supported in the EU?,Account
Are cards issued to people living in the US?,Account
In which countries does your app work,Account
Any chance of getting the card outside the UK?,Account
Which countries do you work with?,Account
I would like to know the countries you are offer services in?,Account
Can I get a card in the US?,Account
Can I get support?,Account
I don't live in the UK. Can I still get a card?,Account
Can you tell me what countries you offer support for?,Account
Can I use it outside of Europe?,Account
Can I apply for one of your cards if I live in the EU?,Account
can i get a card if i live in the US?,Account
What countries do your services support?,Account
Are cards available to those outside of the UK?,Account
Do you do business in the EU?,Account
Is it possible to get a card outside the UK?,Account
I live in Germany. Is that one of the countries you are in? What other countries are you in?,Account
What are the countries you have offices in?,Account
How do I sign up for a card if I'm in America?,Account
Will my new card work outside of the EU?,Account
Is it possible to get a card when i'm not in the UK?,Account
Can I get a card if I don't reside in the UK?,Account
"If I don't live in the UK, can I get a card?",Account
can I use it in any country?,Account
What countries are you issuing cards for?,Account
Can I get a card? I live in the US.,Account
I would like to get your card in EU. Is that possible?,Account
Do you offer cards for those in other countries?,Account
"I have my residency in the US, but I would love to get a card.",Account
"I reside in the US, but I want a card.",Account
are there any country restrictions?,Account
How do I find out what countries you service and what countries you do not?,Account
what countries can i use my card in,Account
What countries can I use your services?,Account
I live in the EU.  Can I order one of your cards?,Account
Where can I get a card in the EU?,Account
Can I get a card that works in other countries like Africa and Indonesia?,Account
Are you available in my country?,Account
How many countries do you work in?,Account
Are you only able to get a card if you're in the UK?,Account
Which countries do you support?,Account
How do I know which countries you provide service in?,Account
Please tell me how to get a card if I reside in the US.,Account
What countries have access to this service.,Account
"I live in America, but I would like a card.",Account
Do you issue cards for someone living in the US?,Account
Is this card available to Americans?,Account
Can I get a card although I'm not in the UK,Account
"If I don't live in the UK, can I still get a card?",Account
Is there anywhere  In the  Eu  this card can not be delivered in,Account
"I'm not in the UK, but can I still get a card?",Account
In which countries can I get a card?,Account
Can someone in the US have a card?,Account
Can I have a card even if I am not living in the UK?,Account
You operate in which countries?,Account
i want to get a card but i live in the US,Account
What are your supported countries?,Account
where do you have locations at,Account
Do you support countries other than mine?,Account
Do you support all countries?,Account
Can you tell me the countries you provide support for.,Account
"I live in the EU, can I get one of your cards?",Account
Can an American resident apply to get a card?,Account
What countries can I use the card in?,Account
I need a new card and I live in the United States.,Account
What are the countries you support.,Account
Which countries are you in?,Account
Where in the European Union can I get a card?,Account
I am in the EU. Can I get one of your cards?,Account
I live in the UK. Can I get a card?,Account
"I need to get a card, but I live in the US.",Account
I am not in the UK can i get a card?,Account
Which countries do you currently support?,Account
Is it possible to get one the your cards in the EU?,Account
"I want a card, but I'm not in the UK- can I get one still?",Account
Are your cards available in the EU?,Account
I'm in the EU. Can I get one of your cards?,Account
Is this card available to United States Residents?,Account
can I use it all over the world?,Account
Do you work in Greece?,Account
What countries do your accounts support?,Account
I live in the US and I would like to get a card. How do I go about getting one?,Account
I just moved to the US how do I get a card?,Account
You provide support in what countries?,Account
What countries are you supporting?,Account
What countries are getting support?,Account
Are cards available in the EU?,Account
Which countries are represented?,Account
